DateKey,WarehouseID,SKUID,StockOnHand
20250105,1,1,170
20250112,1,1,131
20250119,1,1,131
20250126,1,1,134
20250202,1,1,116
20250209,1,1,93
20250216,1,1,59
20250223,1,1,65
20250302,1,1,57
20250309,1,1,33
20250316,1,1,30
20250323,1,1,310
20250330,1,1,305
20250406,1,1,303
20250413,1,1,281
20250420,1,1,275
20250427,1,1,249
20250504,1,1,255
20250511,1,1,260
20250518,1,1,242
20250525,1,1,212
20250601,1,1,199
20250608,1,1,196
20250615,1,1,157
20250622,1,1,128
20250629,1,1,102
20250706,1,1,83
20250713,1,1,85
20250720,1,1,96
20250727,1,1,76
20250803,1,1,59
20250810,1,1,35
20250817,1,1,41
20250824,1,1,146
20250831,1,1,115
20250907,1,1,99
20250914,1,1,61
20250921,1,1,36
20250928,1,1,49
20251005,1,1,229
20251012,1,1,190
20251019,1,1,176
20251026,1,1,179
20251102,1,1,160
20251109,1,1,162
20251116,1,1,159
20251123,1,1,134
20251130,1,1,94
20251207,1,1,92
20251214,1,1,106
20251221,1,1,71
20251228,1,1,63
20260104,1,1,41
20260111,1,1,279
20260118,1,1,257
20260125,1,1,233
20260201,1,1,245
20260208,1,1,215
20260215,1,1,213
20260222,1,1,190
20260301,1,1,199
20260308,1,1,206
20260315,1,1,206
20260322,1,1,210
20260329,1,1,179
20260405,1,1,144
20260412,1,1,127
20260419,1,1,101
20260426,1,1,104
20260503,1,1,79
20260510,1,1,51
20260517,1,1,45
20260524,1,1,188
20260531,1,1,157
20260607,1,1,165
20260614,1,1,153
20260621,1,1,156
20260628,1,1,162
20260705,1,1,145
20260712,1,1,138
20260719,1,1,125
20260726,1,1,108
20260802,1,1,88
20260809,1,1,84
20260816,1,1,48
20260823,1,1,42
20250105,1,2,390
20250112,1,2,373
20250119,1,2,366
20250126,1,2,357
20250202,1,2,345
20250209,1,2,322
20250216,1,2,296
20250223,1,2,309
20250302,1,2,295
20250309,1,2,258
20250316,1,2,221
20250323,1,2,221
20250330,1,2,226
20250406,1,2,191
20250413,1,2,157
20250420,1,2,130
20250427,1,2,142
20250504,1,2,136
20250511,1,2,134
20250518,1,2,116
20250525,1,2,95
20250601,1,2,109
20250608,1,2,109
20250615,1,2,110
20250622,1,2,99
20250629,1,2,91
20250706,1,2,103
20250713,1,2,110
20250720,1,2,104
20250727,1,2,78
20250803,1,2,90
20250810,1,2,75
20250817,1,2,58
20250824,1,2,35
20250831,1,2,46
20250907,1,2,294
20250914,1,2,280
20250921,1,2,257
20250928,1,2,253
20251005,1,2,243
20251012,1,2,224
20251019,1,2,215
20251026,1,2,205
20251102,1,2,191
20251109,1,2,171
20251116,1,2,179
20251123,1,2,187
20251130,1,2,175
20251207,1,2,143
20251214,1,2,153
20251221,1,2,159
20251228,1,2,167
20260104,1,2,143
20260111,1,2,150
20260118,1,2,163
20260125,1,2,160
20260201,1,2,134
20260208,1,2,133
20260215,1,2,115
20260222,1,2,121
20260301,1,2,128
20260308,1,2,114
20260315,1,2,105
20260322,1,2,104
20260329,1,2,100
20260405,1,2,88
20260412,1,2,55
20260419,1,2,34
20260426,1,2,108
20260503,1,2,116
20260510,1,2,90
20260517,1,2,101
20260524,1,2,108
20260531,1,2,101
20260607,1,2,85
20260614,1,2,74
20260621,1,2,77
20260628,1,2,88
20260705,1,2,55
20260712,1,2,64
20260719,1,2,69
20260726,1,2,40
20260802,1,2,44
20260809,1,2,58
20260816,1,2,38
20260823,1,2,326
20250105,1,3,105
20250112,1,3,83
20250119,1,3,76
20250126,1,3,60
20250202,1,3,47
20250209,1,3,189
20250216,1,3,168
20250223,1,3,159
20250302,1,3,133
20250309,1,3,147
20250316,1,3,153
20250323,1,3,164
20250330,1,3,156
20250406,1,3,120
20250413,1,3,97
20250420,1,3,87
20250427,1,3,53
20250504,1,3,41
20250511,1,3,195
20250518,1,3,193
20250525,1,3,201
20250601,1,3,180
20250608,1,3,194
20250615,1,3,193
20250622,1,3,171
20250629,1,3,146
20250706,1,3,115
20250713,1,3,130
20250720,1,3,102
20250727,1,3,99
20250803,1,3,93
20250810,1,3,89
20250817,1,3,51
20250824,1,3,44
20250831,1,3,239
20250907,1,3,208
20250914,1,3,220
20250921,1,3,201
20250928,1,3,213
20251005,1,3,204
20251012,1,3,215
20251019,1,3,228
20251026,1,3,233
20251102,1,3,210
20251109,1,3,202
20251116,1,3,214
20251123,1,3,183
20251130,1,3,152
20251207,1,3,144
20251214,1,3,115
20251221,1,3,79
20251228,1,3,72
20260104,1,3,73
20260111,1,3,57
20260118,1,3,60
20260125,1,3,60
20260201,1,3,53
20260208,1,3,58
20260215,1,3,162
20260222,1,3,157
20260301,1,3,130
20260308,1,3,97
20260315,1,3,66
20260322,1,3,71
20260329,1,3,81
20260405,1,3,58
20260412,1,3,306
20260419,1,3,304
20260426,1,3,267
20260503,1,3,234
20260510,1,3,234
20260517,1,3,215
20260524,1,3,219
20260531,1,3,213
20260607,1,3,185
20260614,1,3,198
20260621,1,3,192
20260628,1,3,158
20260705,1,3,139
20260712,1,3,113
20260719,1,3,110
20260726,1,3,82
20260802,1,3,93
20260809,1,3,103
20260816,1,3,82
20260823,1,3,68
20250105,1,4,220
20250112,1,4,222
20250119,1,4,216
20250126,1,4,191
20250202,1,4,156
20250209,1,4,155
20250216,1,4,132
20250223,1,4,122
20250302,1,4,102
20250309,1,4,92
20250316,1,4,97
20250323,1,4,107
20250330,1,4,97
20250406,1,4,112
20250413,1,4,104
20250420,1,4,106
20250427,1,4,114
20250504,1,4,95
20250511,1,4,59
20250518,1,4,32
20250525,1,4,117
20250601,1,4,91
20250608,1,4,100
20250615,1,4,97
20250622,1,4,101
20250629,1,4,93
20250706,1,4,72
20250713,1,4,33
20250720,1,4,290
20250727,1,4,300
20250803,1,4,267
20250810,1,4,231
20250817,1,4,227
20250824,1,4,239
20250831,1,4,245
20250907,1,4,235
20250914,1,4,235
20250921,1,4,225
20250928,1,4,191
20251005,1,4,175
20251012,1,4,170
20251019,1,4,180
20251026,1,4,143
20251102,1,4,104
20251109,1,4,90
20251116,1,4,93
20251123,1,4,72
20251130,1,4,41
20251207,1,4,143
20251214,1,4,104
20251221,1,4,69
20251228,1,4,37
20260104,1,4,292
20260111,1,4,254
20260118,1,4,237
20260125,1,4,219
20260201,1,4,180
20260208,1,4,164
20260215,1,4,126
20260222,1,4,90
20260301,1,4,91
20260308,1,4,100
20260315,1,4,84
20260322,1,4,64
20260329,1,4,50
20260405,1,4,51
20260412,1,4,157
20260419,1,4,147
20260426,1,4,110
20260503,1,4,93
20260510,1,4,101
20260517,1,4,106
20260524,1,4,98
20260531,1,4,107
20260607,1,4,85
20260614,1,4,51
20260621,1,4,31
20260628,1,4,37
20260705,1,4,47
20260712,1,4,206
20260719,1,4,206
20260726,1,4,201
20260802,1,4,205
20260809,1,4,198
20260816,1,4,195
20260823,1,4,187
20250105,1,5,409
20250112,1,5,417
20250119,1,5,413
20250126,1,5,410
20250202,1,5,413
20250209,1,5,385
20250216,1,5,356
20250223,1,5,333
20250302,1,5,315
20250309,1,5,300
20250316,1,5,297
20250323,1,5,305
20250330,1,5,300
20250406,1,5,277
20250413,1,5,237
20250420,1,5,217
20250427,1,5,178
20250504,1,5,155
20250511,1,5,141
20250518,1,5,138
20250525,1,5,116
20250601,1,5,95
20250608,1,5,99
20250615,1,5,73
20250622,1,5,53
20250629,1,5,55
20250706,1,5,58
20250713,1,5,47
20250720,1,5,292
20250727,1,5,292
20250803,1,5,272
20250810,1,5,284
20250817,1,5,268
20250824,1,5,282
20250831,1,5,268
20250907,1,5,268
20250914,1,5,273
20250921,1,5,239
20250928,1,5,223
20251005,1,5,218
20251012,1,5,214
20251019,1,5,194
20251026,1,5,178
20251102,1,5,164
20251109,1,5,155
20251116,1,5,116
20251123,1,5,109
20251130,1,5,77
20251207,1,5,71
20251214,1,5,64
20251221,1,5,32
20251228,1,5,108
20260104,1,5,88
20260111,1,5,49
20260118,1,5,239
20260125,1,5,212
20260201,1,5,197
20260208,1,5,203
20260215,1,5,210
20260222,1,5,223
20260301,1,5,185
20260308,1,5,195
20260315,1,5,177
20260322,1,5,182
20260329,1,5,177
20260405,1,5,169
20260412,1,5,180
20260419,1,5,166
20260426,1,5,146
20260503,1,5,133
20260510,1,5,142
20260517,1,5,111
20260524,1,5,102
20260531,1,5,86
20260607,1,5,76
20260614,1,5,90
20260621,1,5,96
20260628,1,5,108
20260705,1,5,68
20260712,1,5,60
20260719,1,5,209
20260726,1,5,179
20260802,1,5,184
20260809,1,5,186
20260816,1,5,150
20260823,1,5,114
20250105,1,6,171
20250112,1,6,162
20250119,1,6,137
20250126,1,6,105
20250202,1,6,83
20250209,1,6,89
20250216,1,6,90
20250223,1,6,87
20250302,1,6,75
20250309,1,6,89
20250316,1,6,100
20250323,1,6,79
20250330,1,6,60
20250406,1,6,196
20250413,1,6,179
20250420,1,6,188
20250427,1,6,156
20250504,1,6,156
20250511,1,6,168
20250518,1,6,152
20250525,1,6,132
20250601,1,6,124
20250608,1,6,133
20250615,1,6,96
20250622,1,6,67
20250629,1,6,64
20250706,1,6,178
20250713,1,6,151
20250720,1,6,162
20250727,1,6,165
20250803,1,6,133
20250810,1,6,141
20250817,1,6,126
20250824,1,6,120
20250831,1,6,123
20250907,1,6,105
20250914,1,6,94
20250921,1,6,107
20250928,1,6,90
20251005,1,6,85
20251012,1,6,62
20251019,1,6,61
20251026,1,6,49
20251102,1,6,180
20251109,1,6,159
20251116,1,6,136
20251123,1,6,96
20251130,1,6,101
20251207,1,6,76
20251214,1,6,90
20251221,1,6,71
20251228,1,6,80
20260104,1,6,91
20260111,1,6,62
20260118,1,6,61
20260125,1,6,41
20260201,1,6,35
20260208,1,6,33
20260215,1,6,38
20260222,1,6,248
20260301,1,6,225
20260308,1,6,232
20260315,1,6,213
20260322,1,6,204
20260329,1,6,165
20260405,1,6,179
20260412,1,6,189
20260419,1,6,201
20260426,1,6,196
20260503,1,6,179
20260510,1,6,152
20260517,1,6,124
20260524,1,6,86
20260531,1,6,53
20260607,1,6,47
20260614,1,6,258
20260621,1,6,241
20260628,1,6,242
20260705,1,6,242
20260712,1,6,246
20260719,1,6,242
20260726,1,6,222
20260802,1,6,216
20260809,1,6,202
20260816,1,6,194
20260823,1,6,190
20250105,1,7,351
20250112,1,7,348
20250119,1,7,340
20250126,1,7,316
20250202,1,7,307
20250209,1,7,318
20250216,1,7,288
20250223,1,7,261
20250302,1,7,223
20250309,1,7,183
20250316,1,7,179
20250323,1,7,187
20250330,1,7,202
20250406,1,7,205
20250413,1,7,200
20250420,1,7,184
20250427,1,7,188
20250504,1,7,194
20250511,1,7,184
20250518,1,7,191
20250525,1,7,177
20250601,1,7,190
20250608,1,7,182
20250615,1,7,194
20250622,1,7,197
20250629,1,7,207
20250706,1,7,193
20250713,1,7,192
20250720,1,7,159
20250727,1,7,122
20250803,1,7,91
20250810,1,7,81
20250817,1,7,95
20250824,1,7,72
20250831,1,7,51
20250907,1,7,210
20250914,1,7,192
20250921,1,7,201
20250928,1,7,162
20251005,1,7,135
20251012,1,7,110
20251019,1,7,119
20251026,1,7,91
20251102,1,7,82
20251109,1,7,64
20251116,1,7,200
20251123,1,7,181
20251130,1,7,153
20251207,1,7,159
20251214,1,7,160
20251221,1,7,172
20251228,1,7,137
20260104,1,7,150
20260111,1,7,160
20260118,1,7,135
20260125,1,7,125
20260201,1,7,133
20260208,1,7,98
20260215,1,7,77
20260222,1,7,55
20260301,1,7,226
20260308,1,7,219
20260315,1,7,195
20260322,1,7,155
20260329,1,7,124
20260405,1,7,113
20260412,1,7,105
20260419,1,7,91
20260426,1,7,86
20260503,1,7,51
20260510,1,7,318
20260517,1,7,302
20260524,1,7,311
20260531,1,7,325
20260607,1,7,336
20260614,1,7,312
20260621,1,7,308
20260628,1,7,269
20260705,1,7,280
20260712,1,7,289
20260719,1,7,274
20260726,1,7,260
20260802,1,7,221
20260809,1,7,196
20260816,1,7,160
20260823,1,7,164
20250105,1,8,283
20250112,1,8,251
20250119,1,8,266
20250126,1,8,240
20250202,1,8,242
20250209,1,8,246
20250216,1,8,224
20250223,1,8,194
20250302,1,8,184
20250309,1,8,174
20250316,1,8,184
20250323,1,8,173
20250330,1,8,177
20250406,1,8,152
20250413,1,8,125
20250420,1,8,115
20250427,1,8,111
20250504,1,8,80
20250511,1,8,49
20250518,1,8,156
20250525,1,8,136
20250601,1,8,101
20250608,1,8,110
20250615,1,8,80
20250622,1,8,74
20250629,1,8,57
20250706,1,8,66
20250713,1,8,42
20250720,1,8,57
20250727,1,8,40
20250803,1,8,38
20250810,1,8,48
20250817,1,8,50
20250824,1,8,54
20250831,1,8,36
20250907,1,8,124
20250914,1,8,117
20250921,1,8,126
20250928,1,8,123
20251005,1,8,135
20251012,1,8,104
20251019,1,8,114
20251026,1,8,119
20251102,1,8,133
20251109,1,8,122
20251116,1,8,93
20251123,1,8,59
20251130,1,8,59
20251207,1,8,248
20251214,1,8,216
20251221,1,8,189
20251228,1,8,155
20260104,1,8,168
20260111,1,8,167
20260118,1,8,166
20260125,1,8,146
20260201,1,8,158
20260208,1,8,157
20260215,1,8,135
20260222,1,8,132
20260301,1,8,142
20260308,1,8,129
20260315,1,8,126
20260322,1,8,126
20260329,1,8,86
20260405,1,8,84
20260412,1,8,84
20260419,1,8,59
20260426,1,8,125
20260503,1,8,127
20260510,1,8,98
20260517,1,8,69
20260524,1,8,83
20260531,1,8,87
20260607,1,8,92
20260614,1,8,97
20260621,1,8,96
20260628,1,8,59
20260705,1,8,66
20260712,1,8,66
20260719,1,8,63
20260726,1,8,71
20260802,1,8,76
20260809,1,8,72
20260816,1,8,63
20260823,1,8,75
20250105,1,9,330
20250112,1,9,326
20250119,1,9,325
20250126,1,9,287
20250202,1,9,249
20250209,1,9,210
20250216,1,9,201
20250223,1,9,178
20250302,1,9,176
20250309,1,9,148
20250316,1,9,155
20250323,1,9,115
20250330,1,9,111
20250406,1,9,117
20250413,1,9,92
20250420,1,9,71
20250427,1,9,49
20250504,1,9,186
20250511,1,9,173
20250518,1,9,145
20250525,1,9,115
20250601,1,9,90
20250608,1,9,68
20250615,1,9,70
20250622,1,9,50
20250629,1,9,56
20250706,1,9,48
20250713,1,9,144
20250720,1,9,134
20250727,1,9,96
20250803,1,9,91
20250810,1,9,56
20250817,1,9,68
20250824,1,9,41
20250831,1,9,49
20250907,1,9,56
20250914,1,9,257
20250921,1,9,223
20250928,1,9,204
20251005,1,9,192
20251012,1,9,202
20251019,1,9,169
20251026,1,9,163
20251102,1,9,147
20251109,1,9,114
20251116,1,9,77
20251123,1,9,84
20251130,1,9,81
20251207,1,9,94
20251214,1,9,79
20251221,1,9,86
20251228,1,9,95
20260104,1,9,67
20260111,1,9,45
20260118,1,9,286
20260125,1,9,300
20260201,1,9,315
20260208,1,9,308
20260215,1,9,291
20260222,1,9,256
20260301,1,9,265
20260308,1,9,251
20260315,1,9,251
20260322,1,9,216
20260329,1,9,187
20260405,1,9,197
20260412,1,9,181
20260419,1,9,179
20260426,1,9,176
20260503,1,9,190
20260510,1,9,185
20260517,1,9,186
20260524,1,9,183
20260531,1,9,191
20260607,1,9,181
20260614,1,9,156
20260621,1,9,127
20260628,1,9,141
20260705,1,9,130
20260712,1,9,119
20260719,1,9,106
20260726,1,9,102
20260802,1,9,87
20260809,1,9,91
20260816,1,9,65
20260823,1,9,37
20250105,1,10,481
20250112,1,10,469
20250119,1,10,483
20250126,1,10,482
20250202,1,10,463
20250209,1,10,469
20250216,1,10,441
20250223,1,10,419
20250302,1,10,381
20250309,1,10,365
20250316,1,10,349
20250323,1,10,359
20250330,1,10,354
20250406,1,10,321
20250413,1,10,305
20250420,1,10,281
20250427,1,10,276
20250504,1,10,283
20250511,1,10,261
20250518,1,10,254
20250525,1,10,221
20250601,1,10,212
20250608,1,10,187
20250615,1,10,151
20250622,1,10,134
20250629,1,10,128
20250706,1,10,108
20250713,1,10,117
20250720,1,10,85
20250727,1,10,66
20250803,1,10,36
20250810,1,10,242
20250817,1,10,232
20250824,1,10,235
20250831,1,10,218
20250907,1,10,222
20250914,1,10,220
20250921,1,10,192
20250928,1,10,194
20251005,1,10,191
20251012,1,10,197
20251019,1,10,163
20251026,1,10,126
20251102,1,10,95
20251109,1,10,99
20251116,1,10,99
20251123,1,10,108
20251130,1,10,120
20251207,1,10,119
20251214,1,10,83
20251221,1,10,51
20251228,1,10,166
20260104,1,10,167
20260111,1,10,180
20260118,1,10,170
20260125,1,10,169
20260201,1,10,152
20260208,1,10,113
20260215,1,10,113
20260222,1,10,91
20260301,1,10,82
20260308,1,10,73
20260315,1,10,43
20260322,1,10,52
20260329,1,10,51
20260405,1,10,55
20260412,1,10,123
20260419,1,10,120
20260426,1,10,103
20260503,1,10,101
20260510,1,10,88
20260517,1,10,70
20260524,1,10,85
20260531,1,10,72
20260607,1,10,62
20260614,1,10,165
20260621,1,10,137
20260628,1,10,140
20260705,1,10,138
20260712,1,10,120
20260719,1,10,131
20260726,1,10,119
20260802,1,10,101
20260809,1,10,80
20260816,1,10,95
20260823,1,10,80
20250105,1,11,85
20250112,1,11,92
20250119,1,11,77
20250126,1,11,48
20250202,1,11,194
20250209,1,11,188
20250216,1,11,163
20250223,1,11,143
20250302,1,11,140
20250309,1,11,101
20250316,1,11,107
20250323,1,11,86
20250330,1,11,89
20250406,1,11,51
20250413,1,11,57
20250420,1,11,34
20250427,1,11,191
20250504,1,11,185
20250511,1,11,185
20250518,1,11,148
20250525,1,11,117
20250601,1,11,90
20250608,1,11,104
20250615,1,11,117
20250622,1,11,91
20250629,1,11,89
20250706,1,11,103
20250713,1,11,115
20250720,1,11,99
20250727,1,11,97
20250803,1,11,101
20250810,1,11,78
20250817,1,11,43
20250824,1,11,315
20250831,1,11,278
20250907,1,11,238
20250914,1,11,219
20250921,1,11,227
20250928,1,11,228
20251005,1,11,229
20251012,1,11,217
20251019,1,11,209
20251026,1,11,220
20251102,1,11,211
20251109,1,11,201
20251116,1,11,189
20251123,1,11,174
20251130,1,11,139
20251207,1,11,148
20251214,1,11,154
20251221,1,11,133
20251228,1,11,130
20260104,1,11,133
20260111,1,11,130
20260118,1,11,118
20260125,1,11,82
20260201,1,11,66
20260208,1,11,74
20260215,1,11,54
20260222,1,11,224
20260301,1,11,196
20260308,1,11,160
20260315,1,11,164
20260322,1,11,174
20260329,1,11,178
20260405,1,11,185
20260412,1,11,149
20260419,1,11,129
20260426,1,11,131
20260503,1,11,111
20260510,1,11,93
20260517,1,11,107
20260524,1,11,82
20260531,1,11,45
20260607,1,11,41
20260614,1,11,54
20260621,1,11,33
20260628,1,11,310
20260705,1,11,305
20260712,1,11,268
20260719,1,11,231
20260726,1,11,209
20260802,1,11,171
20260809,1,11,173
20260816,1,11,136
20260823,1,11,113
20250105,1,12,95
20250112,1,12,90
20250119,1,12,94
20250126,1,12,60
20250202,1,12,72
20250209,1,12,74
20250216,1,12,43
20250223,1,12,298
20250302,1,12,259
20250309,1,12,272
20250316,1,12,284
20250323,1,12,298
20250330,1,12,288
20250406,1,12,288
20250413,1,12,281
20250420,1,12,266
20250427,1,12,248
20250504,1,12,228
20250511,1,12,190
20250518,1,12,163
20250525,1,12,142
20250601,1,12,121
20250608,1,12,101
20250615,1,12,73
20250622,1,12,58
20250629,1,12,73
20250706,1,12,56
20250713,1,12,38
20250720,1,12,45
20250727,1,12,307
20250803,1,12,293
20250810,1,12,279
20250817,1,12,259
20250824,1,12,240
20250831,1,12,225
20250907,1,12,194
20250914,1,12,175
20250921,1,12,141
20250928,1,12,123
20251005,1,12,105
20251012,1,12,107
20251019,1,12,119
20251026,1,12,107
20251102,1,12,95
20251109,1,12,83
20251116,1,12,69
20251123,1,12,39
20251130,1,12,254
20251207,1,12,236
20251214,1,12,239
20251221,1,12,215
20251228,1,12,176
20260104,1,12,157
20260111,1,12,149
20260118,1,12,155
20260125,1,12,131
20260201,1,12,141
20260208,1,12,136
20260215,1,12,140
20260222,1,12,137
20260301,1,12,142
20260308,1,12,137
20260315,1,12,101
20260322,1,12,78
20260329,1,12,48
20260405,1,12,48
20260412,1,12,185
20260419,1,12,172
20260426,1,12,176
20260503,1,12,156
20260510,1,12,123
20260517,1,12,90
20260524,1,12,100
20260531,1,12,107
20260607,1,12,102
20260614,1,12,64
20260621,1,12,67
20260628,1,12,58
20260705,1,12,47
20260712,1,12,59
20260719,1,12,216
20260726,1,12,179
20260802,1,12,187
20260809,1,12,200
20260816,1,12,211
20260823,1,12,211
20250105,1,13,497
20250112,1,13,501
20250119,1,13,513
20250126,1,13,492
20250202,1,13,507
20250209,1,13,488
20250216,1,13,501
20250223,1,13,498
20250302,1,13,509
20250309,1,13,503
20250316,1,13,493
20250323,1,13,493
20250330,1,13,497
20250406,1,13,472
20250413,1,13,454
20250420,1,13,466
20250427,1,13,465
20250504,1,13,429
20250511,1,13,394
20250518,1,13,370
20250525,1,13,371
20250601,1,13,374
20250608,1,13,359
20250615,1,13,319
20250622,1,13,280
20250629,1,13,243
20250706,1,13,215
20250713,1,13,199
20250720,1,13,170
20250727,1,13,161
20250803,1,13,128
20250810,1,13,100
20250817,1,13,61
20250824,1,13,54
20250831,1,13,58
20250907,1,13,32
20250914,1,13,38
20250921,1,13,43
20250928,1,13,33
20251005,1,13,296
20251012,1,13,300
20251019,1,13,264
20251026,1,13,275
20251102,1,13,251
20251109,1,13,214
20251116,1,13,217
20251123,1,13,202
20251130,1,13,205
20251207,1,13,176
20251214,1,13,140
20251221,1,13,105
20251228,1,13,75
20260104,1,13,62
20260111,1,13,45
20260118,1,13,263
20260125,1,13,224
20260201,1,13,205
20260208,1,13,194
20260215,1,13,172
20260222,1,13,172
20260301,1,13,156
20260308,1,13,116
20260315,1,13,104
20260322,1,13,65
20260329,1,13,63
20260405,1,13,253
20260412,1,13,223
20260419,1,13,211
20260426,1,13,202
20260503,1,13,168
20260510,1,13,171
20260517,1,13,186
20260524,1,13,177
20260531,1,13,146
20260607,1,13,125
20260614,1,13,96
20260621,1,13,105
20260628,1,13,112
20260705,1,13,107
20260712,1,13,120
20260719,1,13,85
20260726,1,13,82
20260802,1,13,51
20260809,1,13,55
20260816,1,13,68
20260823,1,13,49
20250105,1,14,273
20250112,1,14,249
20250119,1,14,253
20250126,1,14,213
20250202,1,14,197
20250209,1,14,157
20250216,1,14,152
20250223,1,14,148
20250302,1,14,161
20250309,1,14,127
20250316,1,14,100
20250323,1,14,113
20250330,1,14,80
20250406,1,14,74
20250413,1,14,49
20250420,1,14,38
20250427,1,14,182
20250504,1,14,149
20250511,1,14,156
20250518,1,14,128
20250525,1,14,133
20250601,1,14,141
20250608,1,14,112
20250615,1,14,100
20250622,1,14,93
20250629,1,14,105
20250706,1,14,119
20250713,1,14,102
20250720,1,14,70
20250727,1,14,36
20250803,1,14,51
20250810,1,14,51
20250817,1,14,40
20250824,1,14,41
20250831,1,14,117
20250907,1,14,124
20250914,1,14,122
20250921,1,14,108
20250928,1,14,108
20251005,1,14,115
20251012,1,14,115
20251019,1,14,89
20251026,1,14,81
20251102,1,14,70
20251109,1,14,49
20251116,1,14,31
20251123,1,14,140
20251130,1,14,146
20251207,1,14,109
20251214,1,14,123
20251221,1,14,112
20251228,1,14,88
20260104,1,14,77
20260111,1,14,80
20260118,1,14,59
20260125,1,14,316
20260201,1,14,290
20260208,1,14,278
20260215,1,14,292
20260222,1,14,282
20260301,1,14,278
20260308,1,14,263
20260315,1,14,251
20260322,1,14,237
20260329,1,14,224
20260405,1,14,214
20260412,1,14,183
20260419,1,14,174
20260426,1,14,148
20260503,1,14,119
20260510,1,14,103
20260517,1,14,87
20260524,1,14,96
20260531,1,14,69
20260607,1,14,37
20260614,1,14,296
20260621,1,14,266
20260628,1,14,280
20260705,1,14,268
20260712,1,14,259
20260719,1,14,234
20260726,1,14,212
20260802,1,14,200
20260809,1,14,183
20260816,1,14,177
20260823,1,14,154
20250105,1,15,69
20250112,1,15,55
20250119,1,15,164
20250126,1,15,155
20250202,1,15,142
20250209,1,15,107
20250216,1,15,97
20250223,1,15,98
20250302,1,15,63
20250309,1,15,225
20250316,1,15,205
20250323,1,15,207
20250330,1,15,191
20250406,1,15,181
20250413,1,15,189
20250420,1,15,168
20250427,1,15,163
20250504,1,15,163
20250511,1,15,140
20250518,1,15,122
20250525,1,15,83
20250601,1,15,45
20250608,1,15,33
20250615,1,15,158
20250622,1,15,140
20250629,1,15,131
20250706,1,15,144
20250713,1,15,131
20250720,1,15,126
20250727,1,15,88
20250803,1,15,98
20250810,1,15,99
20250817,1,15,110
20250824,1,15,99
20250831,1,15,75
20250907,1,15,82
20250914,1,15,75
20250921,1,15,71
20250928,1,15,35
20251005,1,15,108
20251012,1,15,76
20251019,1,15,51
20251026,1,15,36
20251102,1,15,31
20251109,1,15,277
20251116,1,15,282
20251123,1,15,276
20251130,1,15,260
20251207,1,15,255
20251214,1,15,241
20251221,1,15,209
20251228,1,15,207
20260104,1,15,204
20260111,1,15,195
20260118,1,15,206
20260125,1,15,191
20260201,1,15,156
20260208,1,15,171
20260215,1,15,152
20260222,1,15,140
20260301,1,15,118
20260308,1,15,120
20260315,1,15,124
20260322,1,15,139
20260329,1,15,113
20260405,1,15,125
20260412,1,15,105
20260419,1,15,91
20260426,1,15,59
20260503,1,15,38
20260510,1,15,265
20260517,1,15,264
20260524,1,15,266
20260531,1,15,228
20260607,1,15,188
20260614,1,15,192
20260621,1,15,174
20260628,1,15,144
20260705,1,15,155
20260712,1,15,122
20260719,1,15,84
20260726,1,15,86
20260802,1,15,97
20260809,1,15,76
20260816,1,15,87
20260823,1,15,91
20250105,1,16,188
20250112,1,16,173
20250119,1,16,188
20250126,1,16,178
20250202,1,16,184
20250209,1,16,188
20250216,1,16,164
20250223,1,16,145
20250302,1,16,139
20250309,1,16,151
20250316,1,16,164
20250323,1,16,179
20250330,1,16,147
20250406,1,16,136
20250413,1,16,113
20250420,1,16,83
20250427,1,16,82
20250504,1,16,59
20250511,1,16,74
20250518,1,16,57
20250525,1,16,47
20250601,1,16,315
20250608,1,16,322
20250615,1,16,328
20250622,1,16,326
20250629,1,16,297
20250706,1,16,287
20250713,1,16,269
20250720,1,16,282
20250727,1,16,275
20250803,1,16,282
20250810,1,16,284
20250817,1,16,254
20250824,1,16,260
20250831,1,16,220
20250907,1,16,189
20250914,1,16,167
20250921,1,16,134
20250928,1,16,95
20251005,1,16,58
20251012,1,16,68
20251019,1,16,70
20251026,1,16,55
20251102,1,16,30
20251109,1,16,42
20251116,1,16,51
20251123,1,16,31
20251130,1,16,44
20251207,1,16,45
20251214,1,16,58
20251221,1,16,203
20251228,1,16,182
20260104,1,16,174
20260111,1,16,143
20260118,1,16,149
20260125,1,16,160
20260201,1,16,161
20260208,1,16,161
20260215,1,16,151
20260222,1,16,161
20260301,1,16,135
20260308,1,16,145
20260315,1,16,134
20260322,1,16,101
20260329,1,16,61
20260405,1,16,76
20260412,1,16,58
20260419,1,16,69
20260426,1,16,74
20260503,1,16,83
20260510,1,16,95
20260517,1,16,64
20260524,1,16,59
20260531,1,16,34
20260607,1,16,199
20260614,1,16,188
20260621,1,16,171
20260628,1,16,138
20260705,1,16,129
20260712,1,16,134
20260719,1,16,121
20260726,1,16,127
20260802,1,16,125
20260809,1,16,104
20260816,1,16,70
20260823,1,16,59
20250105,1,17,327
20250112,1,17,292
20250119,1,17,293
20250126,1,17,296
20250202,1,17,280
20250209,1,17,261
20250216,1,17,242
20250223,1,17,247
20250302,1,17,223
20250309,1,17,211
20250316,1,17,183
20250323,1,17,160
20250330,1,17,142
20250406,1,17,153
20250413,1,17,164
20250420,1,17,144
20250427,1,17,149
20250504,1,17,119
20250511,1,17,114
20250518,1,17,95
20250525,1,17,95
20250601,1,17,67
20250608,1,17,79
20250615,1,17,52
20250622,1,17,64
20250629,1,17,49
20250706,1,17,46
20250713,1,17,60
20250720,1,17,75
20250727,1,17,47
20250803,1,17,58
20250810,1,17,60
20250817,1,17,36
20250824,1,17,39
20250831,1,17,235
20250907,1,17,213
20250914,1,17,203
20250921,1,17,163
20250928,1,17,149
20251005,1,17,135
20251012,1,17,108
20251019,1,17,87
20251026,1,17,84
20251102,1,17,78
20251109,1,17,55
20251116,1,17,49
20251123,1,17,31
20251130,1,17,211
20251207,1,17,184
20251214,1,17,178
20251221,1,17,139
20251228,1,17,116
20260104,1,17,77
20260111,1,17,65
20260118,1,17,67
20260125,1,17,76
20260201,1,17,76
20260208,1,17,38
20260215,1,17,304
20260222,1,17,312
20260301,1,17,320
20260308,1,17,329
20260315,1,17,329
20260322,1,17,325
20260329,1,17,300
20260405,1,17,286
20260412,1,17,282
20260419,1,17,265
20260426,1,17,235
20260503,1,17,246
20260510,1,17,223
20260517,1,17,192
20260524,1,17,171
20260531,1,17,185
20260607,1,17,151
20260614,1,17,156
20260621,1,17,122
20260628,1,17,97
20260705,1,17,64
20260712,1,17,49
20260719,1,17,54
20260726,1,17,280
20260802,1,17,262
20260809,1,17,277
20260816,1,17,248
20260823,1,17,246
20250105,1,18,360
20250112,1,18,335
20250119,1,18,319
20250126,1,18,289
20250202,1,18,300
20250209,1,18,281
20250216,1,18,288
20250223,1,18,249
20250302,1,18,235
20250309,1,18,225
20250316,1,18,212
20250323,1,18,192
20250330,1,18,175
20250406,1,18,138
20250413,1,18,111
20250420,1,18,123
20250427,1,18,98
20250504,1,18,76
20250511,1,18,62
20250518,1,18,65
20250525,1,18,64
20250601,1,18,40
20250608,1,18,33
20250615,1,18,242
20250622,1,18,215
20250629,1,18,220
20250706,1,18,230
20250713,1,18,233
20250720,1,18,245
20250727,1,18,225
20250803,1,18,193
20250810,1,18,178
20250817,1,18,178
20250824,1,18,169
20250831,1,18,175
20250907,1,18,168
20250914,1,18,177
20250921,1,18,190
20250928,1,18,152
20251005,1,18,156
20251012,1,18,116
20251019,1,18,85
20251026,1,18,46
20251102,1,18,33
20251109,1,18,135
20251116,1,18,132
20251123,1,18,93
20251130,1,18,104
20251207,1,18,69
20251214,1,18,49
20251221,1,18,43
20251228,1,18,45
20260104,1,18,38
20260111,1,18,256
20260118,1,18,266
20260125,1,18,269
20260201,1,18,229
20260208,1,18,203
20260215,1,18,194
20260222,1,18,173
20260301,1,18,171
20260308,1,18,147
20260315,1,18,110
20260322,1,18,113
20260329,1,18,128
20260405,1,18,91
20260412,1,18,86
20260419,1,18,96
20260426,1,18,67
20260503,1,18,32
20260510,1,18,46
20260517,1,18,154
20260524,1,18,124
20260531,1,18,134
20260607,1,18,149
20260614,1,18,163
20260621,1,18,154
20260628,1,18,123
20260705,1,18,106
20260712,1,18,75
20260719,1,18,57
20260726,1,18,32
20260802,1,18,275
20260809,1,18,261
20260816,1,18,252
20260823,1,18,225
20250105,1,19,392
20250112,1,19,387
20250119,1,19,398
20250126,1,19,376
20250202,1,19,391
20250209,1,19,371
20250216,1,19,352
20250223,1,19,364
20250302,1,19,361
20250309,1,19,322
20250316,1,19,302
20250323,1,19,294
20250330,1,19,264
20250406,1,19,260
20250413,1,19,230
20250420,1,19,209
20250427,1,19,174
20250504,1,19,180
20250511,1,19,171
20250518,1,19,181
20250525,1,19,168
20250601,1,19,168
20250608,1,19,145
20250615,1,19,122
20250622,1,19,91
20250629,1,19,95
20250706,1,19,74
20250713,1,19,82
20250720,1,19,58
20250727,1,19,39
20250803,1,19,50
20250810,1,19,32
20250817,1,19,158
20250824,1,19,118
20250831,1,19,90
20250907,1,19,70
20250914,1,19,64
20250921,1,19,56
20250928,1,19,43
20251005,1,19,134
20251012,1,19,117
20251019,1,19,80
20251026,1,19,64
20251102,1,19,33
20251109,1,19,224
20251116,1,19,208
20251123,1,19,208
20251130,1,19,181
20251207,1,19,174
20251214,1,19,185
20251221,1,19,154
20251228,1,19,159
20260104,1,19,143
20260111,1,19,110
20260118,1,19,77
20260125,1,19,66
20260201,1,19,77
20260208,1,19,79
20260215,1,19,87
20260222,1,19,55
20260301,1,19,60
20260308,1,19,67
20260315,1,19,35
20260322,1,19,226
20260329,1,19,221
20260405,1,19,224
20260412,1,19,208
20260419,1,19,209
20260426,1,19,184
20260503,1,19,151
20260510,1,19,118
20260517,1,19,92
20260524,1,19,94
20260531,1,19,101
20260607,1,19,64
20260614,1,19,157
20260621,1,19,125
20260628,1,19,112
20260705,1,19,75
20260712,1,19,47
20260719,1,19,162
20260726,1,19,124
20260802,1,19,109
20260809,1,19,81
20260816,1,19,75
20260823,1,19,90
20250105,1,20,290
20250112,1,20,297
20250119,1,20,299
20250126,1,20,306
20250202,1,20,306
20250209,1,20,313
20250216,1,20,286
20250223,1,20,277
20250302,1,20,245
20250309,1,20,208
20250316,1,20,190
20250323,1,20,176
20250330,1,20,183
20250406,1,20,162
20250413,1,20,165
20250420,1,20,156
20250427,1,20,138
20250504,1,20,135
20250511,1,20,106
20250518,1,20,78
20250525,1,20,84
20250601,1,20,92
20250608,1,20,58
20250615,1,20,57
20250622,1,20,44
20250629,1,20,110
20250706,1,20,110
20250713,1,20,99
20250720,1,20,85
20250727,1,20,97
20250803,1,20,107
20250810,1,20,102
20250817,1,20,62
20250824,1,20,70
20250831,1,20,75
20250907,1,20,40
20250914,1,20,156
20250921,1,20,137
20250928,1,20,119
20251005,1,20,117
20251012,1,20,88
20251019,1,20,74
20251026,1,20,36
20251102,1,20,140
20251109,1,20,107
20251116,1,20,81
20251123,1,20,71
20251130,1,20,45
20251207,1,20,228
20251214,1,20,216
20251221,1,20,178
20251228,1,20,142
20260104,1,20,122
20260111,1,20,111
20260118,1,20,101
20260125,1,20,113
20260201,1,20,81
20260208,1,20,81
20260215,1,20,75
20260222,1,20,81
20260301,1,20,87
20260308,1,20,99
20260315,1,20,70
20260322,1,20,60
20260329,1,20,154
20260405,1,20,115
20260412,1,20,121
20260419,1,20,129
20260426,1,20,108
20260503,1,20,123
20260510,1,20,134
20260517,1,20,130
20260524,1,20,100
20260531,1,20,63
20260607,1,20,57
20260614,1,20,56
20260621,1,20,49
20260628,1,20,36
20260705,1,20,187
20260712,1,20,185
20260719,1,20,165
20260726,1,20,177
20260802,1,20,186
20260809,1,20,151
20260816,1,20,139
20260823,1,20,103
20250105,1,21,392
20250112,1,21,397
20250119,1,21,385
20250126,1,21,352
20250202,1,21,355
20250209,1,21,368
20250216,1,21,360
20250223,1,21,325
20250302,1,21,325
20250309,1,21,312
20250316,1,21,291
20250323,1,21,299
20250330,1,21,274
20250406,1,21,255
20250413,1,21,250
20250420,1,21,245
20250427,1,21,242
20250504,1,21,208
20250511,1,21,220
20250518,1,21,187
20250525,1,21,178
20250601,1,21,158
20250608,1,21,158
20250615,1,21,168
20250622,1,21,160
20250629,1,21,122
20250706,1,21,93
20250713,1,21,103
20250720,1,21,92
20250727,1,21,71
20250803,1,21,85
20250810,1,21,61
20250817,1,21,47
20250824,1,21,42
20250831,1,21,36
20250907,1,21,114
20250914,1,21,118
20250921,1,21,98
20250928,1,21,95
20251005,1,21,58
20251012,1,21,49
20251019,1,21,44
20251026,1,21,56
20251102,1,21,309
20251109,1,21,280
20251116,1,21,280
20251123,1,21,279
20251130,1,21,275
20251207,1,21,272
20251214,1,21,250
20251221,1,21,224
20251228,1,21,238
20260104,1,21,215
20260111,1,21,214
20260118,1,21,221
20260125,1,21,208
20260201,1,21,213
20260208,1,21,194
20260215,1,21,158
20260222,1,21,139
20260301,1,21,132
20260308,1,21,103
20260315,1,21,76
20260322,1,21,64
20260329,1,21,32
20260405,1,21,147
20260412,1,21,120
20260419,1,21,90
20260426,1,21,90
20260503,1,21,78
20260510,1,21,88
20260517,1,21,103
20260524,1,21,68
20260531,1,21,44
20260607,1,21,32
20260614,1,21,254
20260621,1,21,261
20260628,1,21,250
20260705,1,21,240
20260712,1,21,207
20260719,1,21,170
20260726,1,21,182
20260802,1,21,157
20260809,1,21,146
20260816,1,21,126
20260823,1,21,129
20250105,1,22,87
20250112,1,22,90
20250119,1,22,105
20250126,1,22,114
20250202,1,22,100
20250209,1,22,108
20250216,1,22,106
20250223,1,22,105
20250302,1,22,92
20250309,1,22,105
20250316,1,22,112
20250323,1,22,114
20250330,1,22,119
20250406,1,22,85
20250413,1,22,81
20250420,1,22,55
20250427,1,22,65
20250504,1,22,75
20250511,1,22,78
20250518,1,22,73
20250525,1,22,85
20250601,1,22,48
20250608,1,22,37
20250615,1,22,32
20250622,1,22,217
20250629,1,22,193
20250706,1,22,192
20250713,1,22,178
20250720,1,22,178
20250727,1,22,144
20250803,1,22,115
20250810,1,22,110
20250817,1,22,74
20250824,1,22,64
20250831,1,22,56
20250907,1,22,36
20250914,1,22,32
20250921,1,22,210
20250928,1,22,186
20251005,1,22,192
20251012,1,22,165
20251019,1,22,141
20251026,1,22,133
20251102,1,22,137
20251109,1,22,145
20251116,1,22,105
20251123,1,22,104
20251130,1,22,115
20251207,1,22,84
20251214,1,22,95
20251221,1,22,92
20251228,1,22,57
20260104,1,22,62
20260111,1,22,57
20260118,1,22,43
20260125,1,22,212
20260201,1,22,198
20260208,1,22,180
20260215,1,22,158
20260222,1,22,127
20260301,1,22,108
20260308,1,22,77
20260315,1,22,78
20260322,1,22,64
20260329,1,22,56
20260405,1,22,59
20260412,1,22,30
20260419,1,22,44
20260426,1,22,55
20260503,1,22,67
20260510,1,22,165
20260517,1,22,131
20260524,1,22,126
20260531,1,22,113
20260607,1,22,88
20260614,1,22,92
20260621,1,22,53
20260628,1,22,49
20260705,1,22,60
20260712,1,22,57
20260719,1,22,62
20260726,1,22,225
20260802,1,22,208
20260809,1,22,212
20260816,1,22,202
20260823,1,22,186
20250105,1,23,373
20250112,1,23,375
20250119,1,23,345
20250126,1,23,321
20250202,1,23,294
20250209,1,23,258
20250216,1,23,237
20250223,1,23,226
20250302,1,23,238
20250309,1,23,222
20250316,1,23,209
20250323,1,23,200
20250330,1,23,160
20250406,1,23,158
20250413,1,23,143
20250420,1,23,124
20250427,1,23,124
20250504,1,23,121
20250511,1,23,111
20250518,1,23,93
20250525,1,23,88
20250601,1,23,103
20250608,1,23,114
20250615,1,23,126
20250622,1,23,101
20250629,1,23,83
20250706,1,23,76
20250713,1,23,63
20250720,1,23,54
20250727,1,23,44
20250803,1,23,265
20250810,1,23,256
20250817,1,23,231
20250824,1,23,243
20250831,1,23,249
20250907,1,23,209
20250914,1,23,206
20250921,1,23,192
20250928,1,23,170
20251005,1,23,147
20251012,1,23,146
20251019,1,23,112
20251026,1,23,101
20251102,1,23,113
20251109,1,23,80
20251116,1,23,56
20251123,1,23,55
20251130,1,23,39
20251207,1,23,47
20251214,1,23,243
20251221,1,23,223
20251228,1,23,200
20260104,1,23,202
20260111,1,23,165
20260118,1,23,169
20260125,1,23,180
20260201,1,23,184
20260208,1,23,190
20260215,1,23,171
20260222,1,23,184
20260301,1,23,162
20260308,1,23,149
20260315,1,23,146
20260322,1,23,112
20260329,1,23,77
20260405,1,23,83
20260412,1,23,88
20260419,1,23,81
20260426,1,23,75
20260503,1,23,49
20260510,1,23,52
20260517,1,23,64
20260524,1,23,75
20260531,1,23,45
20260607,1,23,46
20260614,1,23,294
20260621,1,23,283
20260628,1,23,264
20260705,1,23,240
20260712,1,23,249
20260719,1,23,227
20260726,1,23,220
20260802,1,23,197
20260809,1,23,160
20260816,1,23,167
20260823,1,23,147
20250105,1,24,302
20250112,1,24,282
20250119,1,24,265
20250126,1,24,266
20250202,1,24,257
20250209,1,24,267
20250216,1,24,250
20250223,1,24,223
20250302,1,24,235
20250309,1,24,206
20250316,1,24,197
20250323,1,24,165
20250330,1,24,145
20250406,1,24,140
20250413,1,24,131
20250420,1,24,139
20250427,1,24,135
20250504,1,24,118
20250511,1,24,108
20250518,1,24,122
20250525,1,24,121
20250601,1,24,126
20250608,1,24,95
20250615,1,24,56
20250622,1,24,33
20250629,1,24,157
20250706,1,24,126
20250713,1,24,137
20250720,1,24,107
20250727,1,24,97
20250803,1,24,97
20250810,1,24,104
20250817,1,24,93
20250824,1,24,101
20250831,1,24,100
20250907,1,24,77
20250914,1,24,69
20250921,1,24,58
20250928,1,24,38
20251005,1,24,34
20251012,1,24,283
20251019,1,24,260
20251026,1,24,239
20251102,1,24,209
20251109,1,24,221
20251116,1,24,223
20251123,1,24,226
20251130,1,24,212
20251207,1,24,197
20251214,1,24,200
20251221,1,24,208
20251228,1,24,219
20260104,1,24,232
20260111,1,24,243
20260118,1,24,220
20260125,1,24,229
20260201,1,24,199
20260208,1,24,179
20260215,1,24,147
20260222,1,24,114
20260301,1,24,127
20260308,1,24,135
20260315,1,24,112
20260322,1,24,94
20260329,1,24,102
20260405,1,24,103
20260412,1,24,80
20260419,1,24,44
20260426,1,24,262
20260503,1,24,270
20260510,1,24,274
20260517,1,24,251
20260524,1,24,246
20260531,1,24,242
20260607,1,24,226
20260614,1,24,235
20260621,1,24,228
20260628,1,24,220
20260705,1,24,225
20260712,1,24,232
20260719,1,24,201
20260726,1,24,200
20260802,1,24,200
20260809,1,24,178
20260816,1,24,153
20260823,1,24,139
20250105,1,25,62
20250112,1,25,49
20250119,1,25,243
20250126,1,25,245
20250202,1,25,247
20250209,1,25,227
20250216,1,25,229
20250223,1,25,221
20250302,1,25,212
20250309,1,25,186
20250316,1,25,192
20250323,1,25,186
20250330,1,25,170
20250406,1,25,144
20250413,1,25,138
20250420,1,25,107
20250427,1,25,90
20250504,1,25,85
20250511,1,25,91
20250518,1,25,62
20250525,1,25,46
20250601,1,25,302
20250608,1,25,301
20250615,1,25,287
20250622,1,25,281
20250629,1,25,271
20250706,1,25,280
20250713,1,25,280
20250720,1,25,257
20250727,1,25,250
20250803,1,25,247
20250810,1,25,238
20250817,1,25,221
20250824,1,25,223
20250831,1,25,211
20250907,1,25,226
20250914,1,25,232
20250921,1,25,245
20250928,1,25,220
20251005,1,25,187
20251012,1,25,155
20251019,1,25,167
20251026,1,25,139
20251102,1,25,111
20251109,1,25,106
20251116,1,25,83
20251123,1,25,93
20251130,1,25,96
20251207,1,25,102
20251214,1,25,77
20251221,1,25,68
20251228,1,25,59
20260104,1,25,37
20260111,1,25,33
20260118,1,25,266
20260125,1,25,228
20260201,1,25,212
20260208,1,25,205
20260215,1,25,208
20260222,1,25,187
20260301,1,25,185
20260308,1,25,196
20260315,1,25,208
20260322,1,25,178
20260329,1,25,186
20260405,1,25,198
20260412,1,25,162
20260419,1,25,176
20260426,1,25,137
20260503,1,25,102
20260510,1,25,103
20260517,1,25,86
20260524,1,25,85
20260531,1,25,75
20260607,1,25,61
20260614,1,25,36
20260621,1,25,35
20260628,1,25,162
20260705,1,25,152
20260712,1,25,123
20260719,1,25,136
20260726,1,25,130
20260802,1,25,143
20260809,1,25,126
20260816,1,25,100
20260823,1,25,83
20250105,1,26,289
20250112,1,26,301
20250119,1,26,296
20250126,1,26,289
20250202,1,26,260
20250209,1,26,240
20250216,1,26,222
20250223,1,26,217
20250302,1,26,206
20250309,1,26,202
20250316,1,26,200
20250323,1,26,163
20250330,1,26,175
20250406,1,26,158
20250413,1,26,147
20250420,1,26,137
20250427,1,26,135
20250504,1,26,109
20250511,1,26,71
20250518,1,26,73
20250525,1,26,63
20250601,1,26,48
20250608,1,26,60
20250615,1,26,67
20250622,1,26,297
20250629,1,26,265
20250706,1,26,261
20250713,1,26,241
20250720,1,26,240
20250727,1,26,252
20250803,1,26,221
20250810,1,26,221
20250817,1,26,210
20250824,1,26,191
20250831,1,26,152
20250907,1,26,167
20250914,1,26,136
20250921,1,26,97
20250928,1,26,104
20251005,1,26,70
20251012,1,26,76
20251019,1,26,87
20251026,1,26,74
20251102,1,26,84
20251109,1,26,48
20251116,1,26,52
20251123,1,26,213
20251130,1,26,210
20251207,1,26,221
20251214,1,26,183
20251221,1,26,186
20251228,1,26,176
20260104,1,26,141
20260111,1,26,122
20260118,1,26,119
20260125,1,26,100
20260201,1,26,79
20260208,1,26,82
20260215,1,26,46
20260222,1,26,256
20260301,1,26,255
20260308,1,26,238
20260315,1,26,224
20260322,1,26,210
20260329,1,26,198
20260405,1,26,184
20260412,1,26,175
20260419,1,26,144
20260426,1,26,148
20260503,1,26,152
20260510,1,26,156
20260517,1,26,118
20260524,1,26,88
20260531,1,26,59
20260607,1,26,46
20260614,1,26,285
20260621,1,26,283
20260628,1,26,269
20260705,1,26,257
20260712,1,26,257
20260719,1,26,219
20260726,1,26,186
20260802,1,26,170
20260809,1,26,174
20260816,1,26,180
20260823,1,26,148
20250105,1,27,381
20250112,1,27,353
20250119,1,27,343
20250126,1,27,347
20250202,1,27,361
20250209,1,27,347
20250216,1,27,309
20250223,1,27,322
20250302,1,27,333
20250309,1,27,314
20250316,1,27,276
20250323,1,27,244
20250330,1,27,247
20250406,1,27,225
20250413,1,27,203
20250420,1,27,190
20250427,1,27,189
20250504,1,27,162
20250511,1,27,137
20250518,1,27,124
20250525,1,27,109
20250601,1,27,104
20250608,1,27,116
20250615,1,27,106
20250622,1,27,104
20250629,1,27,81
20250706,1,27,93
20250713,1,27,76
20250720,1,27,80
20250727,1,27,70
20250803,1,27,50
20250810,1,27,190
20250817,1,27,177
20250824,1,27,139
20250831,1,27,118
20250907,1,27,81
20250914,1,27,68
20250921,1,27,40
20250928,1,27,48
20251005,1,27,38
20251012,1,27,193
20251019,1,27,172
20251026,1,27,181
20251102,1,27,147
20251109,1,27,151
20251116,1,27,116
20251123,1,27,87
20251130,1,27,67
20251207,1,27,69
20251214,1,27,51
20251221,1,27,219
20251228,1,27,184
20260104,1,27,153
20260111,1,27,127
20260118,1,27,93
20260125,1,27,85
20260201,1,27,55
20260208,1,27,39
20260215,1,27,43
20260222,1,27,226
20260301,1,27,212
20260308,1,27,206
20260315,1,27,178
20260322,1,27,161
20260329,1,27,131
20260405,1,27,133
20260412,1,27,127
20260419,1,27,102
20260426,1,27,102
20260503,1,27,109
20260510,1,27,95
20260517,1,27,56
20260524,1,27,47
20260531,1,27,41
20260607,1,27,176
20260614,1,27,188
20260621,1,27,162
20260628,1,27,140
20260705,1,27,154
20260712,1,27,163
20260719,1,27,171
20260726,1,27,150
20260802,1,27,145
20260809,1,27,140
20260816,1,27,104
20260823,1,27,87
20250105,1,28,243
20250112,1,28,245
20250119,1,28,236
20250126,1,28,241
20250202,1,28,251
20250209,1,28,263
20250216,1,28,266
20250223,1,28,277
20250302,1,28,282
20250309,1,28,242
20250316,1,28,224
20250323,1,28,217
20250330,1,28,201
20250406,1,28,181
20250413,1,28,157
20250420,1,28,145
20250427,1,28,152
20250504,1,28,155
20250511,1,28,121
20250518,1,28,88
20250525,1,28,90
20250601,1,28,79
20250608,1,28,85
20250615,1,28,70
20250622,1,28,69
20250629,1,28,60
20250706,1,28,34
20250713,1,28,140
20250720,1,28,113
20250727,1,28,75
20250803,1,28,53
20250810,1,28,63
20250817,1,28,71
20250824,1,28,69
20250831,1,28,82
20250907,1,28,85
20250914,1,28,85
20250921,1,28,67
20250928,1,28,33
20251005,1,28,174
20251012,1,28,143
20251019,1,28,104
20251026,1,28,97
20251102,1,28,95
20251109,1,28,79
20251116,1,28,47
20251123,1,28,45
20251130,1,28,258
20251207,1,28,247
20251214,1,28,247
20251221,1,28,255
20251228,1,28,215
20260104,1,28,209
20260111,1,28,213
20260118,1,28,180
20260125,1,28,183
20260201,1,28,175
20260208,1,28,186
20260215,1,28,169
20260222,1,28,161
20260301,1,28,166
20260308,1,28,138
20260315,1,28,120
20260322,1,28,86
20260329,1,28,91
20260405,1,28,99
20260412,1,28,74
20260419,1,28,73
20260426,1,28,63
20260503,1,28,41
20260510,1,28,291
20260517,1,28,273
20260524,1,28,239
20260531,1,28,229
20260607,1,28,220
20260614,1,28,221
20260621,1,28,225
20260628,1,28,219
20260705,1,28,188
20260712,1,28,176
20260719,1,28,184
20260726,1,28,187
20260802,1,28,186
20260809,1,28,182
20260816,1,28,187
20260823,1,28,198
20250105,1,29,376
20250112,1,29,387
20250119,1,29,391
20250126,1,29,401
20250202,1,29,392
20250209,1,29,360
20250216,1,29,361
20250223,1,29,334
20250302,1,29,327
20250309,1,29,334
20250316,1,29,302
20250323,1,29,268
20250330,1,29,267
20250406,1,29,280
20250413,1,29,273
20250420,1,29,273
20250427,1,29,279
20250504,1,29,253
20250511,1,29,264
20250518,1,29,255
20250525,1,29,239
20250601,1,29,235
20250608,1,29,244
20250615,1,29,248
20250622,1,29,227
20250629,1,29,242
20250706,1,29,226
20250713,1,29,232
20250720,1,29,206
20250727,1,29,178
20250803,1,29,160
20250810,1,29,174
20250817,1,29,143
20250824,1,29,124
20250831,1,29,101
20250907,1,29,78
20250914,1,29,51
20250921,1,29,261
20250928,1,29,232
20251005,1,29,246
20251012,1,29,233
20251019,1,29,226
20251026,1,29,203
20251102,1,29,193
20251109,1,29,168
20251116,1,29,171
20251123,1,29,134
20251130,1,29,125
20251207,1,29,104
20251214,1,29,104
20251221,1,29,115
20251228,1,29,117
20260104,1,29,129
20260111,1,29,121
20260118,1,29,136
20260125,1,29,108
20260201,1,29,78
20260208,1,29,92
20260215,1,29,69
20260222,1,29,83
20260301,1,29,81
20260308,1,29,71
20260315,1,29,70
20260322,1,29,45
20260329,1,29,57
20260405,1,29,71
20260412,1,29,42
20260419,1,29,33
20260426,1,29,38
20260503,1,29,288
20260510,1,29,280
20260517,1,29,283
20260524,1,29,281
20260531,1,29,271
20260607,1,29,282
20260614,1,29,245
20260621,1,29,214
20260628,1,29,186
20260705,1,29,169
20260712,1,29,153
20260719,1,29,133
20260726,1,29,129
20260802,1,29,141
20260809,1,29,139
20260816,1,29,113
20260823,1,29,101
20250105,1,30,234
20250112,1,30,230
20250119,1,30,213
20250126,1,30,216
20250202,1,30,180
20250209,1,30,176
20250216,1,30,144
20250223,1,30,120
20250302,1,30,128
20250309,1,30,104
20250316,1,30,87
20250323,1,30,67
20250330,1,30,53
20250406,1,30,61
20250413,1,30,327
20250420,1,30,301
20250427,1,30,269
20250504,1,30,281
20250511,1,30,276
20250518,1,30,258
20250525,1,30,264
20250601,1,30,242
20250608,1,30,208
20250615,1,30,223
20250622,1,30,195
20250629,1,30,191
20250706,1,30,193
20250713,1,30,206
20250720,1,30,210
20250727,1,30,203
20250803,1,30,181
20250810,1,30,182
20250817,1,30,148
20250824,1,30,162
20250831,1,30,148
20250907,1,30,111
20250914,1,30,117
20250921,1,30,128
20250928,1,30,132
20251005,1,30,118
20251012,1,30,88
20251019,1,30,51
20251026,1,30,52
20251102,1,30,159
20251109,1,30,148
20251116,1,30,131
20251123,1,30,146
20251130,1,30,108
20251207,1,30,88
20251214,1,30,66
20251221,1,30,55
20251228,1,30,48
20260104,1,30,164
20260111,1,30,156
20260118,1,30,147
20260125,1,30,154
20260201,1,30,133
20260208,1,30,106
20260215,1,30,79
20260222,1,30,77
20260301,1,30,58
20260308,1,30,47
20260315,1,30,209
20260322,1,30,201
20260329,1,30,163
20260405,1,30,177
20260412,1,30,153
20260419,1,30,132
20260426,1,30,92
20260503,1,30,92
20260510,1,30,68
20260517,1,30,53
20260524,1,30,51
20260531,1,30,60
20260607,1,30,175
20260614,1,30,140
20260621,1,30,137
20260628,1,30,102
20260705,1,30,103
20260712,1,30,68
20260719,1,30,49
20260726,1,30,159
20260802,1,30,140
20260809,1,30,109
20260816,1,30,76
20260823,1,30,75
20250105,1,31,64
20250112,1,31,55
20250119,1,31,66
20250126,1,31,81
20250202,1,31,59
20250209,1,31,30
20250216,1,31,39
20250223,1,31,52
20250302,1,31,59
20250309,1,31,64
20250316,1,31,65
20250323,1,31,32
20250330,1,31,225
20250406,1,31,235
20250413,1,31,208
20250420,1,31,173
20250427,1,31,172
20250504,1,31,172
20250511,1,31,178
20250518,1,31,164
20250525,1,31,163
20250601,1,31,140
20250608,1,31,120
20250615,1,31,109
20250622,1,31,71
20250629,1,31,74
20250706,1,31,54
20250713,1,31,57
20250720,1,31,68
20250727,1,31,44
20250803,1,31,54
20250810,1,31,56
20250817,1,31,45
20250824,1,31,226
20250831,1,31,234
20250907,1,31,217
20250914,1,31,189
20250921,1,31,151
20250928,1,31,132
20251005,1,31,116
20251012,1,31,119
20251019,1,31,124
20251026,1,31,122
20251102,1,31,92
20251109,1,31,101
20251116,1,31,75
20251123,1,31,90
20251130,1,31,69
20251207,1,31,83
20251214,1,31,54
20251221,1,31,62
20251228,1,31,65
20260104,1,31,71
20260111,1,31,55
20260118,1,31,56
20260125,1,31,41
20260201,1,31,223
20260208,1,31,229
20260215,1,31,194
20260222,1,31,191
20260301,1,31,202
20260308,1,31,184
20260315,1,31,152
20260322,1,31,144
20260329,1,31,104
20260405,1,31,73
20260412,1,31,86
20260419,1,31,64
20260426,1,31,66
20260503,1,31,52
20260510,1,31,160
20260517,1,31,141
20260524,1,31,152
20260531,1,31,156
20260607,1,31,157
20260614,1,31,149
20260621,1,31,130
20260628,1,31,114
20260705,1,31,118
20260712,1,31,102
20260719,1,31,68
20260726,1,31,70
20260802,1,31,49
20260809,1,31,50
20260816,1,31,35
20260823,1,31,33
20250105,1,32,379
20250112,1,32,358
20250119,1,32,336
20250126,1,32,314
20250202,1,32,284
20250209,1,32,288
20250216,1,32,260
20250223,1,32,242
20250302,1,32,239
20250309,1,32,240
20250316,1,32,252
20250323,1,32,260
20250330,1,32,275
20250406,1,32,258
20250413,1,32,233
20250420,1,32,217
20250427,1,32,221
20250504,1,32,209
20250511,1,32,211
20250518,1,32,209
20250525,1,32,194
20250601,1,32,174
20250608,1,32,150
20250615,1,32,113
20250622,1,32,119
20250629,1,32,112
20250706,1,32,118
20250713,1,32,99
20250720,1,32,109
20250727,1,32,74
20250803,1,32,55
20250810,1,32,35
20250817,1,32,43
20250824,1,32,58
20250831,1,32,70
20250907,1,32,52
20250914,1,32,38
20250921,1,32,52
20250928,1,32,64
20251005,1,32,47
20251012,1,32,288
20251019,1,32,301
20251026,1,32,309
20251102,1,32,269
20251109,1,32,271
20251116,1,32,282
20251123,1,32,294
20251130,1,32,256
20251207,1,32,250
20251214,1,32,227
20251221,1,32,212
20251228,1,32,204
20260104,1,32,211
20260111,1,32,226
20260118,1,32,219
20260125,1,32,229
20260201,1,32,236
20260208,1,32,246
20260215,1,32,239
20260222,1,32,233
20260301,1,32,220
20260308,1,32,211
20260315,1,32,177
20260322,1,32,183
20260329,1,32,185
20260405,1,32,159
20260412,1,32,154
20260419,1,32,169
20260426,1,32,131
20260503,1,32,123
20260510,1,32,123
20260517,1,32,83
20260524,1,32,76
20260531,1,32,46
20260607,1,32,259
20260614,1,32,262
20260621,1,32,237
20260628,1,32,242
20260705,1,32,244
20260712,1,32,222
20260719,1,32,184
20260726,1,32,176
20260802,1,32,181
20260809,1,32,186
20260816,1,32,196
20260823,1,32,197
20250105,1,33,450
20250112,1,33,456
20250119,1,33,446
20250126,1,33,431
20250202,1,33,431
20250209,1,33,396
20250216,1,33,367
20250223,1,33,346
20250302,1,33,324
20250309,1,33,299
20250316,1,33,306
20250323,1,33,281
20250330,1,33,244
20250406,1,33,217
20250413,1,33,222
20250420,1,33,187
20250427,1,33,185
20250504,1,33,180
20250511,1,33,190
20250518,1,33,162
20250525,1,33,150
20250601,1,33,157
20250608,1,33,141
20250615,1,33,105
20250622,1,33,94
20250629,1,33,70
20250706,1,33,42
20250713,1,33,260
20250720,1,33,226
20250727,1,33,209
20250803,1,33,197
20250810,1,33,188
20250817,1,33,199
20250824,1,33,193
20250831,1,33,170
20250907,1,33,152
20250914,1,33,152
20250921,1,33,132
20250928,1,33,104
20251005,1,33,98
20251012,1,33,104
20251019,1,33,107
20251026,1,33,74
20251102,1,33,71
20251109,1,33,67
20251116,1,33,46
20251123,1,33,320
20251130,1,33,323
20251207,1,33,313
20251214,1,33,319
20251221,1,33,326
20251228,1,33,311
20260104,1,33,322
20260111,1,33,318
20260118,1,33,323
20260125,1,33,290
20260201,1,33,304
20260208,1,33,310
20260215,1,33,276
20260222,1,33,288
20260301,1,33,253
20260308,1,33,235
20260315,1,33,225
20260322,1,33,224
20260329,1,33,227
20260405,1,33,211
20260412,1,33,223
20260419,1,33,192
20260426,1,33,166
20260503,1,33,147
20260510,1,33,110
20260517,1,33,75
20260524,1,33,50
20260531,1,33,44
20260607,1,33,166
20260614,1,33,165
20260621,1,33,128
20260628,1,33,132
20260705,1,33,118
20260712,1,33,131
20260719,1,33,124
20260726,1,33,110
20260802,1,33,81
20260809,1,33,60
20260816,1,33,62
20260823,1,33,45
20250105,1,34,319
20250112,1,34,313
20250119,1,34,292
20250126,1,34,280
20250202,1,34,295
20250209,1,34,270
20250216,1,34,270
20250223,1,34,277
20250302,1,34,244
20250309,1,34,218
20250316,1,34,227
20250323,1,34,204
20250330,1,34,208
20250406,1,34,219
20250413,1,34,219
20250420,1,34,234
20250427,1,34,213
20250504,1,34,197
20250511,1,34,161
20250518,1,34,138
20250525,1,34,98
20250601,1,34,89
20250608,1,34,83
20250615,1,34,96
20250622,1,34,82
20250629,1,34,72
20250706,1,34,79
20250713,1,34,86
20250720,1,34,89
20250727,1,34,59
20250803,1,34,43
20250810,1,34,33
20250817,1,34,299
20250824,1,34,299
20250831,1,34,310
20250907,1,34,323
20250914,1,34,332
20250921,1,34,333
20250928,1,34,323
20251005,1,34,306
20251012,1,34,287
20251019,1,34,250
20251026,1,34,252
20251102,1,34,253
20251109,1,34,220
20251116,1,34,181
20251123,1,34,164
20251130,1,34,143
20251207,1,34,109
20251214,1,34,110
20251221,1,34,121
20251228,1,34,86
20260104,1,34,92
20260111,1,34,52
20260118,1,34,30
20260125,1,34,44
20260201,1,34,40
20260208,1,34,41
20260215,1,34,47
20260222,1,34,162
20260301,1,34,158
20260308,1,34,162
20260315,1,34,138
20260322,1,34,122
20260329,1,34,122
20260405,1,34,84
20260412,1,34,64
20260419,1,34,54
20260426,1,34,298
20260503,1,34,298
20260510,1,34,295
20260517,1,34,272
20260524,1,34,287
20260531,1,34,247
20260607,1,34,207
20260614,1,34,173
20260621,1,34,141
20260628,1,34,152
20260705,1,34,133
20260712,1,34,110
20260719,1,34,125
20260726,1,34,99
20260802,1,34,91
20260809,1,34,75
20260816,1,34,58
20260823,1,34,41
20250105,1,35,63
20250112,1,35,54
20250119,1,35,36
20250126,1,35,257
20250202,1,35,247
20250209,1,35,235
20250216,1,35,211
20250223,1,35,183
20250302,1,35,192
20250309,1,35,163
20250316,1,35,150
20250323,1,35,128
20250330,1,35,130
20250406,1,35,119
20250413,1,35,117
20250420,1,35,116
20250427,1,35,93
20250504,1,35,104
20250511,1,35,78
20250518,1,35,67
20250525,1,35,47
20250601,1,35,298
20250608,1,35,301
20250615,1,35,261
20250622,1,35,267
20250629,1,35,281
20250706,1,35,242
20250713,1,35,225
20250720,1,35,205
20250727,1,35,217
20250803,1,35,202
20250810,1,35,211
20250817,1,35,225
20250824,1,35,214
20250831,1,35,222
20250907,1,35,190
20250914,1,35,194
20250921,1,35,184
20250928,1,35,160
20251005,1,35,144
20251012,1,35,112
20251019,1,35,90
20251026,1,35,105
20251102,1,35,71
20251109,1,35,42
20251116,1,35,178
20251123,1,35,193
20251130,1,35,154
20251207,1,35,131
20251214,1,35,129
20251221,1,35,116
20251228,1,35,103
20260104,1,35,66
20260111,1,35,35
20260118,1,35,148
20260125,1,35,152
20260201,1,35,141
20260208,1,35,151
20260215,1,35,164
20260222,1,35,170
20260301,1,35,171
20260308,1,35,151
20260315,1,35,140
20260322,1,35,140
20260329,1,35,148
20260405,1,35,124
20260412,1,35,131
20260419,1,35,104
20260426,1,35,113
20260503,1,35,126
20260510,1,35,92
20260517,1,35,53
20260524,1,35,292
20260531,1,35,252
20260607,1,35,266
20260614,1,35,236
20260621,1,35,230
20260628,1,35,223
20260705,1,35,197
20260712,1,35,178
20260719,1,35,185
20260726,1,35,163
20260802,1,35,124
20260809,1,35,123
20260816,1,35,133
20260823,1,35,103
20250105,1,36,332
20250112,1,36,313
20250119,1,36,285
20250126,1,36,285
20250202,1,36,274
20250209,1,36,275
20250216,1,36,260
20250223,1,36,225
20250302,1,36,198
20250309,1,36,212
20250316,1,36,185
20250323,1,36,154
20250330,1,36,130
20250406,1,36,125
20250413,1,36,115
20250420,1,36,128
20250427,1,36,113
20250504,1,36,100
20250511,1,36,93
20250518,1,36,57
20250525,1,36,68
20250601,1,36,58
20250608,1,36,126
20250615,1,36,117
20250622,1,36,94
20250629,1,36,108
20250706,1,36,122
20250713,1,36,124
20250720,1,36,86
20250727,1,36,76
20250803,1,36,64
20250810,1,36,40
20250817,1,36,187
20250824,1,36,163
20250831,1,36,152
20250907,1,36,116
20250914,1,36,101
20250921,1,36,105
20250928,1,36,89
20251005,1,36,76
20251012,1,36,44
20251019,1,36,49
20251026,1,36,30
20251102,1,36,224
20251109,1,36,216
20251116,1,36,201
20251123,1,36,201
20251130,1,36,171
20251207,1,36,140
20251214,1,36,132
20251221,1,36,136
20251228,1,36,109
20260104,1,36,69
20260111,1,36,76
20260118,1,36,66
20260125,1,36,52
20260201,1,36,53
20260208,1,36,244
20260215,1,36,227
20260222,1,36,191
20260301,1,36,162
20260308,1,36,127
20260315,1,36,117
20260322,1,36,102
20260329,1,36,66
20260405,1,36,51
20260412,1,36,33
20260419,1,36,263
20260426,1,36,269
20260503,1,36,267
20260510,1,36,250
20260517,1,36,226
20260524,1,36,194
20260531,1,36,156
20260607,1,36,120
20260614,1,36,87
20260621,1,36,72
20260628,1,36,58
20260705,1,36,302
20260712,1,36,297
20260719,1,36,260
20260726,1,36,236
20260802,1,36,209
20260809,1,36,205
20260816,1,36,185
20260823,1,36,194
20250105,1,37,471
20250112,1,37,461
20250119,1,37,427
20250126,1,37,432
20250202,1,37,403
20250209,1,37,364
20250216,1,37,364
20250223,1,37,331
20250302,1,37,292
20250309,1,37,254
20250316,1,37,221
20250323,1,37,228
20250330,1,37,216
20250406,1,37,192
20250413,1,37,184
20250420,1,37,158
20250427,1,37,133
20250504,1,37,98
20250511,1,37,94
20250518,1,37,56
20250525,1,37,43
20250601,1,37,45
20250608,1,37,44
20250615,1,37,323
20250622,1,37,290
20250629,1,37,283
20250706,1,37,279
20250713,1,37,260
20250720,1,37,269
20250727,1,37,247
20250803,1,37,245
20250810,1,37,258
20250817,1,37,230
20250824,1,37,197
20250831,1,37,191
20250907,1,37,156
20250914,1,37,120
20250921,1,37,129
20250928,1,37,91
20251005,1,37,102
20251012,1,37,88
20251019,1,37,97
20251026,1,37,80
20251102,1,37,65
20251109,1,37,65
20251116,1,37,57
20251123,1,37,41
20251130,1,37,128
20251207,1,37,111
20251214,1,37,122
20251221,1,37,96
20251228,1,37,79
20260104,1,37,59
20260111,1,37,73
20260118,1,37,41
20260125,1,37,213
20260201,1,37,184
20260208,1,37,182
20260215,1,37,142
20260222,1,37,129
20260301,1,37,130
20260308,1,37,129
20260315,1,37,101
20260322,1,37,88
20260329,1,37,53
20260405,1,37,287
20260412,1,37,292
20260419,1,37,302
20260426,1,37,277
20260503,1,37,263
20260510,1,37,228
20260517,1,37,204
20260524,1,37,178
20260531,1,37,176
20260607,1,37,186
20260614,1,37,151
20260621,1,37,124
20260628,1,37,113
20260705,1,37,123
20260712,1,37,134
20260719,1,37,103
20260726,1,37,116
20260802,1,37,131
20260809,1,37,132
20260816,1,37,147
20260823,1,37,160
20250105,1,38,347
20250112,1,38,325
20250119,1,38,289
20250126,1,38,273
20250202,1,38,283
20250209,1,38,243
20250216,1,38,238
20250223,1,38,245
20250302,1,38,223
20250309,1,38,192
20250316,1,38,152
20250323,1,38,130
20250330,1,38,145
20250406,1,38,112
20250413,1,38,121
20250420,1,38,83
20250427,1,38,92
20250504,1,38,95
20250511,1,38,108
20250518,1,38,97
20250525,1,38,112
20250601,1,38,108
20250608,1,38,114
20250615,1,38,93
20250622,1,38,63
20250629,1,38,45
20250706,1,38,42
20250713,1,38,37
20250720,1,38,205
20250727,1,38,183
20250803,1,38,150
20250810,1,38,152
20250817,1,38,143
20250824,1,38,136
20250831,1,38,147
20250907,1,38,127
20250914,1,38,112
20250921,1,38,112
20250928,1,38,76
20251005,1,38,53
20251012,1,38,47
20251019,1,38,219
20251026,1,38,212
20251102,1,38,199
20251109,1,38,183
20251116,1,38,179
20251123,1,38,194
20251130,1,38,163
20251207,1,38,161
20251214,1,38,168
20251221,1,38,132
20251228,1,38,104
20260104,1,38,118
20260111,1,38,110
20260118,1,38,90
20260125,1,38,89
20260201,1,38,94
20260208,1,38,65
20260215,1,38,195
20260222,1,38,197
20260301,1,38,171
20260308,1,38,181
20260315,1,38,174
20260322,1,38,189
20260329,1,38,170
20260405,1,38,145
20260412,1,38,107
20260419,1,38,106
20260426,1,38,91
20260503,1,38,54
20260510,1,38,44
20260517,1,38,158
20260524,1,38,153
20260531,1,38,135
20260607,1,38,148
20260614,1,38,147
20260621,1,38,152
20260628,1,38,118
20260705,1,38,108
20260712,1,38,95
20260719,1,38,104
20260726,1,38,86
20260802,1,38,58
20260809,1,38,71
20260816,1,38,42
20260823,1,38,40
20250105,1,39,398
20250112,1,39,397
20250119,1,39,378
20250126,1,39,353
20250202,1,39,314
20250209,1,39,288
20250216,1,39,258
20250223,1,39,224
20250302,1,39,225
20250309,1,39,185
20250316,1,39,172
20250323,1,39,172
20250330,1,39,171
20250406,1,39,179
20250413,1,39,173
20250420,1,39,167
20250427,1,39,129
20250504,1,39,91
20250511,1,39,51
20250518,1,39,60
20250525,1,39,57
20250601,1,39,302
20250608,1,39,268
20250615,1,39,259
20250622,1,39,261
20250629,1,39,228
20250706,1,39,209
20250713,1,39,172
20250720,1,39,185
20250727,1,39,157
20250803,1,39,139
20250810,1,39,137
20250817,1,39,144
20250824,1,39,155
20250831,1,39,144
20250907,1,39,132
20250914,1,39,121
20250921,1,39,115
20250928,1,39,125
20251005,1,39,140
20251012,1,39,149
20251019,1,39,154
20251026,1,39,164
20251102,1,39,167
20251109,1,39,178
20251116,1,39,145
20251123,1,39,107
20251130,1,39,91
20251207,1,39,52
20251214,1,39,53
20251221,1,39,32
20251228,1,39,214
20260104,1,39,225
20260111,1,39,209
20260118,1,39,198
20260125,1,39,183
20260201,1,39,147
20260208,1,39,155
20260215,1,39,144
20260222,1,39,108
20260301,1,39,105
20260308,1,39,78
20260315,1,39,57
20260322,1,39,69
20260329,1,39,75
20260405,1,39,35
20260412,1,39,144
20260419,1,39,145
20260426,1,39,160
20260503,1,39,160
20260510,1,39,173
20260517,1,39,172
20260524,1,39,176
20260531,1,39,147
20260607,1,39,122
20260614,1,39,131
20260621,1,39,110
20260628,1,39,78
20260705,1,39,58
20260712,1,39,61
20260719,1,39,68
20260726,1,39,70
20260802,1,39,44
20260809,1,39,153
20260816,1,39,129
20260823,1,39,134
20250105,1,40,183
20250112,1,40,157
20250119,1,40,171
20250126,1,40,165
20250202,1,40,154
20250209,1,40,141
20250216,1,40,105
20250223,1,40,91
20250302,1,40,100
20250309,1,40,107
20250316,1,40,86
20250323,1,40,69
20250330,1,40,59
20250406,1,40,141
20250413,1,40,121
20250420,1,40,113
20250427,1,40,106
20250504,1,40,104
20250511,1,40,105
20250518,1,40,101
20250525,1,40,112
20250601,1,40,121
20250608,1,40,128
20250615,1,40,99
20250622,1,40,112
20250629,1,40,92
20250706,1,40,100
20250713,1,40,104
20250720,1,40,103
20250727,1,40,76
20250803,1,40,37
20250810,1,40,299
20250817,1,40,305
20250824,1,40,311
20250831,1,40,302
20250907,1,40,270
20250914,1,40,258
20250921,1,40,237
20250928,1,40,222
20251005,1,40,189
20251012,1,40,168
20251019,1,40,139
20251026,1,40,108
20251102,1,40,85
20251109,1,40,75
20251116,1,40,66
20251123,1,40,45
20251130,1,40,32
20251207,1,40,38
20251214,1,40,43
20251221,1,40,158
20251228,1,40,125
20260104,1,40,87
20260111,1,40,50
20260118,1,40,47
20260125,1,40,37
20260201,1,40,233
20260208,1,40,216
20260215,1,40,179
20260222,1,40,167
20260301,1,40,157
20260308,1,40,137
20260315,1,40,139
20260322,1,40,122
20260329,1,40,85
20260405,1,40,56
20260412,1,40,65
20260419,1,40,59
20260426,1,40,59
20260503,1,40,326
20260510,1,40,290
20260517,1,40,299
20260524,1,40,298
20260531,1,40,264
20260607,1,40,227
20260614,1,40,209
20260621,1,40,175
20260628,1,40,147
20260705,1,40,118
20260712,1,40,120
20260719,1,40,109
20260726,1,40,107
20260802,1,40,85
20260809,1,40,86
20260816,1,40,78
20260823,1,40,56
20250105,1,41,234
20250112,1,41,200
20250119,1,41,191
20250126,1,41,179
20250202,1,41,148
20250209,1,41,125
20250216,1,41,85
20250223,1,41,79
20250302,1,41,90
20250309,1,41,78
20250316,1,41,65
20250323,1,41,71
20250330,1,41,62
20250406,1,41,48
20250413,1,41,34
20250420,1,41,242
20250427,1,41,244
20250504,1,41,204
20250511,1,41,187
20250518,1,41,172
20250525,1,41,147
20250601,1,41,162
20250608,1,41,142
20250615,1,41,133
20250622,1,41,119
20250629,1,41,115
20250706,1,41,84
20250713,1,41,45
20250720,1,41,52
20250727,1,41,37
20250803,1,41,272
20250810,1,41,251
20250817,1,41,233
20250824,1,41,226
20250831,1,41,188
20250907,1,41,191
20250914,1,41,200
20250921,1,41,196
20250928,1,41,211
20251005,1,41,202
20251012,1,41,182
20251019,1,41,183
20251026,1,41,157
20251102,1,41,158
20251109,1,41,122
20251116,1,41,99
20251123,1,41,108
20251130,1,41,79
20251207,1,41,64
20251214,1,41,46
20251221,1,41,229
20251228,1,41,214
20260104,1,41,194
20260111,1,41,163
20260118,1,41,128
20260125,1,41,111
20260201,1,41,76
20260208,1,41,80
20260215,1,41,43
20260222,1,41,41
20260301,1,41,256
20260308,1,41,230
20260315,1,41,235
20260322,1,41,247
20260329,1,41,231
20260405,1,41,245
20260412,1,41,256
20260419,1,41,267
20260426,1,41,257
20260503,1,41,251
20260510,1,41,246
20260517,1,41,213
20260524,1,41,184
20260531,1,41,174
20260607,1,41,158
20260614,1,41,137
20260621,1,41,138
20260628,1,41,115
20260705,1,41,87
20260712,1,41,98
20260719,1,41,63
20260726,1,41,49
20260802,1,41,31
20260809,1,41,144
20260816,1,41,130
20260823,1,41,97
20250105,1,42,413
20250112,1,42,409
20250119,1,42,370
20250126,1,42,372
20250202,1,42,354
20250209,1,42,356
20250216,1,42,341
20250223,1,42,328
20250302,1,42,314
20250309,1,42,296
20250316,1,42,281
20250323,1,42,241
20250330,1,42,201
20250406,1,42,214
20250413,1,42,206
20250420,1,42,191
20250427,1,42,157
20250504,1,42,118
20250511,1,42,98
20250518,1,42,66
20250525,1,42,74
20250601,1,42,72
20250608,1,42,42
20250615,1,42,150
20250622,1,42,139
20250629,1,42,115
20250706,1,42,89
20250713,1,42,81
20250720,1,42,72
20250727,1,42,75
20250803,1,42,42
20250810,1,42,31
20250817,1,42,33
20250824,1,42,45
20250831,1,42,41
20250907,1,42,44
20250914,1,42,59
20250921,1,42,32
20250928,1,42,149
20251005,1,42,149
20251012,1,42,129
20251019,1,42,94
20251026,1,42,100
20251102,1,42,68
20251109,1,42,78
20251116,1,42,61
20251123,1,42,71
20251130,1,42,36
20251207,1,42,40
20251214,1,42,197
20251221,1,42,157
20251228,1,42,155
20260104,1,42,143
20260111,1,42,108
20260118,1,42,97
20260125,1,42,74
20260201,1,42,73
20260208,1,42,37
20260215,1,42,33
20260222,1,42,129
20260301,1,42,140
20260308,1,42,129
20260315,1,42,131
20260322,1,42,140
20260329,1,42,114
20260405,1,42,83
20260412,1,42,46
20260419,1,42,289
20260426,1,42,286
20260503,1,42,280
20260510,1,42,251
20260517,1,42,221
20260524,1,42,215
20260531,1,42,190
20260607,1,42,172
20260614,1,42,169
20260621,1,42,183
20260628,1,42,162
20260705,1,42,160
20260712,1,42,157
20260719,1,42,148
20260726,1,42,162
20260802,1,42,130
20260809,1,42,128
20260816,1,42,105
20260823,1,42,103
20250105,1,43,56
20250112,1,43,34
20250119,1,43,231
20250126,1,43,204
20250202,1,43,185
20250209,1,43,169
20250216,1,43,168
20250223,1,43,181
20250302,1,43,194
20250309,1,43,203
20250316,1,43,213
20250323,1,43,207
20250330,1,43,214
20250406,1,43,178
20250413,1,43,169
20250420,1,43,174
20250427,1,43,179
20250504,1,43,186
20250511,1,43,154
20250518,1,43,117
20250525,1,43,108
20250601,1,43,118
20250608,1,43,109
20250615,1,43,74
20250622,1,43,68
20250629,1,43,63
20250706,1,43,76
20250713,1,43,47
20250720,1,43,56
20250727,1,43,162
20250803,1,43,172
20250810,1,43,162
20250817,1,43,145
20250824,1,43,118
20250831,1,43,94
20250907,1,43,103
20250914,1,43,106
20250921,1,43,99
20250928,1,43,90
20251005,1,43,59
20251012,1,43,45
20251019,1,43,32
20251026,1,43,169
20251102,1,43,176
20251109,1,43,171
20251116,1,43,158
20251123,1,43,153
20251130,1,43,140
20251207,1,43,146
20251214,1,43,106
20251221,1,43,72
20251228,1,43,59
20260104,1,43,58
20260111,1,43,64
20260118,1,43,132
20260125,1,43,105
20260201,1,43,79
20260208,1,43,42
20260215,1,43,40
20260222,1,43,38
20260301,1,43,281
20260308,1,43,277
20260315,1,43,275
20260322,1,43,248
20260329,1,43,253
20260405,1,43,243
20260412,1,43,237
20260419,1,43,202
20260426,1,43,186
20260503,1,43,182
20260510,1,43,168
20260517,1,43,164
20260524,1,43,178
20260531,1,43,168
20260607,1,43,163
20260614,1,43,158
20260621,1,43,127
20260628,1,43,87
20260705,1,43,92
20260712,1,43,101
20260719,1,43,72
20260726,1,43,37
20260802,1,43,178
20260809,1,43,157
20260816,1,43,144
20260823,1,43,150
20250105,1,44,485
20250112,1,44,461
20250119,1,44,428
20250126,1,44,396
20250202,1,44,381
20250209,1,44,356
20250216,1,44,366
20250223,1,44,348
20250302,1,44,325
20250309,1,44,301
20250316,1,44,276
20250323,1,44,260
20250330,1,44,225
20250406,1,44,230
20250413,1,44,228
20250420,1,44,207
20250427,1,44,216
20250504,1,44,177
20250511,1,44,164
20250518,1,44,165
20250525,1,44,140
20250601,1,44,103
20250608,1,44,105
20250615,1,44,112
20250622,1,44,103
20250629,1,44,84
20250706,1,44,93
20250713,1,44,91
20250720,1,44,59
20250727,1,44,249
20250803,1,44,210
20250810,1,44,208
20250817,1,44,203
20250824,1,44,214
20250831,1,44,209
20250907,1,44,196
20250914,1,44,177
20250921,1,44,189
20250928,1,44,184
20251005,1,44,169
20251012,1,44,142
20251019,1,44,110
20251026,1,44,96
20251102,1,44,108
20251109,1,44,85
20251116,1,44,72
20251123,1,44,82
20251130,1,44,68
20251207,1,44,55
20251214,1,44,266
20251221,1,44,268
20251228,1,44,277
20260104,1,44,246
20260111,1,44,261
20260118,1,44,221
20260125,1,44,197
20260201,1,44,181
20260208,1,44,144
20260215,1,44,127
20260222,1,44,97
20260301,1,44,107
20260308,1,44,105
20260315,1,44,99
20260322,1,44,98
20260329,1,44,83
20260405,1,44,85
20260412,1,44,60
20260419,1,44,65
20260426,1,44,64
20260503,1,44,76
20260510,1,44,47
20260517,1,44,45
20260524,1,44,129
20260531,1,44,98
20260607,1,44,80
20260614,1,44,53
20260621,1,44,154
20260628,1,44,121
20260705,1,44,136
20260712,1,44,137
20260719,1,44,141
20260726,1,44,129
20260802,1,44,126
20260809,1,44,128
20260816,1,44,137
20260823,1,44,124
20250105,1,45,187
20250112,1,45,169
20250119,1,45,155
20250126,1,45,160
20250202,1,45,169
20250209,1,45,132
20250216,1,45,112
20250223,1,45,118
20250302,1,45,100
20250309,1,45,105
20250316,1,45,118
20250323,1,45,128
20250330,1,45,113
20250406,1,45,112
20250413,1,45,72
20250420,1,45,46
20250427,1,45,34
20250504,1,45,134
20250511,1,45,111
20250518,1,45,104
20250525,1,45,118
20250601,1,45,79
20250608,1,45,41
20250615,1,45,32
20250622,1,45,39
20250629,1,45,176
20250706,1,45,163
20250713,1,45,153
20250720,1,45,166
20250727,1,45,150
20250803,1,45,143
20250810,1,45,145
20250817,1,45,116
20250824,1,45,108
20250831,1,45,116
20250907,1,45,99
20250914,1,45,110
20250921,1,45,108
20250928,1,45,118
20251005,1,45,83
20251012,1,45,64
20251019,1,45,48
20251026,1,45,30
20251102,1,45,245
20251109,1,45,217
20251116,1,45,183
20251123,1,45,177
20251130,1,45,180
20251207,1,45,165
20251214,1,45,173
20251221,1,45,162
20251228,1,45,149
20260104,1,45,124
20260111,1,45,96
20260118,1,45,96
20260125,1,45,78
20260201,1,45,46
20260208,1,45,205
20260215,1,45,217
20260222,1,45,179
20260301,1,45,156
20260308,1,45,142
20260315,1,45,139
20260322,1,45,151
20260329,1,45,148
20260405,1,45,134
20260412,1,45,129
20260419,1,45,131
20260426,1,45,146
20260503,1,45,135
20260510,1,45,106
20260517,1,45,109
20260524,1,45,99
20260531,1,45,98
20260607,1,45,89
20260614,1,45,103
20260621,1,45,114
20260628,1,45,108
20260705,1,45,115
20260712,1,45,87
20260719,1,45,97
20260726,1,45,72
20260802,1,45,50
20260809,1,45,251
20260816,1,45,232
20260823,1,45,220
20250105,1,46,121
20250112,1,46,119
20250119,1,46,126
20250126,1,46,127
20250202,1,46,99
20250209,1,46,99
20250216,1,46,59
20250223,1,46,44
20250302,1,46,251
20250309,1,46,256
20250316,1,46,243
20250323,1,46,241
20250330,1,46,249
20250406,1,46,219
20250413,1,46,183
20250420,1,46,174
20250427,1,46,176
20250504,1,46,145
20250511,1,46,145
20250518,1,46,127
20250525,1,46,112
20250601,1,46,100
20250608,1,46,112
20250615,1,46,123
20250622,1,46,131
20250629,1,46,113
20250706,1,46,74
20250713,1,46,46
20250720,1,46,47
20250727,1,46,179
20250803,1,46,184
20250810,1,46,169
20250817,1,46,137
20250824,1,46,137
20250831,1,46,130
20250907,1,46,132
20250914,1,46,112
20250921,1,46,127
20250928,1,46,133
20251005,1,46,124
20251012,1,46,84
20251019,1,46,72
20251026,1,46,67
20251102,1,46,49
20251109,1,46,295
20251116,1,46,272
20251123,1,46,246
20251130,1,46,218
20251207,1,46,212
20251214,1,46,214
20251221,1,46,174
20251228,1,46,157
20260104,1,46,130
20260111,1,46,136
20260118,1,46,134
20260125,1,46,117
20260201,1,46,103
20260208,1,46,70
20260215,1,46,83
20260222,1,46,47
20260301,1,46,128
20260308,1,46,96
20260315,1,46,76
20260322,1,46,74
20260329,1,46,38
20260405,1,46,46
20260412,1,46,58
20260419,1,46,41
20260426,1,46,55
20260503,1,46,36
20260510,1,46,38
20260517,1,46,39
20260524,1,46,159
20260531,1,46,164
20260607,1,46,170
20260614,1,46,181
20260621,1,46,186
20260628,1,46,149
20260705,1,46,114
20260712,1,46,84
20260719,1,46,49
20260726,1,46,36
20260802,1,46,34
20260809,1,46,293
20260816,1,46,279
20260823,1,46,267
20250105,1,47,134
20250112,1,47,96
20250119,1,47,87
20250126,1,47,79
20250202,1,47,83
20250209,1,47,71
20250216,1,47,83
20250223,1,47,92
20250302,1,47,103
20250309,1,47,78
20250316,1,47,92
20250323,1,47,88
20250330,1,47,51
20250406,1,47,252
20250413,1,47,244
20250420,1,47,256
20250427,1,47,255
20250504,1,47,267
20250511,1,47,255
20250518,1,47,225
20250525,1,47,233
20250601,1,47,228
20250608,1,47,233
20250615,1,47,225
20250622,1,47,214
20250629,1,47,222
20250706,1,47,214
20250713,1,47,218
20250720,1,47,186
20250727,1,47,156
20250803,1,47,151
20250810,1,47,157
20250817,1,47,132
20250824,1,47,137
20250831,1,47,106
20250907,1,47,70
20250914,1,47,69
20250921,1,47,59
20250928,1,47,46
20251005,1,47,32
20251012,1,47,162
20251019,1,47,159
20251026,1,47,137
20251102,1,47,102
20251109,1,47,116
20251116,1,47,130
20251123,1,47,121
20251130,1,47,97
20251207,1,47,97
20251214,1,47,65
20251221,1,47,35
20251228,1,47,304
20260104,1,47,276
20260111,1,47,237
20260118,1,47,206
20260125,1,47,183
20260201,1,47,165
20260208,1,47,152
20260215,1,47,125
20260222,1,47,95
20260301,1,47,84
20260308,1,47,56
20260315,1,47,57
20260322,1,47,233
20260329,1,47,204
20260405,1,47,213
20260412,1,47,198
20260419,1,47,196
20260426,1,47,209
20260503,1,47,175
20260510,1,47,157
20260517,1,47,151
20260524,1,47,134
20260531,1,47,149
20260607,1,47,164
20260614,1,47,143
20260621,1,47,154
20260628,1,47,166
20260705,1,47,142
20260712,1,47,102
20260719,1,47,102
20260726,1,47,98
20260802,1,47,87
20260809,1,47,77
20260816,1,47,73
20260823,1,47,73
20250105,1,48,186
20250112,1,48,152
20250119,1,48,164
20250126,1,48,172
20250202,1,48,173
20250209,1,48,138
20250216,1,48,124
20250223,1,48,127
20250302,1,48,98
20250309,1,48,60
20250316,1,48,37
20250323,1,48,37
20250330,1,48,288
20250406,1,48,260
20250413,1,48,239
20250420,1,48,242
20250427,1,48,240
20250504,1,48,230
20250511,1,48,210
20250518,1,48,173
20250525,1,48,136
20250601,1,48,125
20250608,1,48,90
20250615,1,48,56
20250622,1,48,211
20250629,1,48,193
20250706,1,48,159
20250713,1,48,172
20250720,1,48,186
20250727,1,48,155
20250803,1,48,118
20250810,1,48,94
20250817,1,48,91
20250824,1,48,102
20250831,1,48,102
20250907,1,48,100
20250914,1,48,83
20250921,1,48,70
20250928,1,48,49
20251005,1,48,50
20251012,1,48,127
20251019,1,48,110
20251026,1,48,119
20251102,1,48,81
20251109,1,48,71
20251116,1,48,80
20251123,1,48,82
20251130,1,48,45
20251207,1,48,121
20251214,1,48,91
20251221,1,48,60
20251228,1,48,67
20260104,1,48,47
20260111,1,48,192
20260118,1,48,165
20260125,1,48,138
20260201,1,48,133
20260208,1,48,103
20260215,1,48,93
20260222,1,48,63
20260301,1,48,245
20260308,1,48,215
20260315,1,48,192
20260322,1,48,206
20260329,1,48,172
20260405,1,48,167
20260412,1,48,152
20260419,1,48,127
20260426,1,48,139
20260503,1,48,114
20260510,1,48,112
20260517,1,48,76
20260524,1,48,46
20260531,1,48,259
20260607,1,48,273
20260614,1,48,271
20260621,1,48,248
20260628,1,48,242
20260705,1,48,240
20260712,1,48,242
20260719,1,48,209
20260726,1,48,192
20260802,1,48,153
20260809,1,48,121
20260816,1,48,87
20260823,1,48,83
20250105,1,49,86
20250112,1,49,81
20250119,1,49,42
20250126,1,49,279
20250202,1,49,294
20250209,1,49,279
20250216,1,49,287
20250223,1,49,248
20250302,1,49,250
20250309,1,49,256
20250316,1,49,220
20250323,1,49,231
20250330,1,49,232
20250406,1,49,214
20250413,1,49,211
20250420,1,49,214
20250427,1,49,188
20250504,1,49,169
20250511,1,49,159
20250518,1,49,143
20250525,1,49,141
20250601,1,49,119
20250608,1,49,94
20250615,1,49,89
20250622,1,49,97
20250629,1,49,79
20250706,1,49,66
20250713,1,49,78
20250720,1,49,82
20250727,1,49,49
20250803,1,49,56
20250810,1,49,50
20250817,1,49,221
20250824,1,49,188
20250831,1,49,190
20250907,1,49,203
20250914,1,49,213
20250921,1,49,214
20250928,1,49,202
20251005,1,49,174
20251012,1,49,149
20251019,1,49,111
20251026,1,49,100
20251102,1,49,107
20251109,1,49,76
20251116,1,49,39
20251123,1,49,249
20251130,1,49,209
20251207,1,49,205
20251214,1,49,194
20251221,1,49,204
20251228,1,49,186
20260104,1,49,164
20260111,1,49,128
20260118,1,49,97
20260125,1,49,102
20260201,1,49,73
20260208,1,49,45
20260215,1,49,153
20260222,1,49,151
20260301,1,49,129
20260308,1,49,116
20260315,1,49,123
20260322,1,49,86
20260329,1,49,74
20260405,1,49,58
20260412,1,49,30
20260419,1,49,39
20260426,1,49,275
20260503,1,49,257
20260510,1,49,255
20260517,1,49,237
20260524,1,49,217
20260531,1,49,212
20260607,1,49,200
20260614,1,49,169
20260621,1,49,129
20260628,1,49,144
20260705,1,49,108
20260712,1,49,74
20260719,1,49,46
20260726,1,49,192
20260802,1,49,160
20260809,1,49,160
20260816,1,49,139
20260823,1,49,117
20250105,1,50,70
20250112,1,50,73
20250119,1,50,58
20250126,1,50,36
20250202,1,50,265
20250209,1,50,261
20250216,1,50,229
20250223,1,50,239
20250302,1,50,223
20250309,1,50,227
20250316,1,50,196
20250323,1,50,190
20250330,1,50,152
20250406,1,50,154
20250413,1,50,118
20250420,1,50,118
20250427,1,50,98
20250504,1,50,79
20250511,1,50,90
20250518,1,50,75
20250525,1,50,51
20250601,1,50,36
20250608,1,50,165
20250615,1,50,166
20250622,1,50,157
20250629,1,50,137
20250706,1,50,117
20250713,1,50,130
20250720,1,50,123
20250727,1,50,99
20250803,1,50,80
20250810,1,50,78
20250817,1,50,82
20250824,1,50,76
20250831,1,50,50
20250907,1,50,50
20250914,1,50,65
20250921,1,50,62
20250928,1,50,52
20251005,1,50,44
20251012,1,50,268
20251019,1,50,268
20251026,1,50,269
20251102,1,50,232
20251109,1,50,225
20251116,1,50,226
20251123,1,50,210
20251130,1,50,188
20251207,1,50,186
20251214,1,50,180
20251221,1,50,161
20251228,1,50,124
20260104,1,50,85
20260111,1,50,84
20260118,1,50,59
20260125,1,50,43
20260201,1,50,47
20260208,1,50,36
20260215,1,50,281
20260222,1,50,291
20260301,1,50,264
20260308,1,50,227
20260315,1,50,212
20260322,1,50,179
20260329,1,50,193
20260405,1,50,177
20260412,1,50,180
20260419,1,50,146
20260426,1,50,126
20260503,1,50,94
20260510,1,50,69
20260517,1,50,72
20260524,1,50,59
20260531,1,50,45
20260607,1,50,58
20260614,1,50,34
20260621,1,50,218
20260628,1,50,186
20260705,1,50,179
20260712,1,50,175
20260719,1,50,153
20260726,1,50,148
20260802,1,50,161
20260809,1,50,140
20260816,1,50,103
20260823,1,50,104
20250105,1,51,340
20250112,1,51,348
20250119,1,51,357
20250126,1,51,329
20250202,1,51,337
20250209,1,51,313
20250216,1,51,273
20250223,1,51,248
20250302,1,51,223
20250309,1,51,226
20250316,1,51,200
20250323,1,51,207
20250330,1,51,176
20250406,1,51,152
20250413,1,51,123
20250420,1,51,114
20250427,1,51,95
20250504,1,51,72
20250511,1,51,78
20250518,1,51,62
20250525,1,51,288
20250601,1,51,257
20250608,1,51,266
20250615,1,51,281
20250622,1,51,264
20250629,1,51,269
20250706,1,51,279
20250713,1,51,269
20250720,1,51,268
20250727,1,51,270
20250803,1,51,278
20250810,1,51,260
20250817,1,51,267
20250824,1,51,240
20250831,1,51,246
20250907,1,51,246
20250914,1,51,221
20250921,1,51,202
20250928,1,51,168
20251005,1,51,159
20251012,1,51,119
20251019,1,51,114
20251026,1,51,99
20251102,1,51,109
20251109,1,51,92
20251116,1,51,68
20251123,1,51,46
20251130,1,51,177
20251207,1,51,139
20251214,1,51,115
20251221,1,51,85
20251228,1,51,91
20260104,1,51,60
20260111,1,51,205
20260118,1,51,190
20260125,1,51,175
20260201,1,51,174
20260208,1,51,162
20260215,1,51,161
20260222,1,51,152
20260301,1,51,134
20260308,1,51,96
20260315,1,51,62
20260322,1,51,31
20260329,1,51,125
20260405,1,51,97
20260412,1,51,96
20260419,1,51,61
20260426,1,51,44
20260503,1,51,41
20260510,1,51,35
20260517,1,51,46
20260524,1,51,34
20260531,1,51,131
20260607,1,51,113
20260614,1,51,114
20260621,1,51,76
20260628,1,51,39
20260705,1,51,49
20260712,1,51,54
20260719,1,51,53
20260726,1,51,193
20260802,1,51,169
20260809,1,51,137
20260816,1,51,120
20260823,1,51,103
20250105,1,52,294
20250112,1,52,263
20250119,1,52,271
20250126,1,52,251
20250202,1,52,252
20250209,1,52,219
20250216,1,52,202
20250223,1,52,197
20250302,1,52,193
20250309,1,52,206
20250316,1,52,176
20250323,1,52,189
20250330,1,52,179
20250406,1,52,144
20250413,1,52,115
20250420,1,52,97
20250427,1,52,107
20250504,1,52,106
20250511,1,52,97
20250518,1,52,65
20250525,1,52,65
20250601,1,52,66
20250608,1,52,75
20250615,1,52,62
20250622,1,52,55
20250629,1,52,195
20250706,1,52,199
20250713,1,52,164
20250720,1,52,125
20250727,1,52,139
20250803,1,52,102
20250810,1,52,67
20250817,1,52,56
20250824,1,52,39
20250831,1,52,44
20250907,1,52,54
20250914,1,52,322
20250921,1,52,289
20250928,1,52,274
20251005,1,52,284
20251012,1,52,296
20251019,1,52,258
20251026,1,52,241
20251102,1,52,201
20251109,1,52,210
20251116,1,52,215
20251123,1,52,198
20251130,1,52,180
20251207,1,52,147
20251214,1,52,134
20251221,1,52,142
20251228,1,52,103
20260104,1,52,63
20260111,1,52,74
20260118,1,52,49
20260125,1,52,31
20260201,1,52,263
20260208,1,52,231
20260215,1,52,240
20260222,1,52,233
20260301,1,52,201
20260308,1,52,184
20260315,1,52,179
20260322,1,52,192
20260329,1,52,179
20260405,1,52,150
20260412,1,52,142
20260419,1,52,140
20260426,1,52,100
20260503,1,52,105
20260510,1,52,112
20260517,1,52,116
20260524,1,52,79
20260531,1,52,65
20260607,1,52,77
20260614,1,52,77
20260621,1,52,67
20260628,1,52,35
20260705,1,52,47
20260712,1,52,205
20260719,1,52,217
20260726,1,52,204
20260802,1,52,188
20260809,1,52,159
20260816,1,52,168
20260823,1,52,160
20250105,1,53,246
20250112,1,53,237
20250119,1,53,200
20250126,1,53,201
20250202,1,53,203
20250209,1,53,174
20250216,1,53,188
20250223,1,53,189
20250302,1,53,185
20250309,1,53,184
20250316,1,53,190
20250323,1,53,165
20250330,1,53,165
20250406,1,53,167
20250413,1,53,163
20250420,1,53,152
20250427,1,53,149
20250504,1,53,113
20250511,1,53,85
20250518,1,53,84
20250525,1,53,63
20250601,1,53,39
20250608,1,53,32
20250615,1,53,234
20250622,1,53,226
20250629,1,53,193
20250706,1,53,176
20250713,1,53,164
20250720,1,53,152
20250727,1,53,129
20250803,1,53,120
20250810,1,53,90
20250817,1,53,105
20250824,1,53,106
20250831,1,53,78
20250907,1,53,89
20250914,1,53,86
20250921,1,53,97
20250928,1,53,94
20251005,1,53,62
20251012,1,53,64
20251019,1,53,48
20251026,1,53,47
20251102,1,53,34
20251109,1,53,125
20251116,1,53,112
20251123,1,53,121
20251130,1,53,110
20251207,1,53,107
20251214,1,53,120
20251221,1,53,82
20251228,1,53,97
20260104,1,53,63
20260111,1,53,58
20260118,1,53,54
20260125,1,53,58
20260201,1,53,300
20260208,1,53,298
20260215,1,53,308
20260222,1,53,278
20260301,1,53,264
20260308,1,53,250
20260315,1,53,239
20260322,1,53,212
20260329,1,53,209
20260405,1,53,183
20260412,1,53,180
20260419,1,53,150
20260426,1,53,135
20260503,1,53,111
20260510,1,53,109
20260517,1,53,104
20260524,1,53,87
20260531,1,53,84
20260607,1,53,44
20260614,1,53,177
20260621,1,53,162
20260628,1,53,151
20260705,1,53,161
20260712,1,53,163
20260719,1,53,161
20260726,1,53,163
20260802,1,53,139
20260809,1,53,150
20260816,1,53,156
20260823,1,53,149
20250105,1,54,180
20250112,1,54,193
20250119,1,54,169
20250126,1,54,142
20250202,1,54,116
20250209,1,54,99
20250216,1,54,99
20250223,1,54,82
20250302,1,54,50
20250309,1,54,170
20250316,1,54,131
20250323,1,54,93
20250330,1,54,58
20250406,1,54,33
20250413,1,54,37
20250420,1,54,152
20250427,1,54,150
20250504,1,54,112
20250511,1,54,98
20250518,1,54,109
20250525,1,54,90
20250601,1,54,81
20250608,1,54,56
20250615,1,54,67
20250622,1,54,41
20250629,1,54,30
20250706,1,54,42
20250713,1,54,295
20250720,1,54,270
20250727,1,54,261
20250803,1,54,242
20250810,1,54,223
20250817,1,54,185
20250824,1,54,155
20250831,1,54,164
20250907,1,54,158
20250914,1,54,167
20250921,1,54,178
20250928,1,54,153
20251005,1,54,148
20251012,1,54,145
20251019,1,54,119
20251026,1,54,108
20251102,1,54,103
20251109,1,54,73
20251116,1,54,82
20251123,1,54,62
20251130,1,54,76
20251207,1,54,41
20251214,1,54,34
20251221,1,54,274
20251228,1,54,241
20260104,1,54,255
20260111,1,54,234
20260118,1,54,194
20260125,1,54,203
20260201,1,54,188
20260208,1,54,164
20260215,1,54,175
20260222,1,54,183
20260301,1,54,175
20260308,1,54,175
20260315,1,54,187
20260322,1,54,162
20260329,1,54,171
20260405,1,54,165
20260412,1,54,136
20260419,1,54,136
20260426,1,54,123
20260503,1,54,118
20260510,1,54,84
20260517,1,54,71
20260524,1,54,32
20260531,1,54,32
20260607,1,54,36
20260614,1,54,220
20260621,1,54,206
20260628,1,54,176
20260705,1,54,157
20260712,1,54,156
20260719,1,54,148
20260726,1,54,122
20260802,1,54,118
20260809,1,54,88
20260816,1,54,68
20260823,1,54,60
20250105,1,55,409
20250112,1,55,410
20250119,1,55,424
20250126,1,55,400
20250202,1,55,404
20250209,1,55,371
20250216,1,55,347
20250223,1,55,341
20250302,1,55,316
20250309,1,55,280
20250316,1,55,243
20250323,1,55,217
20250330,1,55,182
20250406,1,55,152
20250413,1,55,160
20250420,1,55,164
20250427,1,55,161
20250504,1,55,164
20250511,1,55,146
20250518,1,55,157
20250525,1,55,132
20250601,1,55,97
20250608,1,55,111
20250615,1,55,87
20250622,1,55,83
20250629,1,55,68
20250706,1,55,45
20250713,1,55,55
20250720,1,55,38
20250727,1,55,176
20250803,1,55,173
20250810,1,55,164
20250817,1,55,179
20250824,1,55,152
20250831,1,55,147
20250907,1,55,126
20250914,1,55,110
20250921,1,55,70
20250928,1,55,53
20251005,1,55,64
20251012,1,55,61
20251019,1,55,51
20251026,1,55,214
20251102,1,55,204
20251109,1,55,185
20251116,1,55,159
20251123,1,55,168
20251130,1,55,169
20251207,1,55,168
20251214,1,55,145
20251221,1,55,145
20251228,1,55,135
20260104,1,55,113
20260111,1,55,104
20260118,1,55,110
20260125,1,55,108
20260201,1,55,86
20260208,1,55,66
20260215,1,55,63
20260222,1,55,70
20260301,1,55,68
20260308,1,55,42
20260315,1,55,317
20260322,1,55,329
20260329,1,55,344
20260405,1,55,315
20260412,1,55,290
20260419,1,55,268
20260426,1,55,273
20260503,1,55,254
20260510,1,55,250
20260517,1,55,259
20260524,1,55,261
20260531,1,55,271
20260607,1,55,246
20260614,1,55,212
20260621,1,55,189
20260628,1,55,203
20260705,1,55,168
20260712,1,55,176
20260719,1,55,150
20260726,1,55,151
20260802,1,55,148
20260809,1,55,161
20260816,1,55,147
20260823,1,55,115
20250105,1,56,310
20250112,1,56,314
20250119,1,56,298
20250126,1,56,309
20250202,1,56,295
20250209,1,56,259
20250216,1,56,254
20250223,1,56,218
20250302,1,56,191
20250309,1,56,185
20250316,1,56,183
20250323,1,56,174
20250330,1,56,142
20250406,1,56,115
20250413,1,56,82
20250420,1,56,78
20250427,1,56,63
20250504,1,56,69
20250511,1,56,146
20250518,1,56,159
20250525,1,56,153
20250601,1,56,145
20250608,1,56,110
20250615,1,56,109
20250622,1,56,124
20250629,1,56,138
20250706,1,56,150
20250713,1,56,150
20250720,1,56,160
20250727,1,56,173
20250803,1,56,146
20250810,1,56,158
20250817,1,56,157
20250824,1,56,160
20250831,1,56,148
20250907,1,56,127
20250914,1,56,89
20250921,1,56,56
20250928,1,56,186
20251005,1,56,146
20251012,1,56,145
20251019,1,56,117
20251026,1,56,79
20251102,1,56,52
20251109,1,56,213
20251116,1,56,173
20251123,1,56,158
20251130,1,56,169
20251207,1,56,154
20251214,1,56,165
20251221,1,56,166
20251228,1,56,173
20260104,1,56,134
20260111,1,56,109
20260118,1,56,79
20260125,1,56,79
20260201,1,56,69
20260208,1,56,60
20260215,1,56,58
20260222,1,56,197
20260301,1,56,191
20260308,1,56,190
20260315,1,56,189
20260322,1,56,183
20260329,1,56,181
20260405,1,56,161
20260412,1,56,128
20260419,1,56,133
20260426,1,56,106
20260503,1,56,67
20260510,1,56,41
20260517,1,56,31
20260524,1,56,241
20260531,1,56,231
20260607,1,56,219
20260614,1,56,218
20260621,1,56,188
20260628,1,56,148
20260705,1,56,114
20260712,1,56,102
20260719,1,56,83
20260726,1,56,43
20260802,1,56,54
20260809,1,56,267
20260816,1,56,249
20260823,1,56,220
20250105,1,57,330
20250112,1,57,305
20250119,1,57,271
20250126,1,57,276
20250202,1,57,279
20250209,1,57,264
20250216,1,57,247
20250223,1,57,207
20250302,1,57,194
20250309,1,57,176
20250316,1,57,149
20250323,1,57,137
20250330,1,57,119
20250406,1,57,114
20250413,1,57,103
20250420,1,57,65
20250427,1,57,72
20250504,1,57,65
20250511,1,57,41
20250518,1,57,151
20250525,1,57,160
20250601,1,57,170
20250608,1,57,169
20250615,1,57,156
20250622,1,57,121
20250629,1,57,95
20250706,1,57,59
20250713,1,57,68
20250720,1,57,40
20250727,1,57,54
20250803,1,57,64
20250810,1,57,77
20250817,1,57,66
20250824,1,57,37
20250831,1,57,273
20250907,1,57,235
20250914,1,57,206
20250921,1,57,190
20250928,1,57,171
20251005,1,57,143
20251012,1,57,125
20251019,1,57,130
20251026,1,57,124
20251102,1,57,131
20251109,1,57,126
20251116,1,57,90
20251123,1,57,94
20251130,1,57,89
20251207,1,57,71
20251214,1,57,72
20251221,1,57,87
20251228,1,57,71
20260104,1,57,36
20260111,1,57,212
20260118,1,57,216
20260125,1,57,226
20260201,1,57,226
20260208,1,57,219
20260215,1,57,216
20260222,1,57,197
20260301,1,57,207
20260308,1,57,181
20260315,1,57,145
20260322,1,57,140
20260329,1,57,123
20260405,1,57,131
20260412,1,57,114
20260419,1,57,129
20260426,1,57,128
20260503,1,57,137
20260510,1,57,129
20260517,1,57,132
20260524,1,57,134
20260531,1,57,145
20260607,1,57,148
20260614,1,57,150
20260621,1,57,127
20260628,1,57,119
20260705,1,57,88
20260712,1,57,87
20260719,1,57,65
20260726,1,57,52
20260802,1,57,240
20260809,1,57,241
20260816,1,57,223
20260823,1,57,238
20250105,1,58,366
20250112,1,58,366
20250119,1,58,365
20250126,1,58,345
20250202,1,58,328
20250209,1,58,318
20250216,1,58,298
20250223,1,58,313
20250302,1,58,314
20250309,1,58,278
20250316,1,58,285
20250323,1,58,296
20250330,1,58,285
20250406,1,58,266
20250413,1,58,269
20250420,1,58,258
20250427,1,58,234
20250504,1,58,237
20250511,1,58,202
20250518,1,58,184
20250525,1,58,181
20250601,1,58,190
20250608,1,58,153
20250615,1,58,159
20250622,1,58,170
20250629,1,58,168
20250706,1,58,132
20250713,1,58,96
20250720,1,58,105
20250727,1,58,103
20250803,1,58,100
20250810,1,58,99
20250817,1,58,103
20250824,1,58,103
20250831,1,58,71
20250907,1,58,86
20250914,1,58,50
20250921,1,58,35
20250928,1,58,253
20251005,1,58,248
20251012,1,58,208
20251019,1,58,194
20251026,1,58,161
20251102,1,58,138
20251109,1,58,150
20251116,1,58,154
20251123,1,58,149
20251130,1,58,147
20251207,1,58,140
20251214,1,58,143
20251221,1,58,151
20251228,1,58,159
20260104,1,58,119
20260111,1,58,125
20260118,1,58,90
20260125,1,58,61
20260201,1,58,54
20260208,1,58,56
20260215,1,58,36
20260222,1,58,110
20260301,1,58,83
20260308,1,58,61
20260315,1,58,61
20260322,1,58,242
20260329,1,58,246
20260405,1,58,220
20260412,1,58,209
20260419,1,58,170
20260426,1,58,167
20260503,1,58,169
20260510,1,58,171
20260517,1,58,138
20260524,1,58,108
20260531,1,58,114
20260607,1,58,117
20260614,1,58,92
20260621,1,58,103
20260628,1,58,88
20260705,1,58,88
20260712,1,58,61
20260719,1,58,44
20260726,1,58,36
20260802,1,58,225
20260809,1,58,225
20260816,1,58,198
20260823,1,58,177
20250105,1,59,399
20250112,1,59,381
20250119,1,59,381
20250126,1,59,363
20250202,1,59,347
20250209,1,59,352
20250216,1,59,363
20250223,1,59,342
20250302,1,59,326
20250309,1,59,316
20250316,1,59,329
20250323,1,59,331
20250330,1,59,322
20250406,1,59,323
20250413,1,59,338
20250420,1,59,344
20250427,1,59,322
20250504,1,59,320
20250511,1,59,290
20250518,1,59,261
20250525,1,59,233
20250601,1,59,199
20250608,1,59,173
20250615,1,59,172
20250622,1,59,172
20250629,1,59,136
20250706,1,59,141
20250713,1,59,123
20250720,1,59,90
20250727,1,59,51
20250803,1,59,301
20250810,1,59,291
20250817,1,59,292
20250824,1,59,295
20250831,1,59,304
20250907,1,59,316
20250914,1,59,312
20250921,1,59,285
20250928,1,59,291
20251005,1,59,303
20251012,1,59,297
20251019,1,59,297
20251026,1,59,273
20251102,1,59,270
20251109,1,59,284
20251116,1,59,252
20251123,1,59,219
20251130,1,59,191
20251207,1,59,180
20251214,1,59,155
20251221,1,59,161
20251228,1,59,136
20260104,1,59,106
20260111,1,59,100
20260118,1,59,113
20260125,1,59,85
20260201,1,59,50
20260208,1,59,41
20260215,1,59,34
20260222,1,59,226
20260301,1,59,225
20260308,1,59,223
20260315,1,59,216
20260322,1,59,213
20260329,1,59,182
20260405,1,59,184
20260412,1,59,167
20260419,1,59,161
20260426,1,59,151
20260503,1,59,114
20260510,1,59,114
20260517,1,59,81
20260524,1,59,63
20260531,1,59,42
20260607,1,59,292
20260614,1,59,284
20260621,1,59,261
20260628,1,59,226
20260705,1,59,194
20260712,1,59,183
20260719,1,59,158
20260726,1,59,145
20260802,1,59,150
20260809,1,59,131
20260816,1,59,109
20260823,1,59,109
20250105,2,1,476
20250112,2,1,454
20250119,2,1,458
20250126,2,1,463
20250202,2,1,459
20250209,2,1,461
20250216,2,1,446
20250223,2,1,427
20250302,2,1,417
20250309,2,1,412
20250316,2,1,379
20250323,2,1,363
20250330,2,1,372
20250406,2,1,366
20250413,2,1,376
20250420,2,1,346
20250427,2,1,309
20250504,2,1,311
20250511,2,1,323
20250518,2,1,332
20250525,2,1,343
20250601,2,1,324
20250608,2,1,332
20250615,2,1,309
20250622,2,1,282
20250629,2,1,269
20250706,2,1,238
20250713,2,1,198
20250720,2,1,181
20250727,2,1,174
20250803,2,1,169
20250810,2,1,169
20250817,2,1,131
20250824,2,1,97
20250831,2,1,96
20250907,2,1,102
20250914,2,1,110
20250921,2,1,122
20250928,2,1,82
20251005,2,1,84
20251012,2,1,51
20251019,2,1,52
20251026,2,1,259
20251102,2,1,245
20251109,2,1,219
20251116,2,1,179
20251123,2,1,139
20251130,2,1,125
20251207,2,1,105
20251214,2,1,117
20251221,2,1,132
20251228,2,1,96
20260104,2,1,103
20260111,2,1,111
20260118,2,1,81
20260125,2,1,59
20260201,2,1,50
20260208,2,1,50
20260215,2,1,45
20260222,2,1,53
20260301,2,1,35
20260308,2,1,280
20260315,2,1,271
20260322,2,1,282
20260329,2,1,252
20260405,2,1,263
20260412,2,1,240
20260419,2,1,237
20260426,2,1,205
20260503,2,1,198
20260510,2,1,180
20260517,2,1,144
20260524,2,1,111
20260531,2,1,77
20260607,2,1,68
20260614,2,1,75
20260621,2,1,39
20260628,2,1,265
20260705,2,1,261
20260712,2,1,227
20260719,2,1,198
20260726,2,1,172
20260802,2,1,157
20260809,2,1,157
20260816,2,1,124
20260823,2,1,110
20250105,2,2,139
20250112,2,2,99
20250119,2,2,86
20250126,2,2,71
20250202,2,2,79
20250209,2,2,45
20250216,2,2,33
20250223,2,2,149
20250302,2,2,158
20250309,2,2,164
20250316,2,2,159
20250323,2,2,130
20250330,2,2,144
20250406,2,2,111
20250413,2,2,87
20250420,2,2,91
20250427,2,2,72
20250504,2,2,74
20250511,2,2,72
20250518,2,2,70
20250525,2,2,33
20250601,2,2,268
20250608,2,2,274
20250615,2,2,266
20250622,2,2,239
20250629,2,2,238
20250706,2,2,246
20250713,2,2,255
20250720,2,2,238
20250727,2,2,215
20250803,2,2,198
20250810,2,2,176
20250817,2,2,141
20250824,2,2,126
20250831,2,2,138
20250907,2,2,113
20250914,2,2,125
20250921,2,2,93
20250928,2,2,66
20251005,2,2,75
20251012,2,2,46
20251019,2,2,246
20251026,2,2,256
20251102,2,2,240
20251109,2,2,218
20251116,2,2,212
20251123,2,2,213
20251130,2,2,211
20251207,2,2,217
20251214,2,2,225
20251221,2,2,201
20251228,2,2,182
20260104,2,2,163
20260111,2,2,155
20260118,2,2,120
20260125,2,2,109
20260201,2,2,112
20260208,2,2,107
20260215,2,2,105
20260222,2,2,92
20260301,2,2,106
20260308,2,2,79
20260315,2,2,78
20260322,2,2,88
20260329,2,2,103
20260405,2,2,114
20260412,2,2,105
20260419,2,2,89
20260426,2,2,64
20260503,2,2,33
20260510,2,2,240
20260517,2,2,222
20260524,2,2,190
20260531,2,2,163
20260607,2,2,174
20260614,2,2,169
20260621,2,2,181
20260628,2,2,142
20260705,2,2,106
20260712,2,2,104
20260719,2,2,104
20260726,2,2,91
20260802,2,2,72
20260809,2,2,58
20260816,2,2,63
20260823,2,2,145
20250105,2,3,246
20250112,2,3,229
20250119,2,3,217
20250126,2,3,230
20250202,2,3,191
20250209,2,3,159
20250216,2,3,123
20250223,2,3,101
20250302,2,3,66
20250309,2,3,51
20250316,2,3,56
20250323,2,3,41
20250330,2,3,297
20250406,2,3,279
20250413,2,3,282
20250420,2,3,277
20250427,2,3,258
20250504,2,3,231
20250511,2,3,229
20250518,2,3,223
20250525,2,3,228
20250601,2,3,216
20250608,2,3,215
20250615,2,3,193
20250622,2,3,174
20250629,2,3,158
20250706,2,3,151
20250713,2,3,139
20250720,2,3,142
20250727,2,3,147
20250803,2,3,140
20250810,2,3,144
20250817,2,3,104
20250824,2,3,111
20250831,2,3,99
20250907,2,3,88
20250914,2,3,71
20250921,2,3,45
20250928,2,3,154
20251005,2,3,118
20251012,2,3,84
20251019,2,3,65
20251026,2,3,54
20251102,2,3,198
20251109,2,3,175
20251116,2,3,180
20251123,2,3,143
20251130,2,3,155
20251207,2,3,127
20251214,2,3,139
20251221,2,3,112
20251228,2,3,74
20260104,2,3,68
20260111,2,3,41
20260118,2,3,40
20260125,2,3,136
20260201,2,3,108
20260208,2,3,88
20260215,2,3,84
20260222,2,3,94
20260301,2,3,62
20260308,2,3,54
20260315,2,3,45
20260322,2,3,304
20260329,2,3,286
20260405,2,3,270
20260412,2,3,256
20260419,2,3,231
20260426,2,3,246
20260503,2,3,210
20260510,2,3,224
20260517,2,3,225
20260524,2,3,191
20260531,2,3,175
20260607,2,3,136
20260614,2,3,131
20260621,2,3,127
20260628,2,3,118
20260705,2,3,118
20260712,2,3,80
20260719,2,3,79
20260726,2,3,59
20260802,2,3,48
20260809,2,3,272
20260816,2,3,243
20260823,2,3,241
20250105,2,4,480
20250112,2,4,470
20250119,2,4,446
20250126,2,4,457
20250202,2,4,470
20250209,2,4,481
20250216,2,4,471
20250223,2,4,477
20250302,2,4,439
20250309,2,4,432
20250316,2,4,393
20250323,2,4,353
20250330,2,4,359
20250406,2,4,340
20250413,2,4,305
20250420,2,4,284
20250427,2,4,269
20250504,2,4,245
20250511,2,4,213
20250518,2,4,189
20250525,2,4,149
20250601,2,4,134
20250608,2,4,94
20250615,2,4,57
20250622,2,4,67
20250629,2,4,49
20250706,2,4,44
20250713,2,4,53
20250720,2,4,133
20250727,2,4,93
20250803,2,4,56
20250810,2,4,56
20250817,2,4,312
20250824,2,4,276
20250831,2,4,257
20250907,2,4,232
20250914,2,4,198
20250921,2,4,209
20250928,2,4,188
20251005,2,4,195
20251012,2,4,190
20251019,2,4,192
20251026,2,4,197
20251102,2,4,207
20251109,2,4,181
20251116,2,4,157
20251123,2,4,122
20251130,2,4,84
20251207,2,4,57
20251214,2,4,53
20251221,2,4,253
20251228,2,4,222
20260104,2,4,218
20260111,2,4,188
20260118,2,4,186
20260125,2,4,152
20260201,2,4,139
20260208,2,4,143
20260215,2,4,139
20260222,2,4,148
20260301,2,4,122
20260308,2,4,123
20260315,2,4,106
20260322,2,4,109
20260329,2,4,100
20260405,2,4,106
20260412,2,4,88
20260419,2,4,91
20260426,2,4,97
20260503,2,4,87
20260510,2,4,95
20260517,2,4,80
20260524,2,4,41
20260531,2,4,47
20260607,2,4,187
20260614,2,4,158
20260621,2,4,150
20260628,2,4,165
20260705,2,4,177
20260712,2,4,148
20260719,2,4,122
20260726,2,4,84
20260802,2,4,57
20260809,2,4,200
20260816,2,4,203
20260823,2,4,205
20250105,2,5,281
20250112,2,5,260
20250119,2,5,269
20250126,2,5,277
20250202,2,5,245
20250209,2,5,215
20250216,2,5,199
20250223,2,5,172
20250302,2,5,147
20250309,2,5,143
20250316,2,5,117
20250323,2,5,83
20250330,2,5,54
20250406,2,5,260
20250413,2,5,258
20250420,2,5,248
20250427,2,5,221
20250504,2,5,194
20250511,2,5,182
20250518,2,5,193
20250525,2,5,182
20250601,2,5,189
20250608,2,5,202
20250615,2,5,196
20250622,2,5,159
20250629,2,5,159
20250706,2,5,139
20250713,2,5,104
20250720,2,5,115
20250727,2,5,104
20250803,2,5,72
20250810,2,5,53
20250817,2,5,56
20250824,2,5,61
20250831,2,5,73
20250907,2,5,58
20250914,2,5,71
20250921,2,5,76
20250928,2,5,81
20251005,2,5,41
20251012,2,5,145
20251019,2,5,142
20251026,2,5,125
20251102,2,5,113
20251109,2,5,97
20251116,2,5,98
20251123,2,5,63
20251130,2,5,67
20251207,2,5,32
20251214,2,5,254
20251221,2,5,226
20251228,2,5,240
20260104,2,5,209
20260111,2,5,207
20260118,2,5,190
20260125,2,5,171
20260201,2,5,172
20260208,2,5,168
20260215,2,5,159
20260222,2,5,129
20260301,2,5,125
20260308,2,5,89
20260315,2,5,79
20260322,2,5,41
20260329,2,5,277
20260405,2,5,260
20260412,2,5,233
20260419,2,5,232
20260426,2,5,224
20260503,2,5,191
20260510,2,5,196
20260517,2,5,176
20260524,2,5,180
20260531,2,5,145
20260607,2,5,149
20260614,2,5,160
20260621,2,5,144
20260628,2,5,139
20260705,2,5,135
20260712,2,5,140
20260719,2,5,137
20260726,2,5,148
20260802,2,5,138
20260809,2,5,147
20260816,2,5,134
20260823,2,5,147
20250105,2,6,267
20250112,2,6,271
20250119,2,6,285
20250126,2,6,279
20250202,2,6,285
20250209,2,6,253
20250216,2,6,232
20250223,2,6,235
20250302,2,6,232
20250309,2,6,224
20250316,2,6,204
20250323,2,6,164
20250330,2,6,179
20250406,2,6,154
20250413,2,6,127
20250420,2,6,117
20250427,2,6,83
20250504,2,6,62
20250511,2,6,39
20250518,2,6,316
20250525,2,6,282
20250601,2,6,255
20250608,2,6,221
20250615,2,6,206
20250622,2,6,201
20250629,2,6,216
20250706,2,6,205
20250713,2,6,187
20250720,2,6,200
20250727,2,6,170
20250803,2,6,162
20250810,2,6,147
20250817,2,6,155
20250824,2,6,156
20250831,2,6,158
20250907,2,6,145
20250914,2,6,125
20250921,2,6,138
20250928,2,6,142
20251005,2,6,110
20251012,2,6,87
20251019,2,6,61
20251026,2,6,38
20251102,2,6,38
20251109,2,6,43
20251116,2,6,172
20251123,2,6,140
20251130,2,6,132
20251207,2,6,142
20251214,2,6,152
20251221,2,6,146
20251228,2,6,111
20260104,2,6,94
20260111,2,6,82
20260118,2,6,85
20260125,2,6,95
20260201,2,6,103
20260208,2,6,74
20260215,2,6,42
20260222,2,6,216
20260301,2,6,191
20260308,2,6,199
20260315,2,6,178
20260322,2,6,142
20260329,2,6,143
20260405,2,6,131
20260412,2,6,144
20260419,2,6,150
20260426,2,6,142
20260503,2,6,132
20260510,2,6,127
20260517,2,6,103
20260524,2,6,107
20260531,2,6,100
20260607,2,6,103
20260614,2,6,88
20260621,2,6,98
20260628,2,6,105
20260705,2,6,68
20260712,2,6,67
20260719,2,6,79
20260726,2,6,59
20260802,2,6,38
20260809,2,6,194
20260816,2,6,191
20260823,2,6,180
20250105,2,7,221
20250112,2,7,202
20250119,2,7,216
20250126,2,7,189
20250202,2,7,150
20250209,2,7,165
20250216,2,7,153
20250223,2,7,133
20250302,2,7,130
20250309,2,7,141
20250316,2,7,111
20250323,2,7,120
20250330,2,7,109
20250406,2,7,119
20250413,2,7,107
20250420,2,7,109
20250427,2,7,120
20250504,2,7,101
20250511,2,7,96
20250518,2,7,111
20250525,2,7,71
20250601,2,7,70
20250608,2,7,34
20250615,2,7,298
20250622,2,7,262
20250629,2,7,258
20250706,2,7,224
20250713,2,7,207
20250720,2,7,202
20250727,2,7,170
20250803,2,7,170
20250810,2,7,185
20250817,2,7,152
20250824,2,7,128
20250831,2,7,105
20250907,2,7,109
20250914,2,7,121
20250921,2,7,124
20250928,2,7,107
20251005,2,7,74
20251012,2,7,88
20251019,2,7,53
20251026,2,7,312
20251102,2,7,273
20251109,2,7,278
20251116,2,7,257
20251123,2,7,250
20251130,2,7,225
20251207,2,7,233
20251214,2,7,215
20251221,2,7,206
20251228,2,7,180
20260104,2,7,175
20260111,2,7,180
20260118,2,7,151
20260125,2,7,141
20260201,2,7,145
20260208,2,7,125
20260215,2,7,113
20260222,2,7,80
20260301,2,7,64
20260308,2,7,33
20260315,2,7,198
20260322,2,7,210
20260329,2,7,194
20260405,2,7,197
20260412,2,7,191
20260419,2,7,189
20260426,2,7,155
20260503,2,7,136
20260510,2,7,139
20260517,2,7,149
20260524,2,7,130
20260531,2,7,113
20260607,2,7,120
20260614,2,7,113
20260621,2,7,81
20260628,2,7,52
20260705,2,7,48
20260712,2,7,211
20260719,2,7,173
20260726,2,7,134
20260802,2,7,115
20260809,2,7,98
20260816,2,7,66
20260823,2,7,56
20250105,2,8,258
20250112,2,8,221
20250119,2,8,187
20250126,2,8,175
20250202,2,8,187
20250209,2,8,172
20250216,2,8,168
20250223,2,8,140
20250302,2,8,137
20250309,2,8,142
20250316,2,8,146
20250323,2,8,154
20250330,2,8,119
20250406,2,8,100
20250413,2,8,106
20250420,2,8,68
20250427,2,8,47
20250504,2,8,52
20250511,2,8,66
20250518,2,8,61
20250525,2,8,64
20250601,2,8,63
20250608,2,8,67
20250615,2,8,62
20250622,2,8,43
20250629,2,8,41
20250706,2,8,169
20250713,2,8,168
20250720,2,8,169
20250727,2,8,184
20250803,2,8,160
20250810,2,8,156
20250817,2,8,152
20250824,2,8,165
20250831,2,8,175
20250907,2,8,159
20250914,2,8,162
20250921,2,8,144
20250928,2,8,135
20251005,2,8,136
20251012,2,8,117
20251019,2,8,104
20251026,2,8,109
20251102,2,8,90
20251109,2,8,79
20251116,2,8,40
20251123,2,8,194
20251130,2,8,209
20251207,2,8,219
20251214,2,8,219
20251221,2,8,187
20251228,2,8,194
20260104,2,8,199
20260111,2,8,207
20260118,2,8,206
20260125,2,8,176
20260201,2,8,187
20260208,2,8,193
20260215,2,8,202
20260222,2,8,173
20260301,2,8,135
20260308,2,8,99
20260315,2,8,70
20260322,2,8,41
20260329,2,8,176
20260405,2,8,183
20260412,2,8,174
20260419,2,8,149
20260426,2,8,136
20260503,2,8,122
20260510,2,8,106
20260517,2,8,68
20260524,2,8,76
20260531,2,8,55
20260607,2,8,48
20260614,2,8,47
20260621,2,8,62
20260628,2,8,39
20260705,2,8,46
20260712,2,8,43
20260719,2,8,204
20260726,2,8,196
20260802,2,8,201
20260809,2,8,164
20260816,2,8,172
20260823,2,8,149
20250105,2,9,427
20250112,2,9,429
20250119,2,9,392
20250126,2,9,374
20250202,2,9,338
20250209,2,9,298
20250216,2,9,284
20250223,2,9,271
20250302,2,9,245
20250309,2,9,220
20250316,2,9,183
20250323,2,9,179
20250330,2,9,179
20250406,2,9,181
20250413,2,9,187
20250420,2,9,191
20250427,2,9,153
20250504,2,9,117
20250511,2,9,115
20250518,2,9,119
20250525,2,9,120
20250601,2,9,95
20250608,2,9,67
20250615,2,9,70
20250622,2,9,45
20250629,2,9,39
20250706,2,9,304
20250713,2,9,309
20250720,2,9,303
20250727,2,9,265
20250803,2,9,245
20250810,2,9,256
20250817,2,9,261
20250824,2,9,264
20250831,2,9,258
20250907,2,9,226
20250914,2,9,208
20250921,2,9,192
20250928,2,9,193
20251005,2,9,187
20251012,2,9,152
20251019,2,9,127
20251026,2,9,94
20251102,2,9,77
20251109,2,9,38
20251116,2,9,31
20251123,2,9,211
20251130,2,9,211
20251207,2,9,213
20251214,2,9,227
20251221,2,9,199
20251228,2,9,171
20260104,2,9,148
20260111,2,9,138
20260118,2,9,137
20260125,2,9,118
20260201,2,9,126
20260208,2,9,122
20260215,2,9,108
20260222,2,9,97
20260301,2,9,67
20260308,2,9,46
20260315,2,9,275
20260322,2,9,240
20260329,2,9,242
20260405,2,9,228
20260412,2,9,212
20260419,2,9,192
20260426,2,9,177
20260503,2,9,153
20260510,2,9,125
20260517,2,9,98
20260524,2,9,89
20260531,2,9,75
20260607,2,9,38
20260614,2,9,47
20260621,2,9,58
20260628,2,9,59
20260705,2,9,47
20260712,2,9,244
20260719,2,9,218
20260726,2,9,230
20260802,2,9,206
20260809,2,9,182
20260816,2,9,176
20260823,2,9,138
20250105,2,10,196
20250112,2,10,202
20250119,2,10,209
20250126,2,10,223
20250202,2,10,233
20250209,2,10,242
20250216,2,10,237
20250223,2,10,226
20250302,2,10,215
20250309,2,10,186
20250316,2,10,197
20250323,2,10,198
20250330,2,10,197
20250406,2,10,179
20250413,2,10,180
20250420,2,10,163
20250427,2,10,132
20250504,2,10,115
20250511,2,10,93
20250518,2,10,88
20250525,2,10,99
20250601,2,10,88
20250608,2,10,81
20250615,2,10,42
20250622,2,10,135
20250629,2,10,146
20250706,2,10,158
20250713,2,10,160
20250720,2,10,160
20250727,2,10,171
20250803,2,10,158
20250810,2,10,136
20250817,2,10,113
20250824,2,10,121
20250831,2,10,83
20250907,2,10,46
20250914,2,10,60
20250921,2,10,49
20250928,2,10,51
20251005,2,10,44
20251012,2,10,260
20251019,2,10,239
20251026,2,10,217
20251102,2,10,206
20251109,2,10,216
20251116,2,10,199
20251123,2,10,161
20251130,2,10,130
20251207,2,10,102
20251214,2,10,75
20251221,2,10,38
20251228,2,10,39
20260104,2,10,36
20260111,2,10,232
20260118,2,10,243
20260125,2,10,257
20260201,2,10,238
20260208,2,10,228
20260215,2,10,212
20260222,2,10,175
20260301,2,10,150
20260308,2,10,160
20260315,2,10,156
20260322,2,10,141
20260329,2,10,135
20260405,2,10,127
20260412,2,10,104
20260419,2,10,70
20260426,2,10,82
20260503,2,10,80
20260510,2,10,68
20260517,2,10,43
20260524,2,10,312
20260531,2,10,288
20260607,2,10,278
20260614,2,10,264
20260621,2,10,255
20260628,2,10,223
20260705,2,10,192
20260712,2,10,191
20260719,2,10,193
20260726,2,10,184
20260802,2,10,172
20260809,2,10,147
20260816,2,10,118
20260823,2,10,81
20250105,2,11,225
20250112,2,11,192
20250119,2,11,172
20250126,2,11,161
20250202,2,11,123
20250209,2,11,115
20250216,2,11,97
20250223,2,11,59
20250302,2,11,31
20250309,2,11,140
20250316,2,11,127
20250323,2,11,101
20250330,2,11,72
20250406,2,11,48
20250413,2,11,279
20250420,2,11,247
20250427,2,11,249
20250504,2,11,259
20250511,2,11,235
20250518,2,11,214
20250525,2,11,218
20250601,2,11,190
20250608,2,11,184
20250615,2,11,153
20250622,2,11,132
20250629,2,11,136
20250706,2,11,135
20250713,2,11,131
20250720,2,11,104
20250727,2,11,95
20250803,2,11,55
20250810,2,11,32
20250817,2,11,200
20250824,2,11,195
20250831,2,11,199
20250907,2,11,195
20250914,2,11,170
20250921,2,11,144
20250928,2,11,132
20251005,2,11,147
20251012,2,11,158
20251019,2,11,169
20251026,2,11,163
20251102,2,11,162
20251109,2,11,128
20251116,2,11,132
20251123,2,11,104
20251130,2,11,80
20251207,2,11,61
20251214,2,11,73
20251221,2,11,35
20251228,2,11,139
20260104,2,11,130
20260111,2,11,98
20260118,2,11,58
20260125,2,11,57
20260201,2,11,32
20260208,2,11,33
20260215,2,11,133
20260222,2,11,99
20260301,2,11,86
20260308,2,11,62
20260315,2,11,54
20260322,2,11,290
20260329,2,11,251
20260405,2,11,262
20260412,2,11,227
20260419,2,11,188
20260426,2,11,200
20260503,2,11,199
20260510,2,11,168
20260517,2,11,158
20260524,2,11,173
20260531,2,11,186
20260607,2,11,196
20260614,2,11,206
20260621,2,11,184
20260628,2,11,150
20260705,2,11,139
20260712,2,11,135
20260719,2,11,104
20260726,2,11,87
20260802,2,11,52
20260809,2,11,135
20260816,2,11,149
20260823,2,11,134
20250105,2,12,346
20250112,2,12,334
20250119,2,12,316
20250126,2,12,319
20250202,2,12,282
20250209,2,12,281
20250216,2,12,258
20250223,2,12,252
20250302,2,12,256
20250309,2,12,242
20250316,2,12,227
20250323,2,12,231
20250330,2,12,229
20250406,2,12,235
20250413,2,12,195
20250420,2,12,156
20250427,2,12,168
20250504,2,12,138
20250511,2,12,104
20250518,2,12,77
20250525,2,12,87
20250601,2,12,91
20250608,2,12,103
20250615,2,12,68
20250622,2,12,37
20250629,2,12,144
20250706,2,12,110
20250713,2,12,114
20250720,2,12,107
20250727,2,12,81
20250803,2,12,91
20250810,2,12,84
20250817,2,12,77
20250824,2,12,60
20250831,2,12,154
20250907,2,12,154
20250914,2,12,168
20250921,2,12,151
20250928,2,12,146
20251005,2,12,135
20251012,2,12,143
20251019,2,12,114
20251026,2,12,123
20251102,2,12,100
20251109,2,12,105
20251116,2,12,88
20251123,2,12,97
20251130,2,12,87
20251207,2,12,97
20251214,2,12,72
20251221,2,12,33
20251228,2,12,189
20260104,2,12,154
20260111,2,12,167
20260118,2,12,157
20260125,2,12,136
20260201,2,12,142
20260208,2,12,121
20260215,2,12,97
20260222,2,12,59
20260301,2,12,59
20260308,2,12,225
20260315,2,12,235
20260322,2,12,241
20260329,2,12,222
20260405,2,12,226
20260412,2,12,202
20260419,2,12,198
20260426,2,12,207
20260503,2,12,168
20260510,2,12,174
20260517,2,12,170
20260524,2,12,177
20260531,2,12,147
20260607,2,12,122
20260614,2,12,136
20260621,2,12,135
20260628,2,12,150
20260705,2,12,114
20260712,2,12,82
20260719,2,12,45
20260726,2,12,276
20260802,2,12,286
20260809,2,12,248
20260816,2,12,248
20260823,2,12,231
20250105,2,13,142
20250112,2,13,126
20250119,2,13,111
20250126,2,13,87
20250202,2,13,89
20250209,2,13,101
20250216,2,13,110
20250223,2,13,99
20250302,2,13,85
20250309,2,13,56
20250316,2,13,53
20250323,2,13,44
20250330,2,13,52
20250406,2,13,199
20250413,2,13,159
20250420,2,13,138
20250427,2,13,149
20250504,2,13,131
20250511,2,13,134
20250518,2,13,129
20250525,2,13,135
20250601,2,13,116
20250608,2,13,102
20250615,2,13,98
20250622,2,13,113
20250629,2,13,115
20250706,2,13,85
20250713,2,13,92
20250720,2,13,102
20250727,2,13,65
20250803,2,13,72
20250810,2,13,47
20250817,2,13,239
20250824,2,13,233
20250831,2,13,233
20250907,2,13,204
20250914,2,13,182
20250921,2,13,179
20250928,2,13,182
20251005,2,13,143
20251012,2,13,120
20251019,2,13,115
20251026,2,13,116
20251102,2,13,107
20251109,2,13,76
20251116,2,13,56
20251123,2,13,71
20251130,2,13,64
20251207,2,13,74
20251214,2,13,65
20251221,2,13,57
20251228,2,13,225
20260104,2,13,211
20260111,2,13,219
20260118,2,13,210
20260125,2,13,190
20260201,2,13,161
20260208,2,13,135
20260215,2,13,103
20260222,2,13,103
20260301,2,13,116
20260308,2,13,97
20260315,2,13,105
20260322,2,13,110
20260329,2,13,92
20260405,2,13,68
20260412,2,13,57
20260419,2,13,33
20260426,2,13,42
20260503,2,13,31
20260510,2,13,256
20260517,2,13,216
20260524,2,13,215
20260531,2,13,204
20260607,2,13,201
20260614,2,13,178
20260621,2,13,140
20260628,2,13,122
20260705,2,13,137
20260712,2,13,133
20260719,2,13,142
20260726,2,13,155
20260802,2,13,119
20260809,2,13,95
20260816,2,13,85
20260823,2,13,79
20250105,2,14,102
20250112,2,14,69
20250119,2,14,66
20250126,2,14,63
20250202,2,14,66
20250209,2,14,63
20250216,2,14,313
20250223,2,14,288
20250302,2,14,298
20250309,2,14,305
20250316,2,14,297
20250323,2,14,305
20250330,2,14,290
20250406,2,14,302
20250413,2,14,311
20250420,2,14,302
20250427,2,14,278
20250504,2,14,267
20250511,2,14,273
20250518,2,14,274
20250525,2,14,240
20250601,2,14,255
20250608,2,14,242
20250615,2,14,225
20250622,2,14,236
20250629,2,14,210
20250706,2,14,218
20250713,2,14,212
20250720,2,14,172
20250727,2,14,164
20250803,2,14,145
20250810,2,14,143
20250817,2,14,106
20250824,2,14,113
20250831,2,14,90
20250907,2,14,54
20250914,2,14,51
20250921,2,14,64
20250928,2,14,45
20251005,2,14,320
20251012,2,14,308
20251019,2,14,317
20251026,2,14,290
20251102,2,14,276
20251109,2,14,272
20251116,2,14,263
20251123,2,14,278
20251130,2,14,242
20251207,2,14,235
20251214,2,14,198
20251221,2,14,206
20251228,2,14,171
20260104,2,14,174
20260111,2,14,179
20260118,2,14,173
20260125,2,14,157
20260201,2,14,117
20260208,2,14,120
20260215,2,14,122
20260222,2,14,113
20260301,2,14,79
20260308,2,14,52
20260315,2,14,54
20260322,2,14,47
20260329,2,14,308
20260405,2,14,323
20260412,2,14,291
20260419,2,14,252
20260426,2,14,230
20260503,2,14,218
20260510,2,14,229
20260517,2,14,231
20260524,2,14,220
20260531,2,14,190
20260607,2,14,202
20260614,2,14,172
20260621,2,14,168
20260628,2,14,158
20260705,2,14,140
20260712,2,14,144
20260719,2,14,151
20260726,2,14,163
20260802,2,14,152
20260809,2,14,151
20260816,2,14,136
20260823,2,14,106
20250105,2,15,124
20250112,2,15,104
20250119,2,15,106
20250126,2,15,108
20250202,2,15,112
20250209,2,15,95
20250216,2,15,99
20250223,2,15,94
20250302,2,15,108
20250309,2,15,83
20250316,2,15,81
20250323,2,15,78
20250330,2,15,72
20250406,2,15,53
20250413,2,15,40
20250420,2,15,141
20250427,2,15,138
20250504,2,15,102
20250511,2,15,75
20250518,2,15,49
20250525,2,15,46
20250601,2,15,212
20250608,2,15,188
20250615,2,15,158
20250622,2,15,143
20250629,2,15,137
20250706,2,15,124
20250713,2,15,84
20250720,2,15,60
20250727,2,15,72
20250803,2,15,40
20250810,2,15,299
20250817,2,15,298
20250824,2,15,307
20250831,2,15,300
20250907,2,15,303
20250914,2,15,304
20250921,2,15,303
20250928,2,15,318
20251005,2,15,315
20251012,2,15,325
20251019,2,15,292
20251026,2,15,269
20251102,2,15,244
20251109,2,15,253
20251116,2,15,231
20251123,2,15,224
20251130,2,15,184
20251207,2,15,180
20251214,2,15,161
20251221,2,15,137
20251228,2,15,118
20260104,2,15,122
20260111,2,15,130
20260118,2,15,97
20260125,2,15,78
20260201,2,15,64
20260208,2,15,45
20260215,2,15,49
20260222,2,15,42
20260301,2,15,178
20260308,2,15,170
20260315,2,15,165
20260322,2,15,170
20260329,2,15,148
20260405,2,15,112
20260412,2,15,72
20260419,2,15,55
20260426,2,15,35
20260503,2,15,281
20260510,2,15,243
20260517,2,15,238
20260524,2,15,249
20260531,2,15,238
20260607,2,15,244
20260614,2,15,231
20260621,2,15,240
20260628,2,15,231
20260705,2,15,208
20260712,2,15,213
20260719,2,15,195
20260726,2,15,191
20260802,2,15,190
20260809,2,15,187
20260816,2,15,148
20260823,2,15,118
20250105,2,16,250
20250112,2,16,262
20250119,2,16,230
20250126,2,16,208
20250202,2,16,208
20250209,2,16,190
20250216,2,16,175
20250223,2,16,144
20250302,2,16,113
20250309,2,16,117
20250316,2,16,98
20250323,2,16,95
20250330,2,16,96
20250406,2,16,65
20250413,2,16,51
20250420,2,16,57
20250427,2,16,71
20250504,2,16,82
20250511,2,16,96
20250518,2,16,102
20250525,2,16,115
20250601,2,16,122
20250608,2,16,132
20250615,2,16,144
20250622,2,16,119
20250629,2,16,98
20250706,2,16,97
20250713,2,16,88
20250720,2,16,53
20250727,2,16,33
20250803,2,16,291
20250810,2,16,255
20250817,2,16,227
20250824,2,16,204
20250831,2,16,212
20250907,2,16,224
20250914,2,16,239
20250921,2,16,219
20250928,2,16,184
20251005,2,16,176
20251012,2,16,136
20251019,2,16,127
20251026,2,16,113
20251102,2,16,78
20251109,2,16,89
20251116,2,16,80
20251123,2,16,71
20251130,2,16,69
20251207,2,16,55
20251214,2,16,47
20251221,2,16,48
20251228,2,16,125
20260104,2,16,86
20260111,2,16,54
20260118,2,16,35
20260125,2,16,303
20260201,2,16,271
20260208,2,16,240
20260215,2,16,227
20260222,2,16,213
20260301,2,16,189
20260308,2,16,197
20260315,2,16,194
20260322,2,16,185
20260329,2,16,184
20260405,2,16,176
20260412,2,16,162
20260419,2,16,175
20260426,2,16,181
20260503,2,16,160
20260510,2,16,156
20260517,2,16,125
20260524,2,16,104
20260531,2,16,91
20260607,2,16,71
20260614,2,16,70
20260621,2,16,73
20260628,2,16,59
20260705,2,16,37
20260712,2,16,224
20260719,2,16,233
20260726,2,16,196
20260802,2,16,156
20260809,2,16,120
20260816,2,16,100
20260823,2,16,82
20250105,2,17,294
20250112,2,17,277
20250119,2,17,257
20250126,2,17,243
20250202,2,17,254
20250209,2,17,215
20250216,2,17,177
20250223,2,17,167
20250302,2,17,164
20250309,2,17,124
20250316,2,17,111
20250323,2,17,96
20250330,2,17,95
20250406,2,17,91
20250413,2,17,96
20250420,2,17,98
20250427,2,17,82
20250504,2,17,86
20250511,2,17,84
20250518,2,17,66
20250525,2,17,54
20250601,2,17,55
20250608,2,17,47
20250615,2,17,264
20250622,2,17,246
20250629,2,17,212
20250706,2,17,184
20250713,2,17,158
20250720,2,17,134
20250727,2,17,131
20250803,2,17,141
20250810,2,17,106
20250817,2,17,92
20250824,2,17,96
20250831,2,17,109
20250907,2,17,103
20250914,2,17,83
20250921,2,17,55
20250928,2,17,49
20251005,2,17,43
20251012,2,17,240
20251019,2,17,202
20251026,2,17,194
20251102,2,17,165
20251109,2,17,131
20251116,2,17,107
20251123,2,17,74
20251130,2,17,61
20251207,2,17,54
20251214,2,17,46
20251221,2,17,47
20251228,2,17,30
20260104,2,17,260
20260111,2,17,234
20260118,2,17,243
20260125,2,17,231
20260201,2,17,218
20260208,2,17,191
20260215,2,17,199
20260222,2,17,185
20260301,2,17,194
20260308,2,17,183
20260315,2,17,153
20260322,2,17,165
20260329,2,17,169
20260405,2,17,144
20260412,2,17,124
20260419,2,17,97
20260426,2,17,63
20260503,2,17,54
20260510,2,17,142
20260517,2,17,148
20260524,2,17,159
20260531,2,17,170
20260607,2,17,170
20260614,2,17,145
20260621,2,17,109
20260628,2,17,73
20260705,2,17,33
20260712,2,17,235
20260719,2,17,198
20260726,2,17,163
20260802,2,17,138
20260809,2,17,136
20260816,2,17,101
20260823,2,17,64
20250105,2,18,59
20250112,2,18,35
20250119,2,18,38
20250126,2,18,291
20250202,2,18,267
20250209,2,18,260
20250216,2,18,264
20250223,2,18,240
20250302,2,18,227
20250309,2,18,235
20250316,2,18,198
20250323,2,18,169
20250330,2,18,173
20250406,2,18,173
20250413,2,18,145
20250420,2,18,137
20250427,2,18,148
20250504,2,18,117
20250511,2,18,93
20250518,2,18,73
20250525,2,18,43
20250601,2,18,48
20250608,2,18,174
20250615,2,18,185
20250622,2,18,171
20250629,2,18,166
20250706,2,18,174
20250713,2,18,161
20250720,2,18,160
20250727,2,18,120
20250803,2,18,122
20250810,2,18,123
20250817,2,18,125
20250824,2,18,88
20250831,2,18,69
20250907,2,18,74
20250914,2,18,56
20250921,2,18,37
20250928,2,18,300
20251005,2,18,272
20251012,2,18,272
20251019,2,18,262
20251026,2,18,262
20251102,2,18,261
20251109,2,18,264
20251116,2,18,243
20251123,2,18,235
20251130,2,18,237
20251207,2,18,236
20251214,2,18,223
20251221,2,18,221
20251228,2,18,232
20260104,2,18,228
20260111,2,18,202
20260118,2,18,162
20260125,2,18,142
20260201,2,18,152
20260208,2,18,139
20260215,2,18,132
20260222,2,18,124
20260301,2,18,93
20260308,2,18,105
20260315,2,18,70
20260322,2,18,57
20260329,2,18,67
20260405,2,18,60
20260412,2,18,256
20260419,2,18,222
20260426,2,18,224
20260503,2,18,202
20260510,2,18,186
20260517,2,18,191
20260524,2,18,171
20260531,2,18,184
20260607,2,18,179
20260614,2,18,143
20260621,2,18,103
20260628,2,18,67
20260705,2,18,53
20260712,2,18,60
20260719,2,18,69
20260726,2,18,58
20260802,2,18,53
20260809,2,18,312
20260816,2,18,282
20260823,2,18,251
20250105,2,19,445
20250112,2,19,435
20250119,2,19,407
20250126,2,19,396
20250202,2,19,369
20250209,2,19,356
20250216,2,19,347
20250223,2,19,325
20250302,2,19,338
20250309,2,19,312
20250316,2,19,313
20250323,2,19,322
20250330,2,19,308
20250406,2,19,292
20250413,2,19,272
20250420,2,19,238
20250427,2,19,252
20250504,2,19,223
20250511,2,19,232
20250518,2,19,200
20250525,2,19,183
20250601,2,19,145
20250608,2,19,130
20250615,2,19,116
20250622,2,19,110
20250629,2,19,115
20250706,2,19,93
20250713,2,19,69
20250720,2,19,52
20250727,2,19,40
20250803,2,19,284
20250810,2,19,260
20250817,2,19,239
20250824,2,19,242
20250831,2,19,245
20250907,2,19,223
20250914,2,19,193
20250921,2,19,159
20250928,2,19,174
20251005,2,19,146
20251012,2,19,151
20251019,2,19,136
20251026,2,19,126
20251102,2,19,93
20251109,2,19,83
20251116,2,19,44
20251123,2,19,238
20251130,2,19,238
20251207,2,19,213
20251214,2,19,227
20251221,2,19,211
20251228,2,19,196
20260104,2,19,203
20260111,2,19,187
20260118,2,19,199
20260125,2,19,183
20260201,2,19,183
20260208,2,19,145
20260215,2,19,148
20260222,2,19,145
20260301,2,19,132
20260308,2,19,124
20260315,2,19,99
20260322,2,19,105
20260329,2,19,102
20260405,2,19,65
20260412,2,19,75
20260419,2,19,41
20260426,2,19,286
20260503,2,19,277
20260510,2,19,288
20260517,2,19,303
20260524,2,19,263
20260531,2,19,249
20260607,2,19,254
20260614,2,19,248
20260621,2,19,240
20260628,2,19,215
20260705,2,19,213
20260712,2,19,175
20260719,2,19,148
20260726,2,19,116
20260802,2,19,78
20260809,2,19,89
20260816,2,19,95
20260823,2,19,67
20250105,2,20,256
20250112,2,20,259
20250119,2,20,231
20250126,2,20,212
20250202,2,20,223
20250209,2,20,196
20250216,2,20,195
20250223,2,20,172
20250302,2,20,164
20250309,2,20,132
20250316,2,20,135
20250323,2,20,111
20250330,2,20,96
20250406,2,20,104
20250413,2,20,115
20250420,2,20,100
20250427,2,20,88
20250504,2,20,83
20250511,2,20,74
20250518,2,20,88
20250525,2,20,56
20250601,2,20,57
20250608,2,20,273
20250615,2,20,262
20250622,2,20,253
20250629,2,20,230
20250706,2,20,197
20250713,2,20,192
20250720,2,20,164
20250727,2,20,170
20250803,2,20,152
20250810,2,20,123
20250817,2,20,106
20250824,2,20,106
20250831,2,20,117
20250907,2,20,94
20250914,2,20,67
20250921,2,20,78
20250928,2,20,76
20251005,2,20,91
20251012,2,20,71
20251019,2,20,63
20251026,2,20,52
20251102,2,20,260
20251109,2,20,267
20251116,2,20,282
20251123,2,20,280
20251130,2,20,275
20251207,2,20,241
20251214,2,20,202
20251221,2,20,208
20251228,2,20,207
20260104,2,20,175
20260111,2,20,174
20260118,2,20,163
20260125,2,20,177
20260201,2,20,144
20260208,2,20,112
20260215,2,20,105
20260222,2,20,109
20260301,2,20,117
20260308,2,20,118
20260315,2,20,78
20260322,2,20,77
20260329,2,20,83
20260405,2,20,60
20260412,2,20,42
20260419,2,20,145
20260426,2,20,158
20260503,2,20,171
20260510,2,20,162
20260517,2,20,133
20260524,2,20,108
20260531,2,20,91
20260607,2,20,65
20260614,2,20,68
20260621,2,20,59
20260628,2,20,63
20260705,2,20,77
20260712,2,20,38
20260719,2,20,37
20260726,2,20,192
20260802,2,20,172
20260809,2,20,184
20260816,2,20,154
20260823,2,20,136
20250105,2,21,426
20250112,2,21,426
20250119,2,21,431
20250126,2,21,401
20250202,2,21,394
20250209,2,21,372
20250216,2,21,375
20250223,2,21,370
20250302,2,21,361
20250309,2,21,368
20250316,2,21,371
20250323,2,21,375
20250330,2,21,375
20250406,2,21,376
20250413,2,21,351
20250420,2,21,357
20250427,2,21,354
20250504,2,21,348
20250511,2,21,351
20250518,2,21,355
20250525,2,21,369
20250601,2,21,346
20250608,2,21,352
20250615,2,21,343
20250622,2,21,320
20250629,2,21,292
20250706,2,21,286
20250713,2,21,255
20250720,2,21,263
20250727,2,21,241
20250803,2,21,223
20250810,2,21,193
20250817,2,21,175
20250824,2,21,138
20250831,2,21,145
20250907,2,21,136
20250914,2,21,97
20250921,2,21,108
20250928,2,21,88
20251005,2,21,85
20251012,2,21,75
20251019,2,21,73
20251026,2,21,85
20251102,2,21,56
20251109,2,21,51
20251116,2,21,45
20251123,2,21,56
20251130,2,21,306
20251207,2,21,276
20251214,2,21,282
20251221,2,21,253
20251228,2,21,219
20260104,2,21,202
20260111,2,21,182
20260118,2,21,150
20260125,2,21,152
20260201,2,21,141
20260208,2,21,116
20260215,2,21,102
20260222,2,21,68
20260301,2,21,32
20260308,2,21,212
20260315,2,21,198
20260322,2,21,196
20260329,2,21,160
20260405,2,21,141
20260412,2,21,146
20260419,2,21,152
20260426,2,21,148
20260503,2,21,128
20260510,2,21,124
20260517,2,21,91
20260524,2,21,102
20260531,2,21,97
20260607,2,21,74
20260614,2,21,76
20260621,2,21,36
20260628,2,21,45
20260705,2,21,37
20260712,2,21,160
20260719,2,21,162
20260726,2,21,150
20260802,2,21,112
20260809,2,21,90
20260816,2,21,72
20260823,2,21,78
20250105,2,22,489
20250112,2,22,481
20250119,2,22,457
20250126,2,22,454
20250202,2,22,422
20250209,2,22,416
20250216,2,22,402
20250223,2,22,411
20250302,2,22,385
20250309,2,22,393
20250316,2,22,377
20250323,2,22,338
20250330,2,22,347
20250406,2,22,326
20250413,2,22,299
20250420,2,22,261
20250427,2,22,239
20250504,2,22,228
20250511,2,22,209
20250518,2,22,201
20250525,2,22,176
20250601,2,22,168
20250608,2,22,169
20250615,2,22,167
20250622,2,22,179
20250629,2,22,175
20250706,2,22,137
20250713,2,22,116
20250720,2,22,121
20250727,2,22,121
20250803,2,22,116
20250810,2,22,101
20250817,2,22,88
20250824,2,22,94
20250831,2,22,62
20250907,2,22,53
20250914,2,22,236
20250921,2,22,249
20250928,2,22,259
20251005,2,22,274
20251012,2,22,264
20251019,2,22,265
20251026,2,22,260
20251102,2,22,245
20251109,2,22,255
20251116,2,22,269
20251123,2,22,232
20251130,2,22,207
20251207,2,22,201
20251214,2,22,165
20251221,2,22,156
20251228,2,22,142
20260104,2,22,124
20260111,2,22,129
20260118,2,22,131
20260125,2,22,109
20260201,2,22,77
20260208,2,22,52
20260215,2,22,53
20260222,2,22,44
20260301,2,22,33
20260308,2,22,44
20260315,2,22,32
20260322,2,22,180
20260329,2,22,168
20260405,2,22,155
20260412,2,22,122
20260419,2,22,98
20260426,2,22,99
20260503,2,22,86
20260510,2,22,78
20260517,2,22,87
20260524,2,22,94
20260531,2,22,63
20260607,2,22,71
20260614,2,22,44
20260621,2,22,199
20260628,2,22,160
20260705,2,22,137
20260712,2,22,105
20260719,2,22,82
20260726,2,22,86
20260802,2,22,56
20260809,2,22,56
20260816,2,22,69
20260823,2,22,46
20250105,2,23,381
20250112,2,23,391
20250119,2,23,365
20250126,2,23,369
20250202,2,23,351
20250209,2,23,315
20250216,2,23,309
20250223,2,23,276
20250302,2,23,256
20250309,2,23,255
20250316,2,23,252
20250323,2,23,231
20250330,2,23,207
20250406,2,23,184
20250413,2,23,181
20250420,2,23,162
20250427,2,23,133
20250504,2,23,131
20250511,2,23,141
20250518,2,23,115
20250525,2,23,94
20250601,2,23,92
20250608,2,23,83
20250615,2,23,92
20250622,2,23,78
20250629,2,23,61
20250706,2,23,53
20250713,2,23,33
20250720,2,23,46
20250727,2,23,125
20250803,2,23,138
20250810,2,23,115
20250817,2,23,123
20250824,2,23,87
20250831,2,23,59
20250907,2,23,35
20250914,2,23,114
20250921,2,23,115
20250928,2,23,115
20251005,2,23,102
20251012,2,23,69
20251019,2,23,64
20251026,2,23,78
20251102,2,23,48
20251109,2,23,34
20251116,2,23,212
20251123,2,23,214
20251130,2,23,200
20251207,2,23,195
20251214,2,23,201
20251221,2,23,215
20251228,2,23,177
20260104,2,23,190
20260111,2,23,178
20260118,2,23,161
20260125,2,23,165
20260201,2,23,131
20260208,2,23,94
20260215,2,23,81
20260222,2,23,51
20260301,2,23,44
20260308,2,23,56
20260315,2,23,37
20260322,2,23,199
20260329,2,23,211
20260405,2,23,200
20260412,2,23,183
20260419,2,23,182
20260426,2,23,162
20260503,2,23,162
20260510,2,23,171
20260517,2,23,134
20260524,2,23,111
20260531,2,23,84
20260607,2,23,53
20260614,2,23,35
20260621,2,23,44
20260628,2,23,57
20260705,2,23,67
20260712,2,23,35
20260719,2,23,137
20260726,2,23,105
20260802,2,23,77
20260809,2,23,85
20260816,2,23,57
20260823,2,23,71
20250105,2,24,179
20250112,2,24,153
20250119,2,24,167
20250126,2,24,153
20250202,2,24,123
20250209,2,24,95
20250216,2,24,96
20250223,2,24,59
20250302,2,24,43
20250309,2,24,33
20250316,2,24,172
20250323,2,24,177
20250330,2,24,159
20250406,2,24,159
20250413,2,24,135
20250420,2,24,119
20250427,2,24,90
20250504,2,24,50
20250511,2,24,183
20250518,2,24,150
20250525,2,24,153
20250601,2,24,167
20250608,2,24,164
20250615,2,24,124
20250622,2,24,133
20250629,2,24,145
20250706,2,24,111
20250713,2,24,95
20250720,2,24,80
20250727,2,24,67
20250803,2,24,64
20250810,2,24,72
20250817,2,24,56
20250824,2,24,52
20250831,2,24,35
20250907,2,24,293
20250914,2,24,279
20250921,2,24,255
20250928,2,24,251
20251005,2,24,242
20251012,2,24,254
20251019,2,24,264
20251026,2,24,261
20251102,2,24,226
20251109,2,24,227
20251116,2,24,188
20251123,2,24,199
20251130,2,24,205
20251207,2,24,220
20251214,2,24,189
20251221,2,24,171
20251228,2,24,138
20260104,2,24,140
20260111,2,24,100
20260118,2,24,83
20260125,2,24,67
20260201,2,24,41
20260208,2,24,199
20260215,2,24,177
20260222,2,24,183
20260301,2,24,185
20260308,2,24,198
20260315,2,24,167
20260322,2,24,164
20260329,2,24,139
20260405,2,24,110
20260412,2,24,91
20260419,2,24,88
20260426,2,24,65
20260503,2,24,48
20260510,2,24,57
20260517,2,24,39
20260524,2,24,296
20260531,2,24,268
20260607,2,24,233
20260614,2,24,193
20260621,2,24,199
20260628,2,24,202
20260705,2,24,196
20260712,2,24,174
20260719,2,24,157
20260726,2,24,148
20260802,2,24,121
20260809,2,24,89
20260816,2,24,85
20260823,2,24,71
20250105,2,25,127
20250112,2,25,136
20250119,2,25,151
20250126,2,25,131
20250202,2,25,95
20250209,2,25,97
20250216,2,25,59
20250223,2,25,69
20250302,2,25,71
20250309,2,25,66
20250316,2,25,66
20250323,2,25,75
20250330,2,25,82
20250406,2,25,69
20250413,2,25,53
20250420,2,25,62
20250427,2,25,161
20250504,2,25,125
20250511,2,25,93
20250518,2,25,93
20250525,2,25,105
20250601,2,25,106
20250608,2,25,107
20250615,2,25,70
20250622,2,25,66
20250629,2,25,51
20250706,2,25,40
20250713,2,25,181
20250720,2,25,150
20250727,2,25,123
20250803,2,25,129
20250810,2,25,90
20250817,2,25,96
20250824,2,25,73
20250831,2,25,80
20250907,2,25,77
20250914,2,25,73
20250921,2,25,51
20250928,2,25,279
20251005,2,25,273
20251012,2,25,269
20251019,2,25,258
20251026,2,25,257
20251102,2,25,271
20251109,2,25,262
20251116,2,25,250
20251123,2,25,227
20251130,2,25,216
20251207,2,25,219
20251214,2,25,210
20251221,2,25,213
20251228,2,25,226
20260104,2,25,186
20260111,2,25,185
20260118,2,25,171
20260125,2,25,138
20260201,2,25,112
20260208,2,25,119
20260215,2,25,86
20260222,2,25,72
20260301,2,25,64
20260308,2,25,77
20260315,2,25,41
20260322,2,25,36
20260329,2,25,38
20260405,2,25,153
20260412,2,25,161
20260419,2,25,148
20260426,2,25,162
20260503,2,25,146
20260510,2,25,142
20260517,2,25,141
20260524,2,25,123
20260531,2,25,124
20260607,2,25,106
20260614,2,25,121
20260621,2,25,105
20260628,2,25,105
20260705,2,25,84
20260712,2,25,82
20260719,2,25,82
20260726,2,25,78
20260802,2,25,66
20260809,2,25,162
20260816,2,25,134
20260823,2,25,137
20250105,2,26,339
20250112,2,26,326
20250119,2,26,330
20250126,2,26,312
20250202,2,26,287
20250209,2,26,276
20250216,2,26,244
20250223,2,26,246
20250302,2,26,215
20250309,2,26,230
20250316,2,26,194
20250323,2,26,189
20250330,2,26,167
20250406,2,26,147
20250413,2,26,155
20250420,2,26,168
20250427,2,26,162
20250504,2,26,146
20250511,2,26,118
20250518,2,26,114
20250525,2,26,92
20250601,2,26,106
20250608,2,26,86
20250615,2,26,64
20250622,2,26,35
20250629,2,26,31
20250706,2,26,298
20250713,2,26,282
20250720,2,26,264
20250727,2,26,257
20250803,2,26,242
20250810,2,26,229
20250817,2,26,218
20250824,2,26,202
20250831,2,26,194
20250907,2,26,182
20250914,2,26,181
20250921,2,26,172
20250928,2,26,150
20251005,2,26,146
20251012,2,26,131
20251019,2,26,140
20251026,2,26,121
20251102,2,26,104
20251109,2,26,109
20251116,2,26,98
20251123,2,26,85
20251130,2,26,87
20251207,2,26,69
20251214,2,26,50
20251221,2,26,54
20251228,2,26,47
20260104,2,26,197
20260111,2,26,161
20260118,2,26,173
20260125,2,26,185
20260201,2,26,181
20260208,2,26,187
20260215,2,26,174
20260222,2,26,141
20260301,2,26,114
20260308,2,26,84
20260315,2,26,95
20260322,2,26,74
20260329,2,26,74
20260405,2,26,83
20260412,2,26,89
20260419,2,26,98
20260426,2,26,73
20260503,2,26,85
20260510,2,26,97
20260517,2,26,102
20260524,2,26,97
20260531,2,26,80
20260607,2,26,55
20260614,2,26,37
20260621,2,26,109
20260628,2,26,112
20260705,2,26,92
20260712,2,26,70
20260719,2,26,47
20260726,2,26,45
20260802,2,26,55
20260809,2,26,40
20260816,2,26,48
20260823,2,26,62
20250105,2,27,381
20250112,2,27,390
20250119,2,27,364
20250126,2,27,342
20250202,2,27,309
20250209,2,27,300
20250216,2,27,278
20250223,2,27,265
20250302,2,27,227
20250309,2,27,225
20250316,2,27,229
20250323,2,27,217
20250330,2,27,202
20250406,2,27,207
20250413,2,27,192
20250420,2,27,164
20250427,2,27,178
20250504,2,27,140
20250511,2,27,111
20250518,2,27,93
20250525,2,27,55
20250601,2,27,217
20250608,2,27,224
20250615,2,27,218
20250622,2,27,203
20250629,2,27,203
20250706,2,27,189
20250713,2,27,156
20250720,2,27,152
20250727,2,27,128
20250803,2,27,93
20250810,2,27,56
20250817,2,27,59
20250824,2,27,74
20250831,2,27,39
20250907,2,27,312
20250914,2,27,302
20250921,2,27,297
20250928,2,27,270
20251005,2,27,239
20251012,2,27,244
20251019,2,27,215
20251026,2,27,209
20251102,2,27,214
20251109,2,27,218
20251116,2,27,227
20251123,2,27,231
20251130,2,27,224
20251207,2,27,191
20251214,2,27,157
20251221,2,27,162
20251228,2,27,154
20260104,2,27,122
20260111,2,27,109
20260118,2,27,115
20260125,2,27,90
20260201,2,27,67
20260208,2,27,39
20260215,2,27,52
20260222,2,27,39
20260301,2,27,269
20260308,2,27,244
20260315,2,27,253
20260322,2,27,239
20260329,2,27,219
20260405,2,27,234
20260412,2,27,228
20260419,2,27,225
20260426,2,27,218
20260503,2,27,230
20260510,2,27,193
20260517,2,27,169
20260524,2,27,143
20260531,2,27,131
20260607,2,27,105
20260614,2,27,89
20260621,2,27,77
20260628,2,27,74
20260705,2,27,39
20260712,2,27,32
20260719,2,27,37
20260726,2,27,41
20260802,2,27,132
20260809,2,27,94
20260816,2,27,55
20260823,2,27,309
20250105,2,28,226
20250112,2,28,241
20250119,2,28,242
20250126,2,28,234
20250202,2,28,211
20250209,2,28,215
20250216,2,28,208
20250223,2,28,201
20250302,2,28,180
20250309,2,28,171
20250316,2,28,160
20250323,2,28,170
20250330,2,28,167
20250406,2,28,153
20250413,2,28,124
20250420,2,28,139
20250427,2,28,147
20250504,2,28,145
20250511,2,28,130
20250518,2,28,126
20250525,2,28,87
20250601,2,28,71
20250608,2,28,66
20250615,2,28,47
20250622,2,28,40
20250629,2,28,293
20250706,2,28,288
20250713,2,28,302
20250720,2,28,287
20250727,2,28,298
20250803,2,28,262
20250810,2,28,272
20250817,2,28,266
20250824,2,28,269
20250831,2,28,272
20250907,2,28,277
20250914,2,28,242
20250921,2,28,223
20250928,2,28,231
20251005,2,28,209
20251012,2,28,193
20251019,2,28,167
20251026,2,28,172
20251102,2,28,141
20251109,2,28,149
20251116,2,28,147
20251123,2,28,119
20251130,2,28,90
20251207,2,28,98
20251214,2,28,106
20251221,2,28,87
20251228,2,28,80
20260104,2,28,92
20260111,2,28,94
20260118,2,28,106
20260125,2,28,119
20260201,2,28,112
20260208,2,28,88
20260215,2,28,78
20260222,2,28,89
20260301,2,28,102
20260308,2,28,87
20260315,2,28,49
20260322,2,28,40
20260329,2,28,36
20260405,2,28,36
20260412,2,28,35
20260419,2,28,312
20260426,2,28,321
20260503,2,28,326
20260510,2,28,328
20260517,2,28,328
20260524,2,28,330
20260531,2,28,303
20260607,2,28,291
20260614,2,28,300
20260621,2,28,278
20260628,2,28,287
20260705,2,28,298
20260712,2,28,281
20260719,2,28,277
20260726,2,28,267
20260802,2,28,270
20260809,2,28,248
20260816,2,28,232
20260823,2,28,224
20250105,2,29,149
20250112,2,29,158
20250119,2,29,133
20250126,2,29,141
20250202,2,29,125
20250209,2,29,140
20250216,2,29,134
20250223,2,29,143
20250302,2,29,146
20250309,2,29,116
20250316,2,29,108
20250323,2,29,90
20250330,2,29,50
20250406,2,29,120
20250413,2,29,131
20250420,2,29,94
20250427,2,29,74
20250504,2,29,78
20250511,2,29,92
20250518,2,29,63
20250525,2,29,40
20250601,2,29,30
20250608,2,29,126
20250615,2,29,102
20250622,2,29,69
20250629,2,29,62
20250706,2,29,58
20250713,2,29,143
20250720,2,29,133
20250727,2,29,127
20250803,2,29,130
20250810,2,29,101
20250817,2,29,110
20250824,2,29,83
20250831,2,29,78
20250907,2,29,91
20250914,2,29,69
20250921,2,29,32
20250928,2,29,158
20251005,2,29,123
20251012,2,29,126
20251019,2,29,124
20251026,2,29,97
20251102,2,29,109
20251109,2,29,83
20251116,2,29,64
20251123,2,29,60
20251130,2,29,47
20251207,2,29,239
20251214,2,29,203
20251221,2,29,185
20251228,2,29,157
20260104,2,29,167
20260111,2,29,153
20260118,2,29,126
20260125,2,29,132
20260201,2,29,145
20260208,2,29,146
20260215,2,29,156
20260222,2,29,154
20260301,2,29,146
20260308,2,29,123
20260315,2,29,119
20260322,2,29,88
20260329,2,29,71
20260405,2,29,40
20260412,2,29,136
20260419,2,29,96
20260426,2,29,75
20260503,2,29,82
20260510,2,29,43
20260517,2,29,31
20260524,2,29,286
20260531,2,29,262
20260607,2,29,235
20260614,2,29,205
20260621,2,29,166
20260628,2,29,168
20260705,2,29,153
20260712,2,29,142
20260719,2,29,104
20260726,2,29,119
20260802,2,29,123
20260809,2,29,85
20260816,2,29,63
20260823,2,29,130
20250105,2,30,204
20250112,2,30,206
20250119,2,30,219
20250126,2,30,215
20250202,2,30,203
20250209,2,30,165
20250216,2,30,166
20250223,2,30,156
20250302,2,30,144
20250309,2,30,137
20250316,2,30,145
20250323,2,30,128
20250330,2,30,123
20250406,2,30,132
20250413,2,30,121
20250420,2,30,101
20250427,2,30,111
20250504,2,30,83
20250511,2,30,57
20250518,2,30,34
20250525,2,30,293
20250601,2,30,307
20250608,2,30,296
20250615,2,30,299
20250622,2,30,290
20250629,2,30,294
20250706,2,30,256
20250713,2,30,235
20250720,2,30,241
20250727,2,30,229
20250803,2,30,225
20250810,2,30,235
20250817,2,30,241
20250824,2,30,233
20250831,2,30,193
20250907,2,30,192
20250914,2,30,194
20250921,2,30,187
20250928,2,30,161
20251005,2,30,163
20251012,2,30,149
20251019,2,30,156
20251026,2,30,151
20251102,2,30,153
20251109,2,30,149
20251116,2,30,117
20251123,2,30,77
20251130,2,30,79
20251207,2,30,82
20251214,2,30,80
20251221,2,30,94
20251228,2,30,103
20260104,2,30,91
20260111,2,30,66
20260118,2,30,203
20260125,2,30,193
20260201,2,30,177
20260208,2,30,153
20260215,2,30,142
20260222,2,30,120
20260301,2,30,103
20260308,2,30,112
20260315,2,30,106
20260322,2,30,66
20260329,2,30,66
20260405,2,30,80
20260412,2,30,52
20260419,2,30,207
20260426,2,30,189
20260503,2,30,194
20260510,2,30,182
20260517,2,30,156
20260524,2,30,145
20260531,2,30,118
20260607,2,30,89
20260614,2,30,77
20260621,2,30,85
20260628,2,30,61
20260705,2,30,49
20260712,2,30,237
20260719,2,30,249
20260726,2,30,216
20260802,2,30,187
20260809,2,30,149
20260816,2,30,112
20260823,2,30,85
20250105,2,31,95
20250112,2,31,93
20250119,2,31,69
20250126,2,31,48
20250202,2,31,34
20250209,2,31,258
20250216,2,31,257
20250223,2,31,239
20250302,2,31,202
20250309,2,31,165
20250316,2,31,136
20250323,2,31,129
20250330,2,31,121
20250406,2,31,83
20250413,2,31,56
20250420,2,31,193
20250427,2,31,173
20250504,2,31,151
20250511,2,31,160
20250518,2,31,159
20250525,2,31,126
20250601,2,31,113
20250608,2,31,91
20250615,2,31,61
20250622,2,31,69
20250629,2,31,49
20250706,2,31,36
20250713,2,31,38
20250720,2,31,175
20250727,2,31,162
20250803,2,31,122
20250810,2,31,87
20250817,2,31,59
20250824,2,31,42
20250831,2,31,52
20250907,2,31,45
20250914,2,31,57
20250921,2,31,31
20250928,2,31,293
20251005,2,31,266
20251012,2,31,229
20251019,2,31,215
20251026,2,31,217
20251102,2,31,177
20251109,2,31,153
20251116,2,31,117
20251123,2,31,100
20251130,2,31,63
20251207,2,31,74
20251214,2,31,37
20251221,2,31,182
20251228,2,31,146
20260104,2,31,121
20260111,2,31,104
20260118,2,31,65
20260125,2,31,46
20260201,2,31,31
20260208,2,31,34
20260215,2,31,33
20260222,2,31,119
20260301,2,31,116
20260308,2,31,81
20260315,2,31,56
20260322,2,31,40
20260329,2,31,229
20260405,2,31,193
20260412,2,31,208
20260419,2,31,221
20260426,2,31,232
20260503,2,31,234
20260510,2,31,203
20260517,2,31,187
20260524,2,31,156
20260531,2,31,146
20260607,2,31,120
20260614,2,31,120
20260621,2,31,123
20260628,2,31,84
20260705,2,31,49
20260712,2,31,34
20260719,2,31,290
20260726,2,31,298
20260802,2,31,287
20260809,2,31,262
20260816,2,31,255
20260823,2,31,257
20250105,2,32,100
20250112,2,32,111
20250119,2,32,94
20250126,2,32,101
20250202,2,32,101
20250209,2,32,74
20250216,2,32,35
20250223,2,32,210
20250302,2,32,190
20250309,2,32,159
20250316,2,32,169
20250323,2,32,164
20250330,2,32,143
20250406,2,32,106
20250413,2,32,119
20250420,2,32,100
20250427,2,32,100
20250504,2,32,95
20250511,2,32,73
20250518,2,32,36
20250525,2,32,240
20250601,2,32,212
20250608,2,32,202
20250615,2,32,177
20250622,2,32,141
20250629,2,32,130
20250706,2,32,131
20250713,2,32,118
20250720,2,32,79
20250727,2,32,54
20250803,2,32,65
20250810,2,32,74
20250817,2,32,74
20250824,2,32,88
20250831,2,32,75
20250907,2,32,54
20250914,2,32,47
20250921,2,32,57
20250928,2,32,154
20251005,2,32,120
20251012,2,32,114
20251019,2,32,119
20251026,2,32,79
20251102,2,32,54
20251109,2,32,203
20251116,2,32,196
20251123,2,32,157
20251130,2,32,126
20251207,2,32,99
20251214,2,32,96
20251221,2,32,96
20251228,2,32,100
20260104,2,32,100
20260111,2,32,71
20260118,2,32,44
20260125,2,32,310
20260201,2,32,294
20260208,2,32,255
20260215,2,32,227
20260222,2,32,207
20260301,2,32,216
20260308,2,32,202
20260315,2,32,194
20260322,2,32,164
20260329,2,32,147
20260405,2,32,128
20260412,2,32,124
20260419,2,32,91
20260426,2,32,96
20260503,2,32,88
20260510,2,32,84
20260517,2,32,78
20260524,2,32,59
20260531,2,32,33
20260607,2,32,31
20260614,2,32,30
20260621,2,32,294
20260628,2,32,268
20260705,2,32,241
20260712,2,32,248
20260719,2,32,237
20260726,2,32,227
20260802,2,32,235
20260809,2,32,202
20260816,2,32,217
20260823,2,32,202
20250105,2,33,155
20250112,2,33,157
20250119,2,33,146
20250126,2,33,127
20250202,2,33,91
20250209,2,33,65
20250216,2,33,78
20250223,2,33,67
20250302,2,33,35
20250309,2,33,109
20250316,2,33,117
20250323,2,33,83
20250330,2,33,58
20250406,2,33,57
20250413,2,33,37
20250420,2,33,297
20250427,2,33,298
20250504,2,33,291
20250511,2,33,294
20250518,2,33,297
20250525,2,33,312
20250601,2,33,289
20250608,2,33,298
20250615,2,33,308
20250622,2,33,300
20250629,2,33,284
20250706,2,33,263
20250713,2,33,267
20250720,2,33,237
20250727,2,33,198
20250803,2,33,168
20250810,2,33,172
20250817,2,33,171
20250824,2,33,132
20250831,2,33,126
20250907,2,33,102
20250914,2,33,73
20250921,2,33,71
20250928,2,33,35
20251005,2,33,44
20251012,2,33,182
20251019,2,33,185
20251026,2,33,178
20251102,2,33,147
20251109,2,33,154
20251116,2,33,137
20251123,2,33,98
20251130,2,33,76
20251207,2,33,87
20251214,2,33,49
20251221,2,33,55
20251228,2,33,42
20260104,2,33,49
20260111,2,33,32
20260118,2,33,42
20260125,2,33,48
20260201,2,33,40
20260208,2,33,194
20260215,2,33,169
20260222,2,33,181
20260301,2,33,166
20260308,2,33,127
20260315,2,33,89
20260322,2,33,100
20260329,2,33,95
20260405,2,33,64
20260412,2,33,39
20260419,2,33,51
20260426,2,33,53
20260503,2,33,63
20260510,2,33,53
20260517,2,33,178
20260524,2,33,182
20260531,2,33,192
20260607,2,33,166
20260614,2,33,133
20260621,2,33,94
20260628,2,33,57
20260705,2,33,65
20260712,2,33,36
20260719,2,33,44
20260726,2,33,254
20260802,2,33,261
20260809,2,33,253
20260816,2,33,218
20260823,2,33,209
20250105,2,34,437
20250112,2,34,416
20250119,2,34,385
20250126,2,34,363
20250202,2,34,360
20250209,2,34,347
20250216,2,34,320
20250223,2,34,291
20250302,2,34,263
20250309,2,34,269
20250316,2,34,241
20250323,2,34,225
20250330,2,34,197
20250406,2,34,176
20250413,2,34,173
20250420,2,34,154
20250427,2,34,122
20250504,2,34,92
20250511,2,34,65
20250518,2,34,78
20250525,2,34,90
20250601,2,34,67
20250608,2,34,66
20250615,2,34,64
20250622,2,34,38
20250629,2,34,244
20250706,2,34,244
20250713,2,34,215
20250720,2,34,210
20250727,2,34,224
20250803,2,34,224
20250810,2,34,225
20250817,2,34,231
20250824,2,34,213
20250831,2,34,206
20250907,2,34,218
20250914,2,34,202
20250921,2,34,199
20250928,2,34,204
20251005,2,34,208
20251012,2,34,210
20251019,2,34,193
20251026,2,34,183
20251102,2,34,183
20251109,2,34,153
20251116,2,34,135
20251123,2,34,106
20251130,2,34,106
20251207,2,34,116
20251214,2,34,115
20251221,2,34,115
20251228,2,34,93
20260104,2,34,100
20260111,2,34,71
20260118,2,34,77
20260125,2,34,61
20260201,2,34,45
20260208,2,34,44
20260215,2,34,182
20260222,2,34,175
20260301,2,34,140
20260308,2,34,133
20260315,2,34,102
20260322,2,34,69
20260329,2,34,34
20260405,2,34,267
20260412,2,34,281
20260419,2,34,254
20260426,2,34,220
20260503,2,34,220
20260510,2,34,229
20260517,2,34,211
20260524,2,34,209
20260531,2,34,209
20260607,2,34,197
20260614,2,34,157
20260621,2,34,149
20260628,2,34,143
20260705,2,34,114
20260712,2,34,76
20260719,2,34,50
20260726,2,34,40
20260802,2,34,33
20260809,2,34,109
20260816,2,34,103
20260823,2,34,68
20250105,2,35,409
20250112,2,35,395
20250119,2,35,370
20250126,2,35,335
20250202,2,35,304
20250209,2,35,287
20250216,2,35,284
20250223,2,35,299
20250302,2,35,260
20250309,2,35,272
20250316,2,35,265
20250323,2,35,234
20250330,2,35,227
20250406,2,35,193
20250413,2,35,155
20250420,2,35,147
20250427,2,35,130
20250504,2,35,142
20250511,2,35,128
20250518,2,35,103
20250525,2,35,110
20250601,2,35,96
20250608,2,35,82
20250615,2,35,57
20250622,2,35,119
20250629,2,35,123
20250706,2,35,136
20250713,2,35,143
20250720,2,35,149
20250727,2,35,138
20250803,2,35,131
20250810,2,35,102
20250817,2,35,91
20250824,2,35,65
20250831,2,35,43
20250907,2,35,42
20250914,2,35,284
20250921,2,35,249
20250928,2,35,216
20251005,2,35,181
20251012,2,35,151
20251019,2,35,166
20251026,2,35,126
20251102,2,35,95
20251109,2,35,86
20251116,2,35,52
20251123,2,35,33
20251130,2,35,215
20251207,2,35,193
20251214,2,35,166
20251221,2,35,134
20251228,2,35,127
20260104,2,35,93
20260111,2,35,65
20260118,2,35,267
20260125,2,35,259
20260201,2,35,220
20260208,2,35,225
20260215,2,35,213
20260222,2,35,184
20260301,2,35,172
20260308,2,35,140
20260315,2,35,147
20260322,2,35,123
20260329,2,35,112
20260405,2,35,84
20260412,2,35,80
20260419,2,35,60
20260426,2,35,30
20260503,2,35,132
20260510,2,35,119
20260517,2,35,125
20260524,2,35,113
20260531,2,35,100
20260607,2,35,66
20260614,2,35,36
20260621,2,35,45
20260628,2,35,53
20260705,2,35,39
20260712,2,35,36
20260719,2,35,50
20260726,2,35,230
20260802,2,35,232
20260809,2,35,226
20260816,2,35,211
20260823,2,35,213
20250105,2,36,384
20250112,2,36,370
20250119,2,36,342
20250126,2,36,317
20250202,2,36,306
20250209,2,36,287
20250216,2,36,288
20250223,2,36,259
20250302,2,36,223
20250309,2,36,238
20250316,2,36,206
20250323,2,36,183
20250330,2,36,155
20250406,2,36,123
20250413,2,36,128
20250420,2,36,104
20250427,2,36,102
20250504,2,36,107
20250511,2,36,74
20250518,2,36,73
20250525,2,36,48
20250601,2,36,54
20250608,2,36,31
20250615,2,36,30
20250622,2,36,41
20250629,2,36,32
20250706,2,36,201
20250713,2,36,215
20250720,2,36,211
20250727,2,36,200
20250803,2,36,195
20250810,2,36,157
20250817,2,36,151
20250824,2,36,151
20250831,2,36,165
20250907,2,36,177
20250914,2,36,162
20250921,2,36,132
20250928,2,36,105
20251005,2,36,100
20251012,2,36,102
20251019,2,36,93
20251026,2,36,88
20251102,2,36,68
20251109,2,36,31
20251116,2,36,40
20251123,2,36,234
20251130,2,36,226
20251207,2,36,189
20251214,2,36,180
20251221,2,36,173
20251228,2,36,148
20260104,2,36,110
20260111,2,36,106
20260118,2,36,92
20260125,2,36,63
20260201,2,36,68
20260208,2,36,52
20260215,2,36,272
20260222,2,36,262
20260301,2,36,256
20260308,2,36,235
20260315,2,36,199
20260322,2,36,186
20260329,2,36,186
20260405,2,36,187
20260412,2,36,172
20260419,2,36,132
20260426,2,36,146
20260503,2,36,155
20260510,2,36,155
20260517,2,36,151
20260524,2,36,154
20260531,2,36,115
20260607,2,36,110
20260614,2,36,125
20260621,2,36,117
20260628,2,36,126
20260705,2,36,141
20260712,2,36,116
20260719,2,36,114
20260726,2,36,128
20260802,2,36,104
20260809,2,36,111
20260816,2,36,75
20260823,2,36,39
20250105,2,37,346
20250112,2,37,311
20250119,2,37,319
20250126,2,37,304
20250202,2,37,315
20250209,2,37,320
20250216,2,37,289
20250223,2,37,269
20250302,2,37,275
20250309,2,37,282
20250316,2,37,244
20250323,2,37,218
20250330,2,37,195
20250406,2,37,187
20250413,2,37,162
20250420,2,37,158
20250427,2,37,125
20250504,2,37,101
20250511,2,37,100
20250518,2,37,110
20250525,2,37,124
20250601,2,37,88
20250608,2,37,67
20250615,2,37,40
20250622,2,37,52
20250629,2,37,40
20250706,2,37,50
20250713,2,37,182
20250720,2,37,143
20250727,2,37,145
20250803,2,37,158
20250810,2,37,167
20250817,2,37,162
20250824,2,37,141
20250831,2,37,109
20250907,2,37,93
20250914,2,37,84
20250921,2,37,88
20250928,2,37,82
20251005,2,37,44
20251012,2,37,294
20251019,2,37,302
20251026,2,37,265
20251102,2,37,242
20251109,2,37,243
20251116,2,37,209
20251123,2,37,171
20251130,2,37,140
20251207,2,37,146
20251214,2,37,114
20251221,2,37,113
20251228,2,37,114
20260104,2,37,99
20260111,2,37,63
20260118,2,37,63
20260125,2,37,62
20260201,2,37,75
20260208,2,37,47
20260215,2,37,44
20260222,2,37,53
20260301,2,37,42
20260308,2,37,132
20260315,2,37,136
20260322,2,37,150
20260329,2,37,128
20260405,2,37,137
20260412,2,37,149
20260419,2,37,125
20260426,2,37,115
20260503,2,37,125
20260510,2,37,98
20260517,2,37,85
20260524,2,37,45
20260531,2,37,42
20260607,2,37,52
20260614,2,37,37
20260621,2,37,164
20260628,2,37,154
20260705,2,37,148
20260712,2,37,119
20260719,2,37,127
20260726,2,37,126
20260802,2,37,118
20260809,2,37,98
20260816,2,37,107
20260823,2,37,72
20250105,2,38,344
20250112,2,38,339
20250119,2,38,350
20250126,2,38,312
20250202,2,38,303
20250209,2,38,288
20250216,2,38,292
20250223,2,38,295
20250302,2,38,278
20250309,2,38,253
20250316,2,38,266
20250323,2,38,251
20250330,2,38,230
20250406,2,38,206
20250413,2,38,199
20250420,2,38,163
20250427,2,38,148
20250504,2,38,121
20250511,2,38,118
20250518,2,38,91
20250525,2,38,73
20250601,2,38,70
20250608,2,38,73
20250615,2,38,46
20250622,2,38,284
20250629,2,38,284
20250706,2,38,289
20250713,2,38,282
20250720,2,38,263
20250727,2,38,245
20250803,2,38,211
20250810,2,38,181
20250817,2,38,185
20250824,2,38,150
20250831,2,38,157
20250907,2,38,122
20250914,2,38,100
20250921,2,38,88
20250928,2,38,84
20251005,2,38,83
20251012,2,38,91
20251019,2,38,81
20251026,2,38,52
20251102,2,38,62
20251109,2,38,62
20251116,2,38,34
20251123,2,38,218
20251130,2,38,200
20251207,2,38,188
20251214,2,38,168
20251221,2,38,174
20251228,2,38,186
20260104,2,38,162
20260111,2,38,131
20260118,2,38,145
20260125,2,38,115
20260201,2,38,109
20260208,2,38,120
20260215,2,38,84
20260222,2,38,66
20260301,2,38,36
20260308,2,38,294
20260315,2,38,294
20260322,2,38,298
20260329,2,38,291
20260405,2,38,291
20260412,2,38,285
20260419,2,38,269
20260426,2,38,262
20260503,2,38,276
20260510,2,38,249
20260517,2,38,263
20260524,2,38,229
20260531,2,38,226
20260607,2,38,220
20260614,2,38,192
20260621,2,38,167
20260628,2,38,172
20260705,2,38,145
20260712,2,38,126
20260719,2,38,122
20260726,2,38,90
20260802,2,38,86
20260809,2,38,84
20260816,2,38,74
20260823,2,38,73
20250105,2,39,136
20250112,2,39,126
20250119,2,39,134
20250126,2,39,112
20250202,2,39,86
20250209,2,39,89
20250216,2,39,61
20250223,2,39,62
20250302,2,39,51
20250309,2,39,38
20250316,2,39,35
20250323,2,39,43
20250330,2,39,45
20250406,2,39,161
20250413,2,39,168
20250420,2,39,183
20250427,2,39,177
20250504,2,39,180
20250511,2,39,167
20250518,2,39,151
20250525,2,39,166
20250601,2,39,128
20250608,2,39,137
20250615,2,39,115
20250622,2,39,112
20250629,2,39,93
20250706,2,39,70
20250713,2,39,84
20250720,2,39,53
20250727,2,39,45
20250803,2,39,49
20250810,2,39,62
20250817,2,39,47
20250824,2,39,137
20250831,2,39,113
20250907,2,39,86
20250914,2,39,50
20250921,2,39,39
20250928,2,39,31
20251005,2,39,270
20251012,2,39,238
20251019,2,39,200
20251026,2,39,196
20251102,2,39,171
20251109,2,39,166
20251116,2,39,143
20251123,2,39,138
20251130,2,39,137
20251207,2,39,129
20251214,2,39,119
20251221,2,39,125
20251228,2,39,133
20260104,2,39,129
20260111,2,39,107
20260118,2,39,115
20260125,2,39,99
20260201,2,39,62
20260208,2,39,72
20260215,2,39,71
20260222,2,39,53
20260301,2,39,38
20260308,2,39,43
20260315,2,39,33
20260322,2,39,220
20260329,2,39,191
20260405,2,39,195
20260412,2,39,183
20260419,2,39,183
20260426,2,39,164
20260503,2,39,136
20260510,2,39,119
20260517,2,39,126
20260524,2,39,93
20260531,2,39,96
20260607,2,39,64
20260614,2,39,47
20260621,2,39,307
20260628,2,39,310
20260705,2,39,317
20260712,2,39,332
20260719,2,39,307
20260726,2,39,267
20260802,2,39,279
20260809,2,39,280
20260816,2,39,292
20260823,2,39,287
20250105,2,40,500
20250112,2,40,473
20250119,2,40,437
20250126,2,40,448
20250202,2,40,433
20250209,2,40,410
20250216,2,40,370
20250223,2,40,369
20250302,2,40,382
20250309,2,40,361
20250316,2,40,322
20250323,2,40,314
20250330,2,40,324
20250406,2,40,313
20250413,2,40,316
20250420,2,40,319
20250427,2,40,298
20250504,2,40,311
20250511,2,40,303
20250518,2,40,305
20250525,2,40,308
20250601,2,40,274
20250608,2,40,251
20250615,2,40,249
20250622,2,40,213
20250629,2,40,223
20250706,2,40,238
20250713,2,40,213
20250720,2,40,193
20250727,2,40,190
20250803,2,40,163
20250810,2,40,163
20250817,2,40,141
20250824,2,40,123
20250831,2,40,107
20250907,2,40,86
20250914,2,40,53
20250921,2,40,53
20250928,2,40,36
20251005,2,40,47
20251012,2,40,304
20251019,2,40,268
20251026,2,40,282
20251102,2,40,260
20251109,2,40,234
20251116,2,40,224
20251123,2,40,223
20251130,2,40,199
20251207,2,40,181
20251214,2,40,169
20251221,2,40,142
20251228,2,40,143
20260104,2,40,152
20260111,2,40,125
20260118,2,40,96
20260125,2,40,111
20260201,2,40,74
20260208,2,40,76
20260215,2,40,85
20260222,2,40,52
20260301,2,40,60
20260308,2,40,187
20260315,2,40,164
20260322,2,40,136
20260329,2,40,125
20260405,2,40,115
20260412,2,40,96
20260419,2,40,86
20260426,2,40,50
20260503,2,40,35
20260510,2,40,240
20260517,2,40,242
20260524,2,40,237
20260531,2,40,225
20260607,2,40,237
20260614,2,40,205
20260621,2,40,177
20260628,2,40,151
20260705,2,40,151
20260712,2,40,134
20260719,2,40,138
20260726,2,40,135
20260802,2,40,127
20260809,2,40,137
20260816,2,40,139
20260823,2,40,145
20250105,2,41,287
20250112,2,41,263
20250119,2,41,236
20250126,2,41,197
20250202,2,41,187
20250209,2,41,149
20250216,2,41,135
20250223,2,41,99
20250302,2,41,63
20250309,2,41,65
20250316,2,41,54
20250323,2,41,160
20250330,2,41,149
20250406,2,41,122
20250413,2,41,86
20250420,2,41,92
20250427,2,41,69
20250504,2,41,55
20250511,2,41,38
20250518,2,41,219
20250525,2,41,198
20250601,2,41,213
20250608,2,41,211
20250615,2,41,216
20250622,2,41,187
20250629,2,41,199
20250706,2,41,164
20250713,2,41,157
20250720,2,41,128
20250727,2,41,115
20250803,2,41,96
20250810,2,41,79
20250817,2,41,84
20250824,2,41,91
20250831,2,41,97
20250907,2,41,112
20250914,2,41,86
20250921,2,41,84
20250928,2,41,91
20251005,2,41,80
20251012,2,41,76
20251019,2,41,82
20251026,2,41,60
20251102,2,41,45
20251109,2,41,53
20251116,2,41,268
20251123,2,41,278
20251130,2,41,282
20251207,2,41,253
20251214,2,41,218
20251221,2,41,191
20251228,2,41,155
20260104,2,41,144
20260111,2,41,144
20260118,2,41,157
20260125,2,41,138
20260201,2,41,110
20260208,2,41,110
20260215,2,41,124
20260222,2,41,86
20260301,2,41,53
20260308,2,41,40
20260315,2,41,142
20260322,2,41,116
20260329,2,41,120
20260405,2,41,103
20260412,2,41,70
20260419,2,41,31
20260426,2,41,203
20260503,2,41,163
20260510,2,41,158
20260517,2,41,142
20260524,2,41,105
20260531,2,41,81
20260607,2,41,63
20260614,2,41,71
20260621,2,41,66
20260628,2,41,78
20260705,2,41,79
20260712,2,41,73
20260719,2,41,65
20260726,2,41,69
20260802,2,41,53
20260809,2,41,57
20260816,2,41,67
20260823,2,41,31
20250105,2,42,130
20250112,2,42,138
20250119,2,42,110
20250126,2,42,107
20250202,2,42,102
20250209,2,42,100
20250216,2,42,66
20250223,2,42,75
20250302,2,42,69
20250309,2,42,49
20250316,2,42,44
20250323,2,42,48
20250330,2,42,56
20250406,2,42,152
20250413,2,42,128
20250420,2,42,123
20250427,2,42,97
20250504,2,42,106
20250511,2,42,82
20250518,2,42,74
20250525,2,42,68
20250601,2,42,46
20250608,2,42,42
20250615,2,42,54
20250622,2,42,164
20250629,2,42,126
20250706,2,42,109
20250713,2,42,121
20250720,2,42,125
20250727,2,42,132
20250803,2,42,94
20250810,2,42,103
20250817,2,42,111
20250824,2,42,86
20250831,2,42,91
20250907,2,42,71
20250914,2,42,69
20250921,2,42,67
20250928,2,42,53
20251005,2,42,57
20251012,2,42,39
20251019,2,42,264
20251026,2,42,258
20251102,2,42,238
20251109,2,42,201
20251116,2,42,182
20251123,2,42,197
20251130,2,42,192
20251207,2,42,168
20251214,2,42,146
20251221,2,42,148
20251228,2,42,146
20260104,2,42,160
20260111,2,42,140
20260118,2,42,135
20260125,2,42,118
20260201,2,42,97
20260208,2,42,92
20260215,2,42,90
20260222,2,42,75
20260301,2,42,84
20260308,2,42,77
20260315,2,42,80
20260322,2,42,45
20260329,2,42,226
20260405,2,42,218
20260412,2,42,218
20260419,2,42,227
20260426,2,42,187
20260503,2,42,178
20260510,2,42,155
20260517,2,42,145
20260524,2,42,110
20260531,2,42,95
20260607,2,42,72
20260614,2,42,79
20260621,2,42,88
20260628,2,42,89
20260705,2,42,95
20260712,2,42,81
20260719,2,42,82
20260726,2,42,67
20260802,2,42,53
20260809,2,42,58
20260816,2,42,45
20260823,2,42,45
20250105,2,43,163
20250112,2,43,126
20250119,2,43,128
20250126,2,43,93
20250202,2,43,53
20250209,2,43,37
20250216,2,43,30
20250223,2,43,244
20250302,2,43,251
20250309,2,43,221
20250316,2,43,185
20250323,2,43,155
20250330,2,43,137
20250406,2,43,113
20250413,2,43,95
20250420,2,43,80
20250427,2,43,90
20250504,2,43,102
20250511,2,43,98
20250518,2,43,70
20250525,2,43,65
20250601,2,43,68
20250608,2,43,61
20250615,2,43,41
20250622,2,43,204
20250629,2,43,219
20250706,2,43,207
20250713,2,43,170
20250720,2,43,170
20250727,2,43,185
20250803,2,43,195
20250810,2,43,161
20250817,2,43,139
20250824,2,43,152
20250831,2,43,162
20250907,2,43,131
20250914,2,43,134
20250921,2,43,116
20250928,2,43,128
20251005,2,43,129
20251012,2,43,136
20251019,2,43,137
20251026,2,43,117
20251102,2,43,94
20251109,2,43,93
20251116,2,43,102
20251123,2,43,70
20251130,2,43,80
20251207,2,43,90
20251214,2,43,92
20251221,2,43,67
20251228,2,43,68
20260104,2,43,31
20260111,2,43,156
20260118,2,43,137
20260125,2,43,120
20260201,2,43,101
20260208,2,43,84
20260215,2,43,86
20260222,2,43,85
20260301,2,43,76
20260308,2,43,77
20260315,2,43,90
20260322,2,43,97
20260329,2,43,99
20260405,2,43,79
20260412,2,43,70
20260419,2,43,82
20260426,2,43,89
20260503,2,43,101
20260510,2,43,94
20260517,2,43,87
20260524,2,43,73
20260531,2,43,67
20260607,2,43,82
20260614,2,43,61
20260621,2,43,37
20260628,2,43,164
20260705,2,43,125
20260712,2,43,115
20260719,2,43,114
20260726,2,43,93
20260802,2,43,89
20260809,2,43,80
20260816,2,43,93
20260823,2,43,54
20250105,2,44,237
20250112,2,44,206
20250119,2,44,209
20250126,2,44,176
20250202,2,44,187
20250209,2,44,168
20250216,2,44,154
20250223,2,44,150
20250302,2,44,118
20250309,2,44,89
20250316,2,44,56
20250323,2,44,66
20250330,2,44,48
20250406,2,44,291
20250413,2,44,274
20250420,2,44,262
20250427,2,44,272
20250504,2,44,278
20250511,2,44,270
20250518,2,44,279
20250525,2,44,292
20250601,2,44,270
20250608,2,44,263
20250615,2,44,274
20250622,2,44,258
20250629,2,44,220
20250706,2,44,188
20250713,2,44,202
20250720,2,44,184
20250727,2,44,162
20250803,2,44,174
20250810,2,44,183
20250817,2,44,143
20250824,2,44,143
20250831,2,44,112
20250907,2,44,108
20250914,2,44,112
20250921,2,44,72
20250928,2,44,76
20251005,2,44,85
20251012,2,44,49
20251019,2,44,60
20251026,2,44,45
20251102,2,44,38
20251109,2,44,292
20251116,2,44,301
20251123,2,44,269
20251130,2,44,266
20251207,2,44,264
20251214,2,44,266
20251221,2,44,231
20251228,2,44,229
20260104,2,44,207
20260111,2,44,178
20260118,2,44,149
20260125,2,44,140
20260201,2,44,141
20260208,2,44,136
20260215,2,44,127
20260222,2,44,127
20260301,2,44,121
20260308,2,44,90
20260315,2,44,63
20260322,2,44,151
20260329,2,44,141
20260405,2,44,114
20260412,2,44,117
20260419,2,44,108
20260426,2,44,89
20260503,2,44,64
20260510,2,44,193
20260517,2,44,208
20260524,2,44,219
20260531,2,44,222
20260607,2,44,207
20260614,2,44,211
20260621,2,44,213
20260628,2,44,180
20260705,2,44,185
20260712,2,44,191
20260719,2,44,184
20260726,2,44,148
20260802,2,44,111
20260809,2,44,126
20260816,2,44,128
20260823,2,44,119
20250105,2,45,270
20250112,2,45,259
20250119,2,45,251
20250126,2,45,223
20250202,2,45,223
20250209,2,45,201
20250216,2,45,171
20250223,2,45,158
20250302,2,45,164
20250309,2,45,124
20250316,2,45,134
20250323,2,45,134
20250330,2,45,107
20250406,2,45,92
20250413,2,45,74
20250420,2,45,53
20250427,2,45,40
20250504,2,45,281
20250511,2,45,276
20250518,2,45,251
20250525,2,45,258
20250601,2,45,245
20250608,2,45,220
20250615,2,45,209
20250622,2,45,196
20250629,2,45,182
20250706,2,45,190
20250713,2,45,180
20250720,2,45,189
20250727,2,45,161
20250803,2,45,144
20250810,2,45,128
20250817,2,45,101
20250824,2,45,100
20250831,2,45,83
20250907,2,45,50
20250914,2,45,36
20250921,2,45,158
20250928,2,45,145
20251005,2,45,150
20251012,2,45,134
20251019,2,45,102
20251026,2,45,77
20251102,2,45,81
20251109,2,45,61
20251116,2,45,65
20251123,2,45,32
20251130,2,45,120
20251207,2,45,124
20251214,2,45,111
20251221,2,45,124
20251228,2,45,128
20260104,2,45,106
20260111,2,45,120
20260118,2,45,121
20260125,2,45,132
20260201,2,45,116
20260208,2,45,122
20260215,2,45,82
20260222,2,45,54
20260301,2,45,56
20260308,2,45,62
20260315,2,45,34
20260322,2,45,276
20260329,2,45,271
20260405,2,45,261
20260412,2,45,274
20260419,2,45,238
20260426,2,45,239
20260503,2,45,243
20260510,2,45,224
20260517,2,45,201
20260524,2,45,184
20260531,2,45,194
20260607,2,45,208
20260614,2,45,209
20260621,2,45,212
20260628,2,45,226
20260705,2,45,239
20260712,2,45,206
20260719,2,45,217
20260726,2,45,220
20260802,2,45,205
20260809,2,45,188
20260816,2,45,150
20260823,2,45,138
20250105,2,46,275
20250112,2,46,268
20250119,2,46,271
20250126,2,46,237
20250202,2,46,223
20250209,2,46,226
20250216,2,46,195
20250223,2,46,170
20250302,2,46,142
20250309,2,46,133
20250316,2,46,112
20250323,2,46,103
20250330,2,46,83
20250406,2,46,53
20250413,2,46,35
20250420,2,46,43
20250427,2,46,45
20250504,2,46,52
20250511,2,46,39
20250518,2,46,238
20250525,2,46,250
20250601,2,46,233
20250608,2,46,229
20250615,2,46,231
20250622,2,46,216
20250629,2,46,190
20250706,2,46,199
20250713,2,46,175
20250720,2,46,184
20250727,2,46,196
20250803,2,46,168
20250810,2,46,163
20250817,2,46,134
20250824,2,46,97
20250831,2,46,112
20250907,2,46,102
20250914,2,46,71
20250921,2,46,60
20250928,2,46,41
20251005,2,46,215
20251012,2,46,186
20251019,2,46,186
20251026,2,46,155
20251102,2,46,143
20251109,2,46,111
20251116,2,46,79
20251123,2,46,61
20251130,2,46,46
20251207,2,46,50
20251214,2,46,49
20251221,2,46,54
20251228,2,46,64
20260104,2,46,61
20260111,2,46,63
20260118,2,46,69
20260125,2,46,37
20260201,2,46,304
20260208,2,46,296
20260215,2,46,295
20260222,2,46,273
20260301,2,46,241
20260308,2,46,251
20260315,2,46,266
20260322,2,46,259
20260329,2,46,248
20260405,2,46,239
20260412,2,46,231
20260419,2,46,233
20260426,2,46,238
20260503,2,46,219
20260510,2,46,215
20260517,2,46,178
20260524,2,46,138
20260531,2,46,102
20260607,2,46,71
20260614,2,46,52
20260621,2,46,297
20260628,2,46,281
20260705,2,46,244
20260712,2,46,233
20260719,2,46,231
20260726,2,46,202
20260802,2,46,186
20260809,2,46,157
20260816,2,46,117
20260823,2,46,102
20250105,2,47,415
20250112,2,47,404
20250119,2,47,371
20250126,2,47,333
20250202,2,47,301
20250209,2,47,307
20250216,2,47,270
20250223,2,47,271
20250302,2,47,238
20250309,2,47,204
20250316,2,47,210
20250323,2,47,208
20250330,2,47,180
20250406,2,47,159
20250413,2,47,170
20250420,2,47,170
20250427,2,47,167
20250504,2,47,131
20250511,2,47,116
20250518,2,47,121
20250525,2,47,124
20250601,2,47,85
20250608,2,47,85
20250615,2,47,71
20250622,2,47,79
20250629,2,47,83
20250706,2,47,90
20250713,2,47,87
20250720,2,47,55
20250727,2,47,52
20250803,2,47,44
20250810,2,47,145
20250817,2,47,136
20250824,2,47,118
20250831,2,47,86
20250907,2,47,72
20250914,2,47,85
20250921,2,47,57
20250928,2,47,52
20251005,2,47,43
20251012,2,47,135
20251019,2,47,140
20251026,2,47,128
20251102,2,47,101
20251109,2,47,115
20251116,2,47,103
20251123,2,47,64
20251130,2,47,71
20251207,2,47,57
20251214,2,47,50
20251221,2,47,31
20251228,2,47,232
20260104,2,47,247
20260111,2,47,234
20260118,2,47,215
20260125,2,47,203
20260201,2,47,191
20260208,2,47,183
20260215,2,47,147
20260222,2,47,121
20260301,2,47,115
20260308,2,47,102
20260315,2,47,109
20260322,2,47,73
20260329,2,47,41
20260405,2,47,39
20260412,2,47,36
20260419,2,47,34
20260426,2,47,285
20260503,2,47,247
20260510,2,47,242
20260517,2,47,246
20260524,2,47,238
20260531,2,47,248
20260607,2,47,209
20260614,2,47,215
20260621,2,47,200
20260628,2,47,207
20260705,2,47,214
20260712,2,47,211
20260719,2,47,204
20260726,2,47,217
20260802,2,47,201
20260809,2,47,216
20260816,2,47,193
20260823,2,47,154
20250105,2,48,97
20250112,2,48,100
20250119,2,48,73
20250126,2,48,53
20250202,2,48,174
20250209,2,48,152
20250216,2,48,114
20250223,2,48,79
20250302,2,48,41
20250309,2,48,32
20250316,2,48,44
20250323,2,48,122
20250330,2,48,87
20250406,2,48,84
20250413,2,48,81
20250420,2,48,76
20250427,2,48,73
20250504,2,48,83
20250511,2,48,70
20250518,2,48,35
20250525,2,48,41
20250601,2,48,52
20250608,2,48,54
20250615,2,48,157
20250622,2,48,157
20250629,2,48,140
20250706,2,48,125
20250713,2,48,127
20250720,2,48,107
20250727,2,48,99
20250803,2,48,85
20250810,2,48,67
20250817,2,48,46
20250824,2,48,37
20250831,2,48,296
20250907,2,48,260
20250914,2,48,250
20250921,2,48,224
20250928,2,48,223
20251005,2,48,236
20251012,2,48,247
20251019,2,48,248
20251026,2,48,228
20251102,2,48,199
20251109,2,48,185
20251116,2,48,170
20251123,2,48,162
20251130,2,48,122
20251207,2,48,104
20251214,2,48,66
20251221,2,48,50
20251228,2,48,56
20260104,2,48,70
20260111,2,48,51
20260118,2,48,55
20260125,2,48,61
20260201,2,48,49
20260208,2,48,232
20260215,2,48,197
20260222,2,48,166
20260301,2,48,153
20260308,2,48,120
20260315,2,48,90
20260322,2,48,60
20260329,2,48,71
20260405,2,48,65
20260412,2,48,75
20260419,2,48,39
20260426,2,48,303
20260503,2,48,316
20260510,2,48,318
20260517,2,48,279
20260524,2,48,259
20260531,2,48,241
20260607,2,48,251
20260614,2,48,241
20260621,2,48,231
20260628,2,48,230
20260705,2,48,211
20260712,2,48,171
20260719,2,48,185
20260726,2,48,190
20260802,2,48,157
20260809,2,48,163
20260816,2,48,151
20260823,2,48,122
20250105,2,49,174
20250112,2,49,136
20250119,2,49,127
20250126,2,49,87
20250202,2,49,55
20250209,2,49,43
20250216,2,49,48
20250223,2,49,51
20250302,2,49,244
20250309,2,49,220
20250316,2,49,197
20250323,2,49,203
20250330,2,49,170
20250406,2,49,171
20250413,2,49,166
20250420,2,49,131
20250427,2,49,117
20250504,2,49,93
20250511,2,49,62
20250518,2,49,67
20250525,2,49,45
20250601,2,49,216
20250608,2,49,187
20250615,2,49,201
20250622,2,49,168
20250629,2,49,167
20250706,2,49,182
20250713,2,49,151
20250720,2,49,144
20250727,2,49,127
20250803,2,49,142
20250810,2,49,138
20250817,2,49,143
20250824,2,49,123
20250831,2,49,126
20250907,2,49,136
20250914,2,49,103
20250921,2,49,79
20250928,2,49,64
20251005,2,49,63
20251012,2,49,58
20251019,2,49,179
20251026,2,49,190
20251102,2,49,152
20251109,2,49,124
20251116,2,49,93
20251123,2,49,59
20251130,2,49,175
20251207,2,49,169
20251214,2,49,174
20251221,2,49,148
20251228,2,49,111
20260104,2,49,84
20260111,2,49,92
20260118,2,49,62
20260125,2,49,31
20260201,2,49,39
20260208,2,49,227
20260215,2,49,232
20260222,2,49,223
20260301,2,49,226
20260308,2,49,215
20260315,2,49,229
20260322,2,49,236
20260329,2,49,229
20260405,2,49,221
20260412,2,49,188
20260419,2,49,171
20260426,2,49,138
20260503,2,49,135
20260510,2,49,147
20260517,2,49,112
20260524,2,49,78
20260531,2,49,66
20260607,2,49,61
20260614,2,49,226
20260621,2,49,222
20260628,2,49,199
20260705,2,49,179
20260712,2,49,161
20260719,2,49,159
20260726,2,49,145
20260802,2,49,137
20260809,2,49,132
20260816,2,49,96
20260823,2,49,64
20250105,2,50,349
20250112,2,50,341
20250119,2,50,315
20250126,2,50,319
20250202,2,50,296
20250209,2,50,283
20250216,2,50,249
20250223,2,50,259
20250302,2,50,220
20250309,2,50,222
20250316,2,50,199
20250323,2,50,173
20250330,2,50,149
20250406,2,50,125
20250413,2,50,91
20250420,2,50,95
20250427,2,50,94
20250504,2,50,107
20250511,2,50,118
20250518,2,50,118
20250525,2,50,123
20250601,2,50,107
20250608,2,50,97
20250615,2,50,101
20250622,2,50,96
20250629,2,50,71
20250706,2,50,45
20250713,2,50,224
20250720,2,50,225
20250727,2,50,190
20250803,2,50,182
20250810,2,50,183
20250817,2,50,167
20250824,2,50,168
20250831,2,50,179
20250907,2,50,190
20250914,2,50,199
20250921,2,50,208
20250928,2,50,205
20251005,2,50,211
20251012,2,50,219
20251019,2,50,214
20251026,2,50,201
20251102,2,50,182
20251109,2,50,197
20251116,2,50,166
20251123,2,50,179
20251130,2,50,161
20251207,2,50,128
20251214,2,50,89
20251221,2,50,103
20251228,2,50,79
20260104,2,50,41
20260111,2,50,55
20260118,2,50,293
20260125,2,50,254
20260201,2,50,241
20260208,2,50,234
20260215,2,50,205
20260222,2,50,197
20260301,2,50,162
20260308,2,50,170
20260315,2,50,140
20260322,2,50,127
20260329,2,50,120
20260405,2,50,88
20260412,2,50,82
20260419,2,50,78
20260426,2,50,57
20260503,2,50,35
20260510,2,50,35
20260517,2,50,220
20260524,2,50,185
20260531,2,50,180
20260607,2,50,161
20260614,2,50,174
20260621,2,50,150
20260628,2,50,135
20260705,2,50,112
20260712,2,50,120
20260719,2,50,94
20260726,2,50,92
20260802,2,50,68
20260809,2,50,43
20260816,2,50,38
20260823,2,50,300
20250105,2,51,106
20250112,2,51,113
20250119,2,51,73
20250126,2,51,63
20250202,2,51,69
20250209,2,51,70
20250216,2,51,80
20250223,2,51,53
20250302,2,51,140
20250309,2,51,139
20250316,2,51,123
20250323,2,51,102
20250330,2,51,97
20250406,2,51,109
20250413,2,51,104
20250420,2,51,67
20250427,2,51,33
20250504,2,51,208
20250511,2,51,204
20250518,2,51,219
20250525,2,51,211
20250601,2,51,187
20250608,2,51,161
20250615,2,51,151
20250622,2,51,165
20250629,2,51,154
20250706,2,51,114
20250713,2,51,126
20250720,2,51,113
20250727,2,51,84
20250803,2,51,93
20250810,2,51,61
20250817,2,51,35
20250824,2,51,270
20250831,2,51,243
20250907,2,51,209
20250914,2,51,181
20250921,2,51,186
20250928,2,51,161
20251005,2,51,134
20251012,2,51,97
20251019,2,51,91
20251026,2,51,86
20251102,2,51,52
20251109,2,51,59
20251116,2,51,60
20251123,2,51,73
20251130,2,51,38
20251207,2,51,270
20251214,2,51,283
20251221,2,51,251
20251228,2,51,243
20260104,2,51,255
20260111,2,51,250
20260118,2,51,241
20260125,2,51,216
20260201,2,51,195
20260208,2,51,201
20260215,2,51,190
20260222,2,51,154
20260301,2,51,116
20260308,2,51,120
20260315,2,51,106
20260322,2,51,84
20260329,2,51,67
20260405,2,51,64
20260412,2,51,36
20260419,2,51,303
20260426,2,51,263
20260503,2,51,226
20260510,2,51,189
20260517,2,51,185
20260524,2,51,159
20260531,2,51,146
20260607,2,51,158
20260614,2,51,121
20260621,2,51,118
20260628,2,51,129
20260705,2,51,114
20260712,2,51,95
20260719,2,51,70
20260726,2,51,55
20260802,2,51,64
20260809,2,51,39
20260816,2,51,189
20260823,2,51,158
20250105,2,52,115
20250112,2,52,88
20250119,2,52,51
20250126,2,52,56
20250202,2,52,262
20250209,2,52,262
20250216,2,52,238
20250223,2,52,236
20250302,2,52,240
20250309,2,52,222
20250316,2,52,183
20250323,2,52,173
20250330,2,52,164
20250406,2,52,159
20250413,2,52,145
20250420,2,52,108
20250427,2,52,79
20250504,2,52,84
20250511,2,52,97
20250518,2,52,76
20250525,2,52,68
20250601,2,52,74
20250608,2,52,73
20250615,2,52,58
20250622,2,52,54
20250629,2,52,191
20250706,2,52,201
20250713,2,52,196
20250720,2,52,173
20250727,2,52,183
20250803,2,52,159
20250810,2,52,141
20250817,2,52,119
20250824,2,52,79
20250831,2,52,50
20250907,2,52,38
20250914,2,52,46
20250921,2,52,130
20250928,2,52,118
20251005,2,52,117
20251012,2,52,110
20251019,2,52,74
20251026,2,52,35
20251102,2,52,301
20251109,2,52,300
20251116,2,52,307
20251123,2,52,277
20251130,2,52,277
20251207,2,52,288
20251214,2,52,265
20251221,2,52,264
20251228,2,52,232
20260104,2,52,196
20260111,2,52,159
20260118,2,52,134
20260125,2,52,130
20260201,2,52,120
20260208,2,52,84
20260215,2,52,44
20260222,2,52,46
20260301,2,52,52
20260308,2,52,63
20260315,2,52,69
20260322,2,52,83
20260329,2,52,91
20260405,2,52,80
20260412,2,52,63
20260419,2,52,74
20260426,2,52,57
20260503,2,52,57
20260510,2,52,43
20260517,2,52,166
20260524,2,52,141
20260531,2,52,144
20260607,2,52,139
20260614,2,52,130
20260621,2,52,95
20260628,2,52,90
20260705,2,52,53
20260712,2,52,214
20260719,2,52,208
20260726,2,52,220
20260802,2,52,188
20260809,2,52,152
20260816,2,52,119
20260823,2,52,130
20250105,2,53,481
20250112,2,53,496
20250119,2,53,487
20250126,2,53,492
20250202,2,53,468
20250209,2,53,461
20250216,2,53,468
20250223,2,53,439
20250302,2,53,449
20250309,2,53,455
20250316,2,53,416
20250323,2,53,385
20250330,2,53,400
20250406,2,53,404
20250413,2,53,365
20250420,2,53,358
20250427,2,53,333
20250504,2,53,294
20250511,2,53,284
20250518,2,53,285
20250525,2,53,296
20250601,2,53,287
20250608,2,53,292
20250615,2,53,299
20250622,2,53,277
20250629,2,53,282
20250706,2,53,255
20250713,2,53,264
20250720,2,53,271
20250727,2,53,236
20250803,2,53,231
20250810,2,53,195
20250817,2,53,185
20250824,2,53,168
20250831,2,53,157
20250907,2,53,166
20250914,2,53,147
20250921,2,53,120
20250928,2,53,82
20251005,2,53,94
20251012,2,53,106
20251019,2,53,100
20251026,2,53,97
20251102,2,53,91
20251109,2,53,64
20251116,2,53,63
20251123,2,53,73
20251130,2,53,71
20251207,2,53,36
20251214,2,53,51
20251221,2,53,40
20251228,2,53,45
20260104,2,53,45
20260111,2,53,186
20260118,2,53,175
20260125,2,53,166
20260201,2,53,150
20260208,2,53,122
20260215,2,53,86
20260222,2,53,90
20260301,2,53,67
20260308,2,53,37
20260315,2,53,31
20260322,2,53,44
20260329,2,53,48
20260405,2,53,37
20260412,2,53,254
20260419,2,53,238
20260426,2,53,221
20260503,2,53,215
20260510,2,53,189
20260517,2,53,150
20260524,2,53,146
20260531,2,53,116
20260607,2,53,87
20260614,2,53,73
20260621,2,53,37
20260628,2,53,39
20260705,2,53,137
20260712,2,53,111
20260719,2,53,83
20260726,2,53,89
20260802,2,53,95
20260809,2,53,105
20260816,2,53,120
20260823,2,53,133
20250105,2,54,166
20250112,2,54,127
20250119,2,54,138
20250126,2,54,107
20250202,2,54,83
20250209,2,54,96
20250216,2,54,92
20250223,2,54,96
20250302,2,54,98
20250309,2,54,78
20250316,2,54,61
20250323,2,54,45
20250330,2,54,51
20250406,2,54,32
20250413,2,54,197
20250420,2,54,159
20250427,2,54,150
20250504,2,54,151
20250511,2,54,125
20250518,2,54,96
20250525,2,54,81
20250601,2,54,46
20250608,2,54,141
20250615,2,54,112
20250622,2,54,112
20250629,2,54,103
20250706,2,54,88
20250713,2,54,75
20250720,2,54,63
20250727,2,54,51
20250803,2,54,64
20250810,2,54,41
20250817,2,54,54
20250824,2,54,171
20250831,2,54,167
20250907,2,54,129
20250914,2,54,142
20250921,2,54,120
20250928,2,54,123
20251005,2,54,101
20251012,2,54,68
20251019,2,54,36
20251026,2,54,40
20251102,2,54,280
20251109,2,54,290
20251116,2,54,302
20251123,2,54,309
20251130,2,54,270
20251207,2,54,272
20251214,2,54,260
20251221,2,54,254
20251228,2,54,256
20260104,2,54,264
20260111,2,54,245
20260118,2,54,217
20260125,2,54,181
20260201,2,54,187
20260208,2,54,181
20260215,2,54,161
20260222,2,54,134
20260301,2,54,127
20260308,2,54,127
20260315,2,54,109
20260322,2,54,90
20260329,2,54,76
20260405,2,54,79
20260412,2,54,40
20260419,2,54,51
20260426,2,54,48
20260503,2,54,57
20260510,2,54,55
20260517,2,54,65
20260524,2,54,74
20260531,2,54,79
20260607,2,54,63
20260614,2,54,68
20260621,2,54,45
20260628,2,54,32
20260705,2,54,37
20260712,2,54,43
20260719,2,54,200
20260726,2,54,198
20260802,2,54,182
20260809,2,54,197
20260816,2,54,168
20260823,2,54,158
20250105,2,55,124
20250112,2,55,116
20250119,2,55,105
20250126,2,55,76
20250202,2,55,86
20250209,2,55,52
20250216,2,55,61
20250223,2,55,31
20250302,2,55,288
20250309,2,55,260
20250316,2,55,251
20250323,2,55,212
20250330,2,55,211
20250406,2,55,200
20250413,2,55,179
20250420,2,55,155
20250427,2,55,167
20250504,2,55,154
20250511,2,55,169
20250518,2,55,155
20250525,2,55,159
20250601,2,55,130
20250608,2,55,114
20250615,2,55,120
20250622,2,55,116
20250629,2,55,98
20250706,2,55,65
20250713,2,55,72
20250720,2,55,84
20250727,2,55,94
20250803,2,55,76
20250810,2,55,53
20250817,2,55,55
20250824,2,55,38
20250831,2,55,32
20250907,2,55,161
20250914,2,55,149
20250921,2,55,151
20250928,2,55,124
20251005,2,55,100
20251012,2,55,76
20251019,2,55,71
20251026,2,55,53
20251102,2,55,40
20251109,2,55,254
20251116,2,55,256
20251123,2,55,239
20251130,2,55,224
20251207,2,55,194
20251214,2,55,203
20251221,2,55,170
20251228,2,55,153
20260104,2,55,167
20260111,2,55,128
20260118,2,55,131
20260125,2,55,135
20260201,2,55,116
20260208,2,55,106
20260215,2,55,81
20260222,2,55,54
20260301,2,55,48
20260308,2,55,232
20260315,2,55,199
20260322,2,55,182
20260329,2,55,183
20260405,2,55,166
20260412,2,55,161
20260419,2,55,172
20260426,2,55,180
20260503,2,55,155
20260510,2,55,142
20260517,2,55,131
20260524,2,55,122
20260531,2,55,117
20260607,2,55,95
20260614,2,55,71
20260621,2,55,45
20260628,2,55,46
20260705,2,55,206
20260712,2,55,203
20260719,2,55,199
20260726,2,55,180
20260802,2,55,180
20260809,2,55,175
20260816,2,55,173
20260823,2,55,183
20250105,2,56,494
20250112,2,56,475
20250119,2,56,477
20250126,2,56,466
20250202,2,56,443
20250209,2,56,449
20250216,2,56,442
20250223,2,56,405
20250302,2,56,420
20250309,2,56,432
20250316,2,56,437
20250323,2,56,404
20250330,2,56,365
20250406,2,56,337
20250413,2,56,323
20250420,2,56,332
20250427,2,56,302
20250504,2,56,268
20250511,2,56,230
20250518,2,56,202
20250525,2,56,188
20250601,2,56,169
20250608,2,56,130
20250615,2,56,138
20250622,2,56,127
20250629,2,56,89
20250706,2,56,71
20250713,2,56,76
20250720,2,56,83
20250727,2,56,75
20250803,2,56,49
20250810,2,56,58
20250817,2,56,40
20250824,2,56,48
20250831,2,56,37
20250907,2,56,288
20250914,2,56,267
20250921,2,56,263
20250928,2,56,235
20251005,2,56,199
20251012,2,56,165
20251019,2,56,128
20251026,2,56,133
20251102,2,56,109
20251109,2,56,77
20251116,2,56,81
20251123,2,56,47
20251130,2,56,209
20251207,2,56,212
20251214,2,56,200
20251221,2,56,199
20251228,2,56,170
20260104,2,56,163
20260111,2,56,142
20260118,2,56,146
20260125,2,56,155
20260201,2,56,159
20260208,2,56,138
20260215,2,56,134
20260222,2,56,133
20260301,2,56,147
20260308,2,56,120
20260315,2,56,124
20260322,2,56,131
20260329,2,56,145
20260405,2,56,144
20260412,2,56,152
20260419,2,56,141
20260426,2,56,108
20260503,2,56,77
20260510,2,56,79
20260517,2,56,85
20260524,2,56,90
20260531,2,56,77
20260607,2,56,89
20260614,2,56,99
20260621,2,56,88
20260628,2,56,97
20260705,2,56,91
20260712,2,56,84
20260719,2,56,49
20260726,2,56,33
20260802,2,56,160
20260809,2,56,139
20260816,2,56,127
20260823,2,56,99
20250105,2,57,234
20250112,2,57,206
20250119,2,57,209
20250126,2,57,184
20250202,2,57,152
20250209,2,57,141
20250216,2,57,146
20250223,2,57,159
20250302,2,57,173
20250309,2,57,177
20250316,2,57,154
20250323,2,57,133
20250330,2,57,126
20250406,2,57,115
20250413,2,57,124
20250420,2,57,114
20250427,2,57,123
20250504,2,57,90
20250511,2,57,53
20250518,2,57,161
20250525,2,57,153
20250601,2,57,118
20250608,2,57,110
20250615,2,57,122
20250622,2,57,95
20250629,2,57,74
20250706,2,57,45
20250713,2,57,48
20250720,2,57,174
20250727,2,57,146
20250803,2,57,150
20250810,2,57,155
20250817,2,57,158
20250824,2,57,172
20250831,2,57,147
20250907,2,57,138
20250914,2,57,118
20250921,2,57,84
20250928,2,57,79
20251005,2,57,67
20251012,2,57,68
20251019,2,57,65
20251026,2,57,67
20251102,2,57,42
20251109,2,57,50
20251116,2,57,176
20251123,2,57,136
20251130,2,57,126
20251207,2,57,141
20251214,2,57,153
20251221,2,57,121
20251228,2,57,83
20260104,2,57,53
20260111,2,57,253
20260118,2,57,217
20260125,2,57,224
20260201,2,57,230
20260208,2,57,242
20260215,2,57,202
20260222,2,57,190
20260301,2,57,157
20260308,2,57,149
20260315,2,57,156
20260322,2,57,153
20260329,2,57,168
20260405,2,57,160
20260412,2,57,136
20260419,2,57,106
20260426,2,57,84
20260503,2,57,86
20260510,2,57,85
20260517,2,57,96
20260524,2,57,85
20260531,2,57,57
20260607,2,57,316
20260614,2,57,311
20260621,2,57,320
20260628,2,57,289
20260705,2,57,289
20260712,2,57,300
20260719,2,57,267
20260726,2,57,267
20260802,2,57,235
20260809,2,57,202
20260816,2,57,214
20260823,2,57,193
20250105,2,58,135
20250112,2,58,141
20250119,2,58,152
20250126,2,58,142
20250202,2,58,157
20250209,2,58,149
20250216,2,58,144
20250223,2,58,155
20250302,2,58,120
20250309,2,58,130
20250316,2,58,120
20250323,2,58,93
20250330,2,58,61
20250406,2,58,66
20250413,2,58,67
20250420,2,58,78
20250427,2,58,66
20250504,2,58,41
20250511,2,58,257
20250518,2,58,243
20250525,2,58,209
20250601,2,58,204
20250608,2,58,169
20250615,2,58,179
20250622,2,58,191
20250629,2,58,189
20250706,2,58,173
20250713,2,58,186
20250720,2,58,188
20250727,2,58,194
20250803,2,58,178
20250810,2,58,180
20250817,2,58,168
20250824,2,58,166
20250831,2,58,165
20250907,2,58,157
20250914,2,58,118
20250921,2,58,127
20250928,2,58,130
20251005,2,58,134
20251012,2,58,105
20251019,2,58,103
20251026,2,58,82
20251102,2,58,56
20251109,2,58,61
20251116,2,58,31
20251123,2,58,181
20251130,2,58,180
20251207,2,58,185
20251214,2,58,192
20251221,2,58,172
20251228,2,58,181
20260104,2,58,144
20260111,2,58,130
20260118,2,58,140
20260125,2,58,149
20260201,2,58,123
20260208,2,58,106
20260215,2,58,112
20260222,2,58,75
20260301,2,58,46
20260308,2,58,30
20260315,2,58,194
20260322,2,58,182
20260329,2,58,180
20260405,2,58,158
20260412,2,58,153
20260419,2,58,146
20260426,2,58,118
20260503,2,58,128
20260510,2,58,134
20260517,2,58,105
20260524,2,58,88
20260531,2,58,50
20260607,2,58,30
20260614,2,58,269
20260621,2,58,231
20260628,2,58,224
20260705,2,58,199
20260712,2,58,192
20260719,2,58,175
20260726,2,58,145
20260802,2,58,126
20260809,2,58,109
20260816,2,58,89
20260823,2,58,98
20250105,2,59,155
20250112,2,59,168
20250119,2,59,171
20250126,2,59,149
20250202,2,59,146
20250209,2,59,107
20250216,2,59,75
20250223,2,59,68
20250302,2,59,45
20250309,2,59,306
20250316,2,59,304
20250323,2,59,312
20250330,2,59,320
20250406,2,59,306
20250413,2,59,282
20250420,2,59,294
20250427,2,59,296
20250504,2,59,267
20250511,2,59,242
20250518,2,59,239
20250525,2,59,207
20250601,2,59,212
20250608,2,59,202
20250615,2,59,190
20250622,2,59,184
20250629,2,59,197
20250706,2,59,170
20250713,2,59,173
20250720,2,59,141
20250727,2,59,142
20250803,2,59,102
20250810,2,59,75
20250817,2,59,53
20250824,2,59,235
20250831,2,59,200
20250907,2,59,204
20250914,2,59,184
20250921,2,59,171
20250928,2,59,164
20251005,2,59,145
20251012,2,59,114
20251019,2,59,86
20251026,2,59,88
20251102,2,59,49
20251109,2,59,60
20251116,2,59,233
20251123,2,59,244
20251130,2,59,228
20251207,2,59,222
20251214,2,59,182
20251221,2,59,142
20251228,2,59,154
20260104,2,59,162
20260111,2,59,169
20260118,2,59,143
20260125,2,59,127
20260201,2,59,108
20260208,2,59,74
20260215,2,59,61
20260222,2,59,55
20260301,2,59,55
20260308,2,59,217
20260315,2,59,204
20260322,2,59,205
20260329,2,59,179
20260405,2,59,146
20260412,2,59,124
20260419,2,59,102
20260426,2,59,104
20260503,2,59,108
20260510,2,59,118
20260517,2,59,128
20260524,2,59,130
20260531,2,59,126
20260607,2,59,134
20260614,2,59,145
20260621,2,59,159
20260628,2,59,172
20260705,2,59,160
20260712,2,59,134
20260719,2,59,111
20260726,2,59,75
20260802,2,59,88
20260809,2,59,90
20260816,2,59,97
20260823,2,59,84
20250105,3,1,61
20250112,3,1,53
20250119,3,1,304
20250126,3,1,294
20250202,3,1,289
20250209,3,1,277
20250216,3,1,241
20250223,3,1,251
20250302,3,1,266
20250309,3,1,273
20250316,3,1,265
20250323,3,1,273
20250330,3,1,261
20250406,3,1,275
20250413,3,1,283
20250420,3,1,258
20250427,3,1,225
20250504,3,1,225
20250511,3,1,186
20250518,3,1,178
20250525,3,1,192
20250601,3,1,196
20250608,3,1,190
20250615,3,1,192
20250622,3,1,166
20250629,3,1,180
20250706,3,1,177
20250713,3,1,163
20250720,3,1,155
20250727,3,1,123
20250803,3,1,118
20250810,3,1,128
20250817,3,1,115
20250824,3,1,114
20250831,3,1,128
20250907,3,1,123
20250914,3,1,124
20250921,3,1,129
20250928,3,1,115
20251005,3,1,105
20251012,3,1,106
20251019,3,1,105
20251026,3,1,117
20251102,3,1,86
20251109,3,1,93
20251116,3,1,53
20251123,3,1,57
20251130,3,1,68
20251207,3,1,77
20251214,3,1,62
20251221,3,1,64
20251228,3,1,76
20260104,3,1,66
20260111,3,1,73
20260118,3,1,33
20260125,3,1,30
20260201,3,1,190
20260208,3,1,201
20260215,3,1,197
20260222,3,1,212
20260301,3,1,193
20260308,3,1,164
20260315,3,1,130
20260322,3,1,133
20260329,3,1,95
20260405,3,1,59
20260412,3,1,72
20260419,3,1,33
20260426,3,1,229
20260503,3,1,218
20260510,3,1,228
20260517,3,1,198
20260524,3,1,208
20260531,3,1,205
20260607,3,1,210
20260614,3,1,225
20260621,3,1,237
20260628,3,1,203
20260705,3,1,179
20260712,3,1,150
20260719,3,1,144
20260726,3,1,130
20260802,3,1,145
20260809,3,1,120
20260816,3,1,106
20260823,3,1,115
20250105,3,2,172
20250112,3,2,173
20250119,3,2,182
20250126,3,2,156
20250202,3,2,149
20250209,3,2,138
20250216,3,2,153
20250223,3,2,117
20250302,3,2,105
20250309,3,2,115
20250316,3,2,100
20250323,3,2,76
20250330,3,2,65
20250406,3,2,34
20250413,3,2,125
20250420,3,2,136
20250427,3,2,146
20250504,3,2,117
20250511,3,2,88
20250518,3,2,76
20250525,3,2,44
20250601,3,2,117
20250608,3,2,110
20250615,3,2,122
20250622,3,2,131
20250629,3,2,108
20250706,3,2,71
20250713,3,2,51
20250720,3,2,120
20250727,3,2,129
20250803,3,2,123
20250810,3,2,84
20250817,3,2,78
20250824,3,2,89
20250831,3,2,94
20250907,3,2,84
20250914,3,2,54
20250921,3,2,66
20250928,3,2,77
20251005,3,2,48
20251012,3,2,51
20251019,3,2,31
20251026,3,2,37
20251102,3,2,35
20251109,3,2,42
20251116,3,2,51
20251123,3,2,307
20251130,3,2,287
20251207,3,2,268
20251214,3,2,251
20251221,3,2,230
20251228,3,2,245
20260104,3,2,255
20260111,3,2,264
20260118,3,2,240
20260125,3,2,242
20260201,3,2,226
20260208,3,2,205
20260215,3,2,190
20260222,3,2,175
20260301,3,2,177
20260308,3,2,154
20260315,3,2,163
20260322,3,2,144
20260329,3,2,135
20260405,3,2,98
20260412,3,2,59
20260419,3,2,61
20260426,3,2,62
20260503,3,2,76
20260510,3,2,36
20260517,3,2,301
20260524,3,2,313
20260531,3,2,325
20260607,3,2,331
20260614,3,2,300
20260621,3,2,262
20260628,3,2,245
20260705,3,2,257
20260712,3,2,248
20260719,3,2,238
20260726,3,2,208
20260802,3,2,200
20260809,3,2,179
20260816,3,2,193
20260823,3,2,207
20250105,3,3,295
20250112,3,3,286
20250119,3,3,276
20250126,3,3,249
20250202,3,3,255
20250209,3,3,241
20250216,3,3,245
20250223,3,3,245
20250302,3,3,233
20250309,3,3,228
20250316,3,3,198
20250323,3,3,192
20250330,3,3,188
20250406,3,3,192
20250413,3,3,169
20250420,3,3,131
20250427,3,3,117
20250504,3,3,78
20250511,3,3,57
20250518,3,3,204
20250525,3,3,183
20250601,3,3,179
20250608,3,3,144
20250615,3,3,107
20250622,3,3,82
20250629,3,3,84
20250706,3,3,65
20250713,3,3,72
20250720,3,3,84
20250727,3,3,83
20250803,3,3,70
20250810,3,3,82
20250817,3,3,52
20250824,3,3,303
20250831,3,3,285
20250907,3,3,267
20250914,3,3,227
20250921,3,3,199
20250928,3,3,200
20251005,3,3,196
20251012,3,3,192
20251019,3,3,174
20251026,3,3,142
20251102,3,3,153
20251109,3,3,132
20251116,3,3,98
20251123,3,3,91
20251130,3,3,97
20251207,3,3,106
20251214,3,3,79
20251221,3,3,76
20251228,3,3,52
20260104,3,3,168
20260111,3,3,159
20260118,3,3,121
20260125,3,3,114
20260201,3,3,75
20260208,3,3,88
20260215,3,3,56
20260222,3,3,192
20260301,3,3,181
20260308,3,3,145
20260315,3,3,138
20260322,3,3,118
20260329,3,3,123
20260405,3,3,119
20260412,3,3,117
20260419,3,3,77
20260426,3,3,84
20260503,3,3,83
20260510,3,3,98
20260517,3,3,79
20260524,3,3,53
20260531,3,3,48
20260607,3,3,149
20260614,3,3,147
20260621,3,3,134
20260628,3,3,122
20260705,3,3,88
20260712,3,3,103
20260719,3,3,87
20260726,3,3,69
20260802,3,3,36
20260809,3,3,231
20260816,3,3,191
20260823,3,3,165
20250105,3,4,251
20250112,3,4,244
20250119,3,4,245
20250126,3,4,246
20250202,3,4,217
20250209,3,4,182
20250216,3,4,163
20250223,3,4,172
20250302,3,4,154
20250309,3,4,127
20250316,3,4,99
20250323,3,4,88
20250330,3,4,72
20250406,3,4,61
20250413,3,4,68
20250420,3,4,39
20250427,3,4,310
20250504,3,4,307
20250511,3,4,316
20250518,3,4,308
20250525,3,4,305
20250601,3,4,270
20250608,3,4,254
20250615,3,4,253
20250622,3,4,234
20250629,3,4,194
20250706,3,4,154
20250713,3,4,114
20250720,3,4,89
20250727,3,4,89
20250803,3,4,86
20250810,3,4,97
20250817,3,4,100
20250824,3,4,75
20250831,3,4,38
20250907,3,4,40
20250914,3,4,152
20250921,3,4,127
20250928,3,4,95
20251005,3,4,74
20251012,3,4,47
20251019,3,4,276
20251026,3,4,252
20251102,3,4,221
20251109,3,4,218
20251116,3,4,200
20251123,3,4,188
20251130,3,4,159
20251207,3,4,129
20251214,3,4,132
20251221,3,4,131
20251228,3,4,132
20260104,3,4,111
20260111,3,4,74
20260118,3,4,56
20260125,3,4,46
20260201,3,4,253
20260208,3,4,247
20260215,3,4,244
20260222,3,4,253
20260301,3,4,267
20260308,3,4,281
20260315,3,4,291
20260322,3,4,277
20260329,3,4,263
20260405,3,4,238
20260412,3,4,211
20260419,3,4,185
20260426,3,4,158
20260503,3,4,145
20260510,3,4,122
20260517,3,4,117
20260524,3,4,98
20260531,3,4,91
20260607,3,4,52
20260614,3,4,60
20260621,3,4,32
20260628,3,4,271
20260705,3,4,277
20260712,3,4,281
20260719,3,4,260
20260726,3,4,221
20260802,3,4,231
20260809,3,4,223
20260816,3,4,233
20260823,3,4,215
20250105,3,5,317
20250112,3,5,277
20250119,3,5,279
20250126,3,5,278
20250202,3,5,247
20250209,3,5,233
20250216,3,5,212
20250223,3,5,216
20250302,3,5,186
20250309,3,5,167
20250316,3,5,173
20250323,3,5,158
20250330,3,5,121
20250406,3,5,119
20250413,3,5,85
20250420,3,5,97
20250427,3,5,76
20250504,3,5,77
20250511,3,5,57
20250518,3,5,52
20250525,3,5,42
20250601,3,5,180
20250608,3,5,178
20250615,3,5,160
20250622,3,5,171
20250629,3,5,138
20250706,3,5,146
20250713,3,5,124
20250720,3,5,112
20250727,3,5,97
20250803,3,5,101
20250810,3,5,65
20250817,3,5,59
20250824,3,5,64
20250831,3,5,200
20250907,3,5,167
20250914,3,5,159
20250921,3,5,149
20250928,3,5,143
20251005,3,5,121
20251012,3,5,125
20251019,3,5,86
20251026,3,5,87
20251102,3,5,84
20251109,3,5,84
20251116,3,5,90
20251123,3,5,52
20251130,3,5,61
20251207,3,5,66
20251214,3,5,74
20251221,3,5,85
20251228,3,5,93
20260104,3,5,97
20260111,3,5,103
20260118,3,5,74
20260125,3,5,76
20260201,3,5,76
20260208,3,5,91
20260215,3,5,92
20260222,3,5,61
20260301,3,5,54
20260308,3,5,51
20260315,3,5,31
20260322,3,5,43
20260329,3,5,303
20260405,3,5,280
20260412,3,5,247
20260419,3,5,209
20260426,3,5,185
20260503,3,5,145
20260510,3,5,148
20260517,3,5,126
20260524,3,5,119
20260531,3,5,129
20260607,3,5,113
20260614,3,5,81
20260621,3,5,92
20260628,3,5,107
20260705,3,5,68
20260712,3,5,37
20260719,3,5,303
20260726,3,5,263
20260802,3,5,249
20260809,3,5,221
20260816,3,5,212
20260823,3,5,214
20250105,3,6,93
20250112,3,6,78
20250119,3,6,77
20250126,3,6,46
20250202,3,6,50
20250209,3,6,56
20250216,3,6,43
20250223,3,6,34
20250302,3,6,38
20250309,3,6,44
20250316,3,6,133
20250323,3,6,135
20250330,3,6,108
20250406,3,6,92
20250413,3,6,67
20250420,3,6,61
20250427,3,6,48
20250504,3,6,216
20250511,3,6,212
20250518,3,6,211
20250525,3,6,176
20250601,3,6,179
20250608,3,6,183
20250615,3,6,179
20250622,3,6,161
20250629,3,6,151
20250706,3,6,144
20250713,3,6,105
20250720,3,6,72
20250727,3,6,66
20250803,3,6,38
20250810,3,6,233
20250817,3,6,218
20250824,3,6,203
20250831,3,6,191
20250907,3,6,167
20250914,3,6,130
20250921,3,6,119
20250928,3,6,107
20251005,3,6,99
20251012,3,6,63
20251019,3,6,78
20251026,3,6,43
20251102,3,6,117
20251109,3,6,106
20251116,3,6,76
20251123,3,6,62
20251130,3,6,34
20251207,3,6,290
20251214,3,6,305
20251221,3,6,316
20251228,3,6,287
20260104,3,6,269
20260111,3,6,245
20260118,3,6,258
20260125,3,6,256
20260201,3,6,233
20260208,3,6,242
20260215,3,6,246
20260222,3,6,228
20260301,3,6,190
20260308,3,6,162
20260315,3,6,145
20260322,3,6,115
20260329,3,6,111
20260405,3,6,79
20260412,3,6,90
20260419,3,6,61
20260426,3,6,44
20260503,3,6,36
20260510,3,6,189
20260517,3,6,170
20260524,3,6,141
20260531,3,6,103
20260607,3,6,97
20260614,3,6,104
20260621,3,6,102
20260628,3,6,64
20260705,3,6,38
20260712,3,6,53
20260719,3,6,42
20260726,3,6,53
20260802,3,6,62
20260809,3,6,64
20260816,3,6,41
20260823,3,6,34
20250105,3,7,83
20250112,3,7,77
20250119,3,7,58
20250126,3,7,34
20250202,3,7,117
20250209,3,7,110
20250216,3,7,116
20250223,3,7,98
20250302,3,7,87
20250309,3,7,102
20250316,3,7,86
20250323,3,7,70
20250330,3,7,46
20250406,3,7,47
20250413,3,7,44
20250420,3,7,272
20250427,3,7,274
20250504,3,7,241
20250511,3,7,246
20250518,3,7,237
20250525,3,7,247
20250601,3,7,243
20250608,3,7,213
20250615,3,7,212
20250622,3,7,203
20250629,3,7,203
20250706,3,7,218
20250713,3,7,202
20250720,3,7,174
20250727,3,7,179
20250803,3,7,168
20250810,3,7,146
20250817,3,7,126
20250824,3,7,100
20250831,3,7,114
20250907,3,7,102
20250914,3,7,100
20250921,3,7,73
20250928,3,7,42
20251005,3,7,32
20251012,3,7,32
20251019,3,7,45
20251026,3,7,260
20251102,3,7,244
20251109,3,7,235
20251116,3,7,203
20251123,3,7,190
20251130,3,7,205
20251207,3,7,175
20251214,3,7,174
20251221,3,7,165
20251228,3,7,153
20260104,3,7,143
20260111,3,7,125
20260118,3,7,137
20260125,3,7,97
20260201,3,7,105
20260208,3,7,119
20260215,3,7,96
20260222,3,7,80
20260301,3,7,67
20260308,3,7,54
20260315,3,7,53
20260322,3,7,50
20260329,3,7,49
20260405,3,7,64
20260412,3,7,60
20260419,3,7,38
20260426,3,7,135
20260503,3,7,144
20260510,3,7,134
20260517,3,7,137
20260524,3,7,117
20260531,3,7,100
20260607,3,7,60
20260614,3,7,57
20260621,3,7,31
20260628,3,7,32
20260705,3,7,46
20260712,3,7,226
20260719,3,7,189
20260726,3,7,204
20260802,3,7,165
20260809,3,7,137
20260816,3,7,110
20260823,3,7,73
20250105,3,8,327
20250112,3,8,326
20250119,3,8,315
20250126,3,8,285
20250202,3,8,299
20250209,3,8,296
20250216,3,8,258
20250223,3,8,259
20250302,3,8,256
20250309,3,8,228
20250316,3,8,219
20250323,3,8,188
20250330,3,8,194
20250406,3,8,186
20250413,3,8,199
20250420,3,8,189
20250427,3,8,195
20250504,3,8,205
20250511,3,8,191
20250518,3,8,171
20250525,3,8,179
20250601,3,8,187
20250608,3,8,150
20250615,3,8,150
20250622,3,8,163
20250629,3,8,172
20250706,3,8,146
20250713,3,8,161
20250720,3,8,171
20250727,3,8,178
20250803,3,8,170
20250810,3,8,164
20250817,3,8,137
20250824,3,8,101
20250831,3,8,84
20250907,3,8,65
20250914,3,8,78
20250921,3,8,46
20250928,3,8,48
20251005,3,8,52
20251012,3,8,165
20251019,3,8,159
20251026,3,8,132
20251102,3,8,144
20251109,3,8,137
20251116,3,8,137
20251123,3,8,113
20251130,3,8,119
20251207,3,8,126
20251214,3,8,123
20251221,3,8,95
20251228,3,8,97
20260104,3,8,107
20260111,3,8,88
20260118,3,8,56
20260125,3,8,36
20260201,3,8,117
20260208,3,8,94
20260215,3,8,55
20260222,3,8,182
20260301,3,8,167
20260308,3,8,158
20260315,3,8,127
20260322,3,8,94
20260329,3,8,106
20260405,3,8,90
20260412,3,8,74
20260419,3,8,63
20260426,3,8,38
20260503,3,8,151
20260510,3,8,165
20260517,3,8,125
20260524,3,8,103
20260531,3,8,113
20260607,3,8,120
20260614,3,8,86
20260621,3,8,54
20260628,3,8,58
20260705,3,8,38
20260712,3,8,189
20260719,3,8,168
20260726,3,8,170
20260802,3,8,173
20260809,3,8,146
20260816,3,8,128
20260823,3,8,113
20250105,3,9,483
20250112,3,9,473
20250119,3,9,478
20250126,3,9,469
20250202,3,9,470
20250209,3,9,440
20250216,3,9,443
20250223,3,9,442
20250302,3,9,439
20250309,3,9,431
20250316,3,9,431
20250323,3,9,411
20250330,3,9,389
20250406,3,9,390
20250413,3,9,401
20250420,3,9,389
20250427,3,9,360
20250504,3,9,333
20250511,3,9,309
20250518,3,9,284
20250525,3,9,294
20250601,3,9,255
20250608,3,9,260
20250615,3,9,231
20250622,3,9,243
20250629,3,9,244
20250706,3,9,254
20250713,3,9,221
20250720,3,9,226
20250727,3,9,204
20250803,3,9,167
20250810,3,9,171
20250817,3,9,146
20250824,3,9,114
20250831,3,9,128
20250907,3,9,91
20250914,3,9,88
20250921,3,9,69
20250928,3,9,57
20251005,3,9,43
20251012,3,9,50
20251019,3,9,36
20251026,3,9,115
20251102,3,9,113
20251109,3,9,74
20251116,3,9,59
20251123,3,9,58
20251130,3,9,64
20251207,3,9,49
20251214,3,9,40
20251221,3,9,120
20251228,3,9,121
20260104,3,9,96
20260111,3,9,80
20260118,3,9,56
20260125,3,9,64
20260201,3,9,293
20260208,3,9,290
20260215,3,9,273
20260222,3,9,253
20260301,3,9,238
20260308,3,9,207
20260315,3,9,201
20260322,3,9,177
20260329,3,9,142
20260405,3,9,147
20260412,3,9,131
20260419,3,9,119
20260426,3,9,89
20260503,3,9,89
20260510,3,9,98
20260517,3,9,62
20260524,3,9,62
20260531,3,9,51
20260607,3,9,37
20260614,3,9,223
20260621,3,9,200
20260628,3,9,215
20260705,3,9,205
20260712,3,9,205
20260719,3,9,214
20260726,3,9,206
20260802,3,9,177
20260809,3,9,184
20260816,3,9,150
20260823,3,9,148
20250105,3,10,216
20250112,3,10,206
20250119,3,10,188
20250126,3,10,156
20250202,3,10,117
20250209,3,10,126
20250216,3,10,96
20250223,3,10,93
20250302,3,10,58
20250309,3,10,124
20250316,3,10,91
20250323,3,10,83
20250330,3,10,47
20250406,3,10,264
20250413,3,10,249
20250420,3,10,239
20250427,3,10,232
20250504,3,10,201
20250511,3,10,189
20250518,3,10,157
20250525,3,10,132
20250601,3,10,145
20250608,3,10,137
20250615,3,10,131
20250622,3,10,102
20250629,3,10,100
20250706,3,10,109
20250713,3,10,112
20250720,3,10,112
20250727,3,10,77
20250803,3,10,87
20250810,3,10,54
20250817,3,10,196
20250824,3,10,210
20250831,3,10,221
20250907,3,10,221
20250914,3,10,206
20250921,3,10,203
20250928,3,10,176
20251005,3,10,159
20251012,3,10,126
20251019,3,10,128
20251026,3,10,115
20251102,3,10,108
20251109,3,10,91
20251116,3,10,61
20251123,3,10,126
20251130,3,10,106
20251207,3,10,92
20251214,3,10,101
20251221,3,10,115
20251228,3,10,129
20260104,3,10,107
20260111,3,10,90
20260118,3,10,64
20260125,3,10,48
20260201,3,10,315
20260208,3,10,309
20260215,3,10,276
20260222,3,10,247
20260301,3,10,249
20260308,3,10,217
20260315,3,10,203
20260322,3,10,178
20260329,3,10,142
20260405,3,10,108
20260412,3,10,91
20260419,3,10,67
20260426,3,10,70
20260503,3,10,68
20260510,3,10,58
20260517,3,10,32
20260524,3,10,157
20260531,3,10,156
20260607,3,10,139
20260614,3,10,143
20260621,3,10,125
20260628,3,10,94
20260705,3,10,90
20260712,3,10,76
20260719,3,10,53
20260726,3,10,291
20260802,3,10,280
20260809,3,10,247
20260816,3,10,220
20260823,3,10,199
20250105,3,11,85
20250112,3,11,70
20250119,3,11,74
20250126,3,11,37
20250202,3,11,30
20250209,3,11,139
20250216,3,11,153
20250223,3,11,134
20250302,3,11,134
20250309,3,11,149
20250316,3,11,123
20250323,3,11,88
20250330,3,11,60
20250406,3,11,34
20250413,3,11,305
20250420,3,11,320
20250427,3,11,286
20250504,3,11,257
20250511,3,11,232
20250518,3,11,209
20250525,3,11,181
20250601,3,11,146
20250608,3,11,154
20250615,3,11,161
20250622,3,11,143
20250629,3,11,111
20250706,3,11,76
20250713,3,11,91
20250720,3,11,65
20250727,3,11,64
20250803,3,11,43
20250810,3,11,49
20250817,3,11,62
20250824,3,11,262
20250831,3,11,261
20250907,3,11,228
20250914,3,11,231
20250921,3,11,201
20250928,3,11,203
20251005,3,11,204
20251012,3,11,209
20251019,3,11,194
20251026,3,11,162
20251102,3,11,145
20251109,3,11,109
20251116,3,11,111
20251123,3,11,87
20251130,3,11,87
20251207,3,11,49
20251214,3,11,181
20251221,3,11,144
20251228,3,11,111
20260104,3,11,78
20260111,3,11,74
20260118,3,11,39
20260125,3,11,47
20260201,3,11,37
20260208,3,11,241
20260215,3,11,252
20260222,3,11,222
20260301,3,11,231
20260308,3,11,220
20260315,3,11,233
20260322,3,11,193
20260329,3,11,163
20260405,3,11,129
20260412,3,11,142
20260419,3,11,110
20260426,3,11,91
20260503,3,11,85
20260510,3,11,61
20260517,3,11,124
20260524,3,11,128
20260531,3,11,92
20260607,3,11,54
20260614,3,11,51
20260621,3,11,205
20260628,3,11,214
20260705,3,11,206
20260712,3,11,203
20260719,3,11,177
20260726,3,11,173
20260802,3,11,169
20260809,3,11,152
20260816,3,11,163
20260823,3,11,126
20250105,3,12,368
20250112,3,12,331
20250119,3,12,292
20250126,3,12,266
20250202,3,12,261
20250209,3,12,276
20250216,3,12,282
20250223,3,12,253
20250302,3,12,242
20250309,3,12,253
20250316,3,12,245
20250323,3,12,246
20250330,3,12,246
20250406,3,12,259
20250413,3,12,249
20250420,3,12,261
20250427,3,12,239
20250504,3,12,207
20250511,3,12,194
20250518,3,12,157
20250525,3,12,148
20250601,3,12,139
20250608,3,12,154
20250615,3,12,162
20250622,3,12,145
20250629,3,12,123
20250706,3,12,117
20250713,3,12,93
20250720,3,12,87
20250727,3,12,77
20250803,3,12,46
20250810,3,12,38
20250817,3,12,167
20250824,3,12,171
20250831,3,12,154
20250907,3,12,159
20250914,3,12,131
20250921,3,12,145
20250928,3,12,157
20251005,3,12,170
20251012,3,12,162
20251019,3,12,142
20251026,3,12,137
20251102,3,12,109
20251109,3,12,72
20251116,3,12,69
20251123,3,12,33
20251130,3,12,166
20251207,3,12,133
20251214,3,12,125
20251221,3,12,121
20251228,3,12,121
20260104,3,12,127
20260111,3,12,115
20260118,3,12,85
20260125,3,12,94
20260201,3,12,63
20260208,3,12,58
20260215,3,12,70
20260222,3,12,59
20260301,3,12,34
20260308,3,12,275
20260315,3,12,245
20260322,3,12,210
20260329,3,12,178
20260405,3,12,149
20260412,3,12,145
20260419,3,12,115
20260426,3,12,122
20260503,3,12,117
20260510,3,12,113
20260517,3,12,119
20260524,3,12,133
20260531,3,12,141
20260607,3,12,112
20260614,3,12,119
20260621,3,12,120
20260628,3,12,98
20260705,3,12,107
20260712,3,12,70
20260719,3,12,61
20260726,3,12,128
20260802,3,12,132
20260809,3,12,96
20260816,3,12,80
20260823,3,12,93
20250105,3,13,244
20250112,3,13,241
20250119,3,13,212
20250126,3,13,226
20250202,3,13,223
20250209,3,13,221
20250216,3,13,203
20250223,3,13,181
20250302,3,13,176
20250309,3,13,144
20250316,3,13,118
20250323,3,13,89
20250330,3,13,49
20250406,3,13,162
20250413,3,13,140
20250420,3,13,136
20250427,3,13,128
20250504,3,13,97
20250511,3,13,82
20250518,3,13,84
20250525,3,13,56
20250601,3,13,49
20250608,3,13,30
20250615,3,13,300
20250622,3,13,272
20250629,3,13,264
20250706,3,13,230
20250713,3,13,227
20250720,3,13,192
20250727,3,13,156
20250803,3,13,145
20250810,3,13,131
20250817,3,13,122
20250824,3,13,104
20250831,3,13,73
20250907,3,13,55
20250914,3,13,34
20250921,3,13,232
20250928,3,13,236
20251005,3,13,217
20251012,3,13,229
20251019,3,13,208
20251026,3,13,213
20251102,3,13,200
20251109,3,13,177
20251116,3,13,148
20251123,3,13,130
20251130,3,13,108
20251207,3,13,101
20251214,3,13,85
20251221,3,13,64
20251228,3,13,71
20260104,3,13,60
20260111,3,13,51
20260118,3,13,34
20260125,3,13,32
20260201,3,13,47
20260208,3,13,52
20260215,3,13,32
20260222,3,13,107
20260301,3,13,76
20260308,3,13,76
20260315,3,13,64
20260322,3,13,52
20260329,3,13,37
20260405,3,13,35
20260412,3,13,34
20260419,3,13,242
20260426,3,13,203
20260503,3,13,193
20260510,3,13,190
20260517,3,13,152
20260524,3,13,140
20260531,3,13,104
20260607,3,13,75
20260614,3,13,77
20260621,3,13,40
20260628,3,13,131
20260705,3,13,111
20260712,3,13,72
20260719,3,13,70
20260726,3,13,43
20260802,3,13,178
20260809,3,13,172
20260816,3,13,132
20260823,3,13,92
20250105,3,14,54
20250112,3,14,41
20250119,3,14,307
20250126,3,14,291
20250202,3,14,255
20250209,3,14,244
20250216,3,14,240
20250223,3,14,244
20250302,3,14,215
20250309,3,14,206
20250316,3,14,205
20250323,3,14,209
20250330,3,14,197
20250406,3,14,184
20250413,3,14,146
20250420,3,14,138
20250427,3,14,102
20250504,3,14,92
20250511,3,14,56
20250518,3,14,325
20250525,3,14,289
20250601,3,14,295
20250608,3,14,262
20250615,3,14,240
20250622,3,14,237
20250629,3,14,205
20250706,3,14,195
20250713,3,14,197
20250720,3,14,204
20250727,3,14,189
20250803,3,14,176
20250810,3,14,187
20250817,3,14,166
20250824,3,14,160
20250831,3,14,149
20250907,3,14,142
20250914,3,14,129
20250921,3,14,107
20250928,3,14,91
20251005,3,14,89
20251012,3,14,66
20251019,3,14,38
20251026,3,14,48
20251102,3,14,61
20251109,3,14,32
20251116,3,14,46
20251123,3,14,31
20251130,3,14,237
20251207,3,14,244
20251214,3,14,255
20251221,3,14,220
20251228,3,14,183
20260104,3,14,154
20260111,3,14,160
20260118,3,14,129
20260125,3,14,128
20260201,3,14,143
20260208,3,14,149
20260215,3,14,153
20260222,3,14,128
20260301,3,14,129
20260308,3,14,126
20260315,3,14,120
20260322,3,14,98
20260329,3,14,87
20260405,3,14,87
20260412,3,14,60
20260419,3,14,31
20260426,3,14,41
20260503,3,14,52
20260510,3,14,58
20260517,3,14,44
20260524,3,14,205
20260531,3,14,218
20260607,3,14,219
20260614,3,14,204
20260621,3,14,198
20260628,3,14,172
20260705,3,14,182
20260712,3,14,176
20260719,3,14,140
20260726,3,14,102
20260802,3,14,107
20260809,3,14,110
20260816,3,14,94
20260823,3,14,106
20250105,3,15,265
20250112,3,15,253
20250119,3,15,266
20250126,3,15,261
20250202,3,15,241
20250209,3,15,253
20250216,3,15,231
20250223,3,15,236
20250302,3,15,239
20250309,3,15,224
20250316,3,15,211
20250323,3,15,176
20250330,3,15,181
20250406,3,15,193
20250413,3,15,173
20250420,3,15,156
20250427,3,15,157
20250504,3,15,147
20250511,3,15,114
20250518,3,15,96
20250525,3,15,103
20250601,3,15,97
20250608,3,15,75
20250615,3,15,67
20250622,3,15,63
20250629,3,15,35
20250706,3,15,45
20250713,3,15,189
20250720,3,15,186
20250727,3,15,196
20250803,3,15,192
20250810,3,15,180
20250817,3,15,164
20250824,3,15,140
20250831,3,15,138
20250907,3,15,103
20250914,3,15,79
20250921,3,15,61
20250928,3,15,38
20251005,3,15,194
20251012,3,15,174
20251019,3,15,159
20251026,3,15,133
20251102,3,15,131
20251109,3,15,141
20251116,3,15,111
20251123,3,15,103
20251130,3,15,84
20251207,3,15,95
20251214,3,15,110
20251221,3,15,86
20251228,3,15,54
20260104,3,15,152
20260111,3,15,143
20260118,3,15,153
20260125,3,15,113
20260201,3,15,121
20260208,3,15,116
20260215,3,15,119
20260222,3,15,110
20260301,3,15,104
20260308,3,15,96
20260315,3,15,81
20260322,3,15,83
20260329,3,15,97
20260405,3,15,106
20260412,3,15,102
20260419,3,15,80
20260426,3,15,86
20260503,3,15,70
20260510,3,15,51
20260517,3,15,45
20260524,3,15,32
20260531,3,15,143
20260607,3,15,121
20260614,3,15,85
20260621,3,15,80
20260628,3,15,81
20260705,3,15,80
20260712,3,15,79
20260719,3,15,41
20260726,3,15,33
20260802,3,15,244
20260809,3,15,254
20260816,3,15,259
20260823,3,15,268
20250105,3,16,229
20250112,3,16,237
20250119,3,16,221
20250126,3,16,211
20250202,3,16,226
20250209,3,16,205
20250216,3,16,190
20250223,3,16,165
20250302,3,16,162
20250309,3,16,166
20250316,3,16,132
20250323,3,16,139
20250330,3,16,121
20250406,3,16,135
20250413,3,16,139
20250420,3,16,136
20250427,3,16,134
20250504,3,16,148
20250511,3,16,110
20250518,3,16,116
20250525,3,16,83
20250601,3,16,95
20250608,3,16,107
20250615,3,16,92
20250622,3,16,76
20250629,3,16,80
20250706,3,16,58
20250713,3,16,69
20250720,3,16,39
20250727,3,16,176
20250803,3,16,148
20250810,3,16,153
20250817,3,16,121
20250824,3,16,81
20250831,3,16,77
20250907,3,16,77
20250914,3,16,61
20250921,3,16,52
20250928,3,16,52
20251005,3,16,54
20251012,3,16,63
20251019,3,16,64
20251026,3,16,74
20251102,3,16,67
20251109,3,16,50
20251116,3,16,49
20251123,3,16,58
20251130,3,16,51
20251207,3,16,197
20251214,3,16,190
20251221,3,16,182
20251228,3,16,188
20260104,3,16,186
20260111,3,16,151
20260118,3,16,154
20260125,3,16,118
20260201,3,16,95
20260208,3,16,90
20260215,3,16,99
20260222,3,16,62
20260301,3,16,76
20260308,3,16,51
20260315,3,16,144
20260322,3,16,129
20260329,3,16,107
20260405,3,16,88
20260412,3,16,67
20260419,3,16,39
20260426,3,16,319
20260503,3,16,309
20260510,3,16,284
20260517,3,16,249
20260524,3,16,250
20260531,3,16,236
20260607,3,16,202
20260614,3,16,202
20260621,3,16,216
20260628,3,16,220
20260705,3,16,197
20260712,3,16,166
20260719,3,16,173
20260726,3,16,152
20260802,3,16,118
20260809,3,16,107
20260816,3,16,70
20260823,3,16,33
20250105,3,17,369
20250112,3,17,344
20250119,3,17,335
20250126,3,17,309
20250202,3,17,280
20250209,3,17,256
20250216,3,17,271
20250223,3,17,242
20250302,3,17,215
20250309,3,17,190
20250316,3,17,184
20250323,3,17,146
20250330,3,17,127
20250406,3,17,104
20250413,3,17,90
20250420,3,17,85
20250427,3,17,59
20250504,3,17,60
20250511,3,17,47
20250518,3,17,35
20250525,3,17,43
20250601,3,17,279
20250608,3,17,274
20250615,3,17,251
20250622,3,17,262
20250629,3,17,277
20250706,3,17,261
20250713,3,17,243
20250720,3,17,206
20250727,3,17,200
20250803,3,17,180
20250810,3,17,148
20250817,3,17,149
20250824,3,17,142
20250831,3,17,124
20250907,3,17,104
20250914,3,17,97
20250921,3,17,106
20250928,3,17,91
20251005,3,17,69
20251012,3,17,41
20251019,3,17,33
20251026,3,17,47
20251102,3,17,226
20251109,3,17,205
20251116,3,17,184
20251123,3,17,172
20251130,3,17,177
20251207,3,17,168
20251214,3,17,159
20251221,3,17,149
20251228,3,17,136
20260104,3,17,99
20260111,3,17,72
20260118,3,17,78
20260125,3,17,60
20260201,3,17,46
20260208,3,17,154
20260215,3,17,159
20260222,3,17,144
20260301,3,17,156
20260308,3,17,143
20260315,3,17,155
20260322,3,17,138
20260329,3,17,127
20260405,3,17,91
20260412,3,17,59
20260419,3,17,45
20260426,3,17,50
20260503,3,17,262
20260510,3,17,274
20260517,3,17,260
20260524,3,17,222
20260531,3,17,200
20260607,3,17,181
20260614,3,17,176
20260621,3,17,156
20260628,3,17,153
20260705,3,17,142
20260712,3,17,128
20260719,3,17,91
20260726,3,17,81
20260802,3,17,56
20260809,3,17,58
20260816,3,17,73
20260823,3,17,53
20250105,3,18,430
20250112,3,18,436
20250119,3,18,431
20250126,3,18,438
20250202,3,18,434
20250209,3,18,416
20250216,3,18,403
20250223,3,18,385
20250302,3,18,388
20250309,3,18,349
20250316,3,18,355
20250323,3,18,367
20250330,3,18,370
20250406,3,18,339
20250413,3,18,320
20250420,3,18,306
20250427,3,18,301
20250504,3,18,292
20250511,3,18,295
20250518,3,18,270
20250525,3,18,246
20250601,3,18,257
20250608,3,18,253
20250615,3,18,249
20250622,3,18,223
20250629,3,18,214
20250706,3,18,202
20250713,3,18,198
20250720,3,18,188
20250727,3,18,191
20250803,3,18,163
20250810,3,18,133
20250817,3,18,146
20250824,3,18,106
20250831,3,18,105
20250907,3,18,97
20250914,3,18,62
20250921,3,18,35
20250928,3,18,244
20251005,3,18,220
20251012,3,18,204
20251019,3,18,198
20251026,3,18,196
20251102,3,18,209
20251109,3,18,209
20251116,3,18,187
20251123,3,18,169
20251130,3,18,132
20251207,3,18,125
20251214,3,18,127
20251221,3,18,106
20251228,3,18,94
20260104,3,18,90
20260111,3,18,54
20260118,3,18,40
20260125,3,18,276
20260201,3,18,241
20260208,3,18,235
20260215,3,18,233
20260222,3,18,224
20260301,3,18,239
20260308,3,18,209
20260315,3,18,223
20260322,3,18,215
20260329,3,18,230
20260405,3,18,241
20260412,3,18,206
20260419,3,18,214
20260426,3,18,213
20260503,3,18,199
20260510,3,18,169
20260517,3,18,168
20260524,3,18,151
20260531,3,18,117
20260607,3,18,127
20260614,3,18,88
20260621,3,18,73
20260628,3,18,37
20260705,3,18,34
20260712,3,18,217
20260719,3,18,181
20260726,3,18,158
20260802,3,18,161
20260809,3,18,127
20260816,3,18,120
20260823,3,18,119
20250105,3,19,165
20250112,3,19,126
20250119,3,19,98
20250126,3,19,99
20250202,3,19,111
20250209,3,19,71
20250216,3,19,48
20250223,3,19,187
20250302,3,19,160
20250309,3,19,135
20250316,3,19,130
20250323,3,19,124
20250330,3,19,90
20250406,3,19,71
20250413,3,19,32
20250420,3,19,158
20250427,3,19,128
20250504,3,19,119
20250511,3,19,109
20250518,3,19,101
20250525,3,19,108
20250601,3,19,111
20250608,3,19,102
20250615,3,19,72
20250622,3,19,33
20250629,3,19,124
20250706,3,19,134
20250713,3,19,145
20250720,3,19,110
20250727,3,19,111
20250803,3,19,112
20250810,3,19,77
20250817,3,19,79
20250824,3,19,43
20250831,3,19,44
20250907,3,19,127
20250914,3,19,110
20250921,3,19,84
20250928,3,19,56
20251005,3,19,42
20251012,3,19,35
20251019,3,19,32
20251026,3,19,277
20251102,3,19,277
20251109,3,19,259
20251116,3,19,219
20251123,3,19,227
20251130,3,19,216
20251207,3,19,230
20251214,3,19,206
20251221,3,19,183
20251228,3,19,154
20260104,3,19,117
20260111,3,19,82
20260118,3,19,71
20260125,3,19,64
20260201,3,19,79
20260208,3,19,73
20260215,3,19,44
20260222,3,19,35
20260301,3,19,281
20260308,3,19,256
20260315,3,19,259
20260322,3,19,253
20260329,3,19,244
20260405,3,19,228
20260412,3,19,240
20260419,3,19,244
20260426,3,19,225
20260503,3,19,239
20260510,3,19,252
20260517,3,19,222
20260524,3,19,184
20260531,3,19,155
20260607,3,19,119
20260614,3,19,97
20260621,3,19,88
20260628,3,19,48
20260705,3,19,39
20260712,3,19,41
20260719,3,19,279
20260726,3,19,287
20260802,3,19,276
20260809,3,19,272
20260816,3,19,237
20260823,3,19,204
20250105,3,20,214
20250112,3,20,227
20250119,3,20,190
20250126,3,20,165
20250202,3,20,127
20250209,3,20,100
20250216,3,20,109
20250223,3,20,92
20250302,3,20,75
20250309,3,20,49
20250316,3,20,316
20250323,3,20,279
20250330,3,20,271
20250406,3,20,266
20250413,3,20,273
20250420,3,20,273
20250427,3,20,267
20250504,3,20,274
20250511,3,20,271
20250518,3,20,237
20250525,3,20,212
20250601,3,20,222
20250608,3,20,232
20250615,3,20,233
20250622,3,20,222
20250629,3,20,218
20250706,3,20,191
20250713,3,20,162
20250720,3,20,145
20250727,3,20,152
20250803,3,20,165
20250810,3,20,168
20250817,3,20,157
20250824,3,20,128
20250831,3,20,112
20250907,3,20,106
20250914,3,20,95
20250921,3,20,105
20250928,3,20,66
20251005,3,20,153
20251012,3,20,155
20251019,3,20,135
20251026,3,20,142
20251102,3,20,144
20251109,3,20,139
20251116,3,20,111
20251123,3,20,97
20251130,3,20,68
20251207,3,20,68
20251214,3,20,31
20251221,3,20,214
20251228,3,20,188
20260104,3,20,195
20260111,3,20,209
20260118,3,20,202
20260125,3,20,162
20260201,3,20,147
20260208,3,20,158
20260215,3,20,126
20260222,3,20,140
20260301,3,20,152
20260308,3,20,162
20260315,3,20,123
20260322,3,20,137
20260329,3,20,108
20260405,3,20,99
20260412,3,20,82
20260419,3,20,47
20260426,3,20,114
20260503,3,20,125
20260510,3,20,106
20260517,3,20,83
20260524,3,20,80
20260531,3,20,92
20260607,3,20,80
20260614,3,20,81
20260621,3,20,56
20260628,3,20,71
20260705,3,20,48
20260712,3,20,219
20260719,3,20,202
20260726,3,20,187
20260802,3,20,178
20260809,3,20,140
20260816,3,20,100
20260823,3,20,71
20250105,3,21,314
20250112,3,21,311
20250119,3,21,283
20250126,3,21,269
20250202,3,21,230
20250209,3,21,202
20250216,3,21,202
20250223,3,21,214
20250302,3,21,205
20250309,3,21,182
20250316,3,21,181
20250323,3,21,149
20250330,3,21,123
20250406,3,21,95
20250413,3,21,107
20250420,3,21,117
20250427,3,21,120
20250504,3,21,114
20250511,3,21,87
20250518,3,21,54
20250525,3,21,47
20250601,3,21,287
20250608,3,21,262
20250615,3,21,242
20250622,3,21,256
20250629,3,21,265
20250706,3,21,279
20250713,3,21,282
20250720,3,21,252
20250727,3,21,241
20250803,3,21,226
20250810,3,21,232
20250817,3,21,232
20250824,3,21,197
20250831,3,21,164
20250907,3,21,177
20250914,3,21,168
20250921,3,21,153
20250928,3,21,121
20251005,3,21,93
20251012,3,21,69
20251019,3,21,30
20251026,3,21,162
20251102,3,21,147
20251109,3,21,121
20251116,3,21,131
20251123,3,21,126
20251130,3,21,120
20251207,3,21,106
20251214,3,21,114
20251221,3,21,124
20251228,3,21,102
20260104,3,21,82
20260111,3,21,52
20260118,3,21,277
20260125,3,21,266
20260201,3,21,235
20260208,3,21,245
20260215,3,21,211
20260222,3,21,187
20260301,3,21,198
20260308,3,21,203
20260315,3,21,175
20260322,3,21,156
20260329,3,21,144
20260405,3,21,115
20260412,3,21,93
20260419,3,21,66
20260426,3,21,67
20260503,3,21,39
20260510,3,21,262
20260517,3,21,228
20260524,3,21,195
20260531,3,21,156
20260607,3,21,119
20260614,3,21,95
20260621,3,21,78
20260628,3,21,61
20260705,3,21,33
20260712,3,21,35
20260719,3,21,289
20260726,3,21,301
20260802,3,21,264
20260809,3,21,257
20260816,3,21,244
20260823,3,21,245
20250105,3,22,424
20250112,3,22,420
20250119,3,22,388
20250126,3,22,362
20250202,3,22,341
20250209,3,22,312
20250216,3,22,303
20250223,3,22,277
20250302,3,22,256
20250309,3,22,248
20250316,3,22,215
20250323,3,22,176
20250330,3,22,165
20250406,3,22,155
20250413,3,22,123
20250420,3,22,104
20250427,3,22,100
20250504,3,22,108
20250511,3,22,112
20250518,3,22,96
20250525,3,22,78
20250601,3,22,87
20250608,3,22,102
20250615,3,22,106
20250622,3,22,77
20250629,3,22,45
20250706,3,22,44
20250713,3,22,306
20250720,3,22,283
20250727,3,22,259
20250803,3,22,268
20250810,3,22,275
20250817,3,22,257
20250824,3,22,218
20250831,3,22,201
20250907,3,22,165
20250914,3,22,164
20250921,3,22,143
20250928,3,22,155
20251005,3,22,152
20251012,3,22,112
20251019,3,22,72
20251026,3,22,34
20251102,3,22,187
20251109,3,22,161
20251116,3,22,147
20251123,3,22,134
20251130,3,22,149
20251207,3,22,129
20251214,3,22,119
20251221,3,22,97
20251228,3,22,75
20260104,3,22,80
20260111,3,22,78
20260118,3,22,91
20260125,3,22,98
20260201,3,22,73
20260208,3,22,43
20260215,3,22,37
20260222,3,22,40
20260301,3,22,44
20260308,3,22,219
20260315,3,22,195
20260322,3,22,175
20260329,3,22,162
20260405,3,22,171
20260412,3,22,175
20260419,3,22,172
20260426,3,22,162
20260503,3,22,170
20260510,3,22,167
20260517,3,22,136
20260524,3,22,148
20260531,3,22,127
20260607,3,22,131
20260614,3,22,107
20260621,3,22,93
20260628,3,22,87
20260705,3,22,53
20260712,3,22,313
20260719,3,22,311
20260726,3,22,280
20260802,3,22,257
20260809,3,22,232
20260816,3,22,220
20260823,3,22,183
20250105,3,23,283
20250112,3,23,282
20250119,3,23,256
20250126,3,23,236
20250202,3,23,226
20250209,3,23,186
20250216,3,23,196
20250223,3,23,164
20250302,3,23,163
20250309,3,23,125
20250316,3,23,98
20250323,3,23,85
20250330,3,23,82
20250406,3,23,63
20250413,3,23,33
20250420,3,23,41
20250427,3,23,124
20250504,3,23,106
20250511,3,23,109
20250518,3,23,97
20250525,3,23,110
20250601,3,23,95
20250608,3,23,85
20250615,3,23,57
20250622,3,23,63
20250629,3,23,34
20250706,3,23,40
20250713,3,23,209
20250720,3,23,221
20250727,3,23,193
20250803,3,23,196
20250810,3,23,157
20250817,3,23,154
20250824,3,23,142
20250831,3,23,124
20250907,3,23,114
20250914,3,23,111
20250921,3,23,71
20250928,3,23,83
20251005,3,23,49
20251012,3,23,46
20251019,3,23,286
20251026,3,23,280
20251102,3,23,251
20251109,3,23,215
20251116,3,23,188
20251123,3,23,164
20251130,3,23,126
20251207,3,23,91
20251214,3,23,92
20251221,3,23,62
20251228,3,23,247
20260104,3,23,238
20260111,3,23,242
20260118,3,23,227
20260125,3,23,220
20260201,3,23,193
20260208,3,23,199
20260215,3,23,177
20260222,3,23,182
20260301,3,23,178
20260308,3,23,173
20260315,3,23,164
20260322,3,23,132
20260329,3,23,112
20260405,3,23,114
20260412,3,23,86
20260419,3,23,92
20260426,3,23,83
20260503,3,23,91
20260510,3,23,85
20260517,3,23,93
20260524,3,23,96
20260531,3,23,65
20260607,3,23,35
20260614,3,23,265
20260621,3,23,251
20260628,3,23,224
20260705,3,23,206
20260712,3,23,199
20260719,3,23,188
20260726,3,23,194
20260802,3,23,166
20260809,3,23,128
20260816,3,23,94
20260823,3,23,106
20250105,3,24,439
20250112,3,24,423
20250119,3,24,383
20250126,3,24,387
20250202,3,24,373
20250209,3,24,371
20250216,3,24,382
20250223,3,24,351
20250302,3,24,319
20250309,3,24,281
20250316,3,24,288
20250323,3,24,268
20250330,3,24,258
20250406,3,24,226
20250413,3,24,240
20250420,3,24,226
20250427,3,24,199
20250504,3,24,210
20250511,3,24,171
20250518,3,24,184
20250525,3,24,196
20250601,3,24,169
20250608,3,24,138
20250615,3,24,150
20250622,3,24,145
20250629,3,24,154
20250706,3,24,122
20250713,3,24,95
20250720,3,24,60
20250727,3,24,66
20250803,3,24,30
20250810,3,24,219
20250817,3,24,200
20250824,3,24,198
20250831,3,24,200
20250907,3,24,215
20250914,3,24,198
20250921,3,24,172
20250928,3,24,142
20251005,3,24,145
20251012,3,24,119
20251019,3,24,93
20251026,3,24,60
20251102,3,24,50
20251109,3,24,53
20251116,3,24,209
20251123,3,24,192
20251130,3,24,205
20251207,3,24,211
20251214,3,24,212
20251221,3,24,197
20251228,3,24,173
20260104,3,24,149
20260111,3,24,141
20260118,3,24,149
20260125,3,24,115
20260201,3,24,125
20260208,3,24,113
20260215,3,24,105
20260222,3,24,74
20260301,3,24,36
20260308,3,24,212
20260315,3,24,212
20260322,3,24,177
20260329,3,24,157
20260405,3,24,172
20260412,3,24,179
20260419,3,24,149
20260426,3,24,137
20260503,3,24,102
20260510,3,24,69
20260517,3,24,52
20260524,3,24,51
20260531,3,24,266
20260607,3,24,254
20260614,3,24,237
20260621,3,24,226
20260628,3,24,221
20260705,3,24,186
20260712,3,24,146
20260719,3,24,137
20260726,3,24,103
20260802,3,24,71
20260809,3,24,53
20260816,3,24,50
20260823,3,24,117
20250105,3,25,150
20250112,3,25,116
20250119,3,25,89
20250126,3,25,88
20250202,3,25,69
20250209,3,25,68
20250216,3,25,312
20250223,3,25,323
20250302,3,25,313
20250309,3,25,290
20250316,3,25,286
20250323,3,25,257
20250330,3,25,242
20250406,3,25,216
20250413,3,25,199
20250420,3,25,164
20250427,3,25,147
20250504,3,25,155
20250511,3,25,146
20250518,3,25,160
20250525,3,25,139
20250601,3,25,131
20250608,3,25,112
20250615,3,25,125
20250622,3,25,110
20250629,3,25,83
20250706,3,25,68
20250713,3,25,54
20250720,3,25,55
20250727,3,25,43
20250803,3,25,49
20250810,3,25,42
20250817,3,25,37
20250824,3,25,152
20250831,3,25,151
20250907,3,25,113
20250914,3,25,117
20250921,3,25,98
20250928,3,25,113
20251005,3,25,125
20251012,3,25,137
20251019,3,25,145
20251026,3,25,115
20251102,3,25,82
20251109,3,25,95
20251116,3,25,103
20251123,3,25,106
20251130,3,25,97
20251207,3,25,76
20251214,3,25,90
20251221,3,25,105
20251228,3,25,119
20260104,3,25,112
20260111,3,25,119
20260118,3,25,123
20260125,3,25,113
20260201,3,25,125
20260208,3,25,111
20260215,3,25,112
20260222,3,25,79
20260301,3,25,91
20260308,3,25,72
20260315,3,25,40
20260322,3,25,254
20260329,3,25,229
20260405,3,25,198
20260412,3,25,205
20260419,3,25,172
20260426,3,25,162
20260503,3,25,126
20260510,3,25,97
20260517,3,25,68
20260524,3,25,55
20260531,3,25,65
20260607,3,25,43
20260614,3,25,47
20260621,3,25,309
20260628,3,25,321
20260705,3,25,321
20260712,3,25,330
20260719,3,25,303
20260726,3,25,300
20260802,3,25,272
20260809,3,25,253
20260816,3,25,268
20260823,3,25,229
20250105,3,26,120
20250112,3,26,128
20250119,3,26,94
20250126,3,26,106
20250202,3,26,94
20250209,3,26,95
20250216,3,26,80
20250223,3,26,88
20250302,3,26,75
20250309,3,26,43
20250316,3,26,38
20250323,3,26,187
20250330,3,26,194
20250406,3,26,172
20250413,3,26,132
20250420,3,26,110
20250427,3,26,117
20250504,3,26,77
20250511,3,26,62
20250518,3,26,53
20250525,3,26,35
20250601,3,26,189
20250608,3,26,189
20250615,3,26,156
20250622,3,26,139
20250629,3,26,100
20250706,3,26,110
20250713,3,26,110
20250720,3,26,106
20250727,3,26,120
20250803,3,26,82
20250810,3,26,81
20250817,3,26,63
20250824,3,26,72
20250831,3,26,62
20250907,3,26,48
20250914,3,26,177
20250921,3,26,145
20250928,3,26,110
20251005,3,26,120
20251012,3,26,120
20251019,3,26,80
20251026,3,26,89
20251102,3,26,99
20251109,3,26,107
20251116,3,26,106
20251123,3,26,113
20251130,3,26,92
20251207,3,26,94
20251214,3,26,85
20251221,3,26,51
20251228,3,26,60
20260104,3,26,72
20260111,3,26,42
20260118,3,26,34
20260125,3,26,43
20260201,3,26,159
20260208,3,26,141
20260215,3,26,126
20260222,3,26,115
20260301,3,26,87
20260308,3,26,47
20260315,3,26,53
20260322,3,26,46
20260329,3,26,130
20260405,3,26,139
20260412,3,26,138
20260419,3,26,125
20260426,3,26,115
20260503,3,26,120
20260510,3,26,124
20260517,3,26,93
20260524,3,26,57
20260531,3,26,66
20260607,3,26,58
20260614,3,26,293
20260621,3,26,300
20260628,3,26,261
20260705,3,26,246
20260712,3,26,245
20260719,3,26,233
20260726,3,26,196
20260802,3,26,190
20260809,3,26,193
20260816,3,26,154
20260823,3,26,151
20250105,3,27,387
20250112,3,27,390
20250119,3,27,391
20250126,3,27,353
20250202,3,27,345
20250209,3,27,312
20250216,3,27,321
20250223,3,27,293
20250302,3,27,299
20250309,3,27,277
20250316,3,27,265
20250323,3,27,280
20250330,3,27,270
20250406,3,27,245
20250413,3,27,227
20250420,3,27,198
20250427,3,27,194
20250504,3,27,155
20250511,3,27,122
20250518,3,27,125
20250525,3,27,108
20250601,3,27,119
20250608,3,27,126
20250615,3,27,111
20250622,3,27,118
20250629,3,27,86
20250706,3,27,83
20250713,3,27,82
20250720,3,27,55
20250727,3,27,50
20250803,3,27,112
20250810,3,27,110
20250817,3,27,74
20250824,3,27,57
20250831,3,27,69
20250907,3,27,30
20250914,3,27,43
20250921,3,27,150
20250928,3,27,139
20251005,3,27,152
20251012,3,27,149
20251019,3,27,141
20251026,3,27,137
20251102,3,27,104
20251109,3,27,75
20251116,3,27,80
20251123,3,27,55
20251130,3,27,63
20251207,3,27,132
20251214,3,27,106
20251221,3,27,67
20251228,3,27,49
20260104,3,27,34
20260111,3,27,39
20260118,3,27,239
20260125,3,27,216
20260201,3,27,208
20260208,3,27,185
20260215,3,27,189
20260222,3,27,166
20260301,3,27,165
20260308,3,27,178
20260315,3,27,185
20260322,3,27,191
20260329,3,27,206
20260405,3,27,181
20260412,3,27,142
20260419,3,27,136
20260426,3,27,126
20260503,3,27,103
20260510,3,27,108
20260517,3,27,88
20260524,3,27,48
20260531,3,27,35
20260607,3,27,107
20260614,3,27,107
20260621,3,27,91
20260628,3,27,80
20260705,3,27,55
20260712,3,27,38
20260719,3,27,112
20260726,3,27,110
20260802,3,27,104
20260809,3,27,118
20260816,3,27,79
20260823,3,27,94
20250105,3,28,362
20250112,3,28,341
20250119,3,28,341
20250126,3,28,317
20250202,3,28,285
20250209,3,28,272
20250216,3,28,238
20250223,3,28,245
20250302,3,28,226
20250309,3,28,201
20250316,3,28,165
20250323,3,28,140
20250330,3,28,103
20250406,3,28,118
20250413,3,28,90
20250420,3,28,52
20250427,3,28,48
20250504,3,28,40
20250511,3,28,41
20250518,3,28,244
20250525,3,28,234
20250601,3,28,238
20250608,3,28,250
20250615,3,28,242
20250622,3,28,215
20250629,3,28,209
20250706,3,28,217
20250713,3,28,224
20250720,3,28,185
20250727,3,28,152
20250803,3,28,146
20250810,3,28,140
20250817,3,28,152
20250824,3,28,155
20250831,3,28,162
20250907,3,28,172
20250914,3,28,186
20250921,3,28,179
20250928,3,28,155
20251005,3,28,149
20251012,3,28,122
20251019,3,28,136
20251026,3,28,103
20251102,3,28,108
20251109,3,28,109
20251116,3,28,102
20251123,3,28,87
20251130,3,28,95
20251207,3,28,86
20251214,3,28,49
20251221,3,28,153
20251228,3,28,133
20260104,3,28,148
20260111,3,28,134
20260118,3,28,128
20260125,3,28,103
20260201,3,28,106
20260208,3,28,116
20260215,3,28,105
20260222,3,28,82
20260301,3,28,78
20260308,3,28,92
20260315,3,28,90
20260322,3,28,68
20260329,3,28,67
20260405,3,28,38
20260412,3,28,41
20260419,3,28,54
20260426,3,28,63
20260503,3,28,53
20260510,3,28,35
20260517,3,28,168
20260524,3,28,144
20260531,3,28,112
20260607,3,28,103
20260614,3,28,105
20260621,3,28,75
20260628,3,28,88
20260705,3,28,96
20260712,3,28,67
20260719,3,28,48
20260726,3,28,43
20260802,3,28,58
20260809,3,28,57
20260816,3,28,131
20260823,3,28,102
20250105,3,29,91
20250112,3,29,86
20250119,3,29,54
20250126,3,29,53
20250202,3,29,198
20250209,3,29,188
20250216,3,29,195
20250223,3,29,179
20250302,3,29,173
20250309,3,29,178
20250316,3,29,144
20250323,3,29,130
20250330,3,29,95
20250406,3,29,95
20250413,3,29,98
20250420,3,29,97
20250427,3,29,59
20250504,3,29,303
20250511,3,29,292
20250518,3,29,264
20250525,3,29,253
20250601,3,29,246
20250608,3,29,244
20250615,3,29,220
20250622,3,29,216
20250629,3,29,208
20250706,3,29,208
20250713,3,29,189
20250720,3,29,194
20250727,3,29,189
20250803,3,29,160
20250810,3,29,127
20250817,3,29,118
20250824,3,29,113
20250831,3,29,77
20250907,3,29,77
20250914,3,29,40
20250921,3,29,144
20250928,3,29,132
20251005,3,29,128
20251012,3,29,106
20251019,3,29,121
20251026,3,29,89
20251102,3,29,101
20251109,3,29,104
20251116,3,29,74
20251123,3,29,79
20251130,3,29,42
20251207,3,29,225
20251214,3,29,231
20251221,3,29,219
20251228,3,29,182
20260104,3,29,160
20260111,3,29,131
20260118,3,29,122
20260125,3,29,107
20260201,3,29,101
20260208,3,29,96
20260215,3,29,100
20260222,3,29,74
20260301,3,29,70
20260308,3,29,38
20260315,3,29,35
20260322,3,29,42
20260329,3,29,299
20260405,3,29,306
20260412,3,29,309
20260419,3,29,277
20260426,3,29,269
20260503,3,29,232
20260510,3,29,246
20260517,3,29,254
20260524,3,29,226
20260531,3,29,237
20260607,3,29,198
20260614,3,29,191
20260621,3,29,202
20260628,3,29,197
20260705,3,29,208
20260712,3,29,171
20260719,3,29,133
20260726,3,29,109
20260802,3,29,86
20260809,3,29,56
20260816,3,29,279
20260823,3,29,252
20250105,3,30,334
20250112,3,30,328
20250119,3,30,340
20250126,3,30,333
20250202,3,30,313
20250209,3,30,286
20250216,3,30,263
20250223,3,30,272
20250302,3,30,237
20250309,3,30,241
20250316,3,30,205
20250323,3,30,209
20250330,3,30,204
20250406,3,30,202
20250413,3,30,203
20250420,3,30,198
20250427,3,30,166
20250504,3,30,181
20250511,3,30,169
20250518,3,30,142
20250525,3,30,118
20250601,3,30,84
20250608,3,30,65
20250615,3,30,53
20250622,3,30,56
20250629,3,30,317
20250706,3,30,322
20250713,3,30,323
20250720,3,30,283
20250727,3,30,268
20250803,3,30,283
20250810,3,30,290
20250817,3,30,290
20250824,3,30,256
20250831,3,30,253
20250907,3,30,214
20250914,3,30,207
20250921,3,30,189
20250928,3,30,182
20251005,3,30,143
20251012,3,30,111
20251019,3,30,121
20251026,3,30,133
20251102,3,30,118
20251109,3,30,78
20251116,3,30,52
20251123,3,30,194
20251130,3,30,204
20251207,3,30,208
20251214,3,30,184
20251221,3,30,174
20251228,3,30,134
20260104,3,30,117
20260111,3,30,88
20260118,3,30,94
20260125,3,30,94
20260201,3,30,60
20260208,3,30,56
20260215,3,30,33
20260222,3,30,230
20260301,3,30,227
20260308,3,30,221
20260315,3,30,196
20260322,3,30,171
20260329,3,30,141
20260405,3,30,133
20260412,3,30,140
20260419,3,30,108
20260426,3,30,74
20260503,3,30,39
20260510,3,30,30
20260517,3,30,237
20260524,3,30,215
20260531,3,30,225
20260607,3,30,223
20260614,3,30,222
20260621,3,30,184
20260628,3,30,157
20260705,3,30,144
20260712,3,30,107
20260719,3,30,83
20260726,3,30,87
20260802,3,30,56
20260809,3,30,40
20260816,3,30,54
20260823,3,30,318
20250105,3,31,105
20250112,3,31,71
20250119,3,31,86
20250126,3,31,58
20250202,3,31,61
20250209,3,31,52
20250216,3,31,43
20250223,3,31,273
20250302,3,31,261
20250309,3,31,236
20250316,3,31,242
20250323,3,31,240
20250330,3,31,224
20250406,3,31,228
20250413,3,31,239
20250420,3,31,227
20250427,3,31,222
20250504,3,31,186
20250511,3,31,150
20250518,3,31,132
20250525,3,31,130
20250601,3,31,123
20250608,3,31,135
20250615,3,31,147
20250622,3,31,150
20250629,3,31,116
20250706,3,31,114
20250713,3,31,118
20250720,3,31,85
20250727,3,31,96
20250803,3,31,105
20250810,3,31,102
20250817,3,31,111
20250824,3,31,113
20250831,3,31,80
20250907,3,31,62
20250914,3,31,43
20250921,3,31,202
20250928,3,31,177
20251005,3,31,152
20251012,3,31,150
20251019,3,31,156
20251026,3,31,168
20251102,3,31,145
20251109,3,31,124
20251116,3,31,102
20251123,3,31,104
20251130,3,31,81
20251207,3,31,60
20251214,3,31,57
20251221,3,31,43
20251228,3,31,250
20260104,3,31,211
20260111,3,31,188
20260118,3,31,178
20260125,3,31,143
20260201,3,31,133
20260208,3,31,96
20260215,3,31,71
20260222,3,31,49
20260301,3,31,276
20260308,3,31,239
20260315,3,31,213
20260322,3,31,201
20260329,3,31,207
20260405,3,31,199
20260412,3,31,181
20260419,3,31,194
20260426,3,31,169
20260503,3,31,163
20260510,3,31,134
20260517,3,31,130
20260524,3,31,121
20260531,3,31,128
20260607,3,31,130
20260614,3,31,122
20260621,3,31,131
20260628,3,31,101
20260705,3,31,108
20260712,3,31,76
20260719,3,31,77
20260726,3,31,74
20260802,3,31,89
20260809,3,31,56
20260816,3,31,64
20260823,3,31,58
20250105,3,32,375
20250112,3,32,340
20250119,3,32,314
20250126,3,32,319
20250202,3,32,323
20250209,3,32,303
20250216,3,32,302
20250223,3,32,281
20250302,3,32,255
20250309,3,32,263
20250316,3,32,253
20250323,3,32,257
20250330,3,32,234
20250406,3,32,219
20250413,3,32,197
20250420,3,32,204
20250427,3,32,216
20250504,3,32,231
20250511,3,32,205
20250518,3,32,191
20250525,3,32,204
20250601,3,32,219
20250608,3,32,222
20250615,3,32,227
20250622,3,32,204
20250629,3,32,218
20250706,3,32,211
20250713,3,32,214
20250720,3,32,177
20250727,3,32,192
20250803,3,32,174
20250810,3,32,163
20250817,3,32,161
20250824,3,32,133
20250831,3,32,115
20250907,3,32,112
20250914,3,32,109
20250921,3,32,69
20250928,3,32,52
20251005,3,32,309
20251012,3,32,318
20251019,3,32,329
20251026,3,32,295
20251102,3,32,284
20251109,3,32,291
20251116,3,32,257
20251123,3,32,258
20251130,3,32,230
20251207,3,32,223
20251214,3,32,188
20251221,3,32,175
20251228,3,32,154
20260104,3,32,148
20260111,3,32,124
20260118,3,32,136
20260125,3,32,150
20260201,3,32,120
20260208,3,32,134
20260215,3,32,149
20260222,3,32,128
20260301,3,32,120
20260308,3,32,94
20260315,3,32,87
20260322,3,32,80
20260329,3,32,67
20260405,3,32,71
20260412,3,32,53
20260419,3,32,49
20260426,3,32,38
20260503,3,32,34
20260510,3,32,171
20260517,3,32,133
20260524,3,32,105
20260531,3,32,78
20260607,3,32,79
20260614,3,32,52
20260621,3,32,65
20260628,3,32,75
20260705,3,32,65
20260712,3,32,78
20260719,3,32,43
20260726,3,32,234
20260802,3,32,245
20260809,3,32,246
20260816,3,32,256
20260823,3,32,220
20250105,3,33,390
20250112,3,33,369
20250119,3,33,367
20250126,3,33,369
20250202,3,33,356
20250209,3,33,325
20250216,3,33,289
20250223,3,33,261
20250302,3,33,254
20250309,3,33,253
20250316,3,33,217
20250323,3,33,202
20250330,3,33,205
20250406,3,33,204
20250413,3,33,194
20250420,3,33,170
20250427,3,33,155
20250504,3,33,119
20250511,3,33,96
20250518,3,33,75
20250525,3,33,67
20250601,3,33,47
20250608,3,33,47
20250615,3,33,232
20250622,3,33,245
20250629,3,33,236
20250706,3,33,232
20250713,3,33,200
20250720,3,33,192
20250727,3,33,189
20250803,3,33,202
20250810,3,33,165
20250817,3,33,157
20250824,3,33,165
20250831,3,33,162
20250907,3,33,129
20250914,3,33,93
20250921,3,33,100
20250928,3,33,64
20251005,3,33,42
20251012,3,33,33
20251019,3,33,259
20251026,3,33,233
20251102,3,33,213
20251109,3,33,191
20251116,3,33,171
20251123,3,33,147
20251130,3,33,111
20251207,3,33,104
20251214,3,33,97
20251221,3,33,81
20251228,3,33,93
20260104,3,33,65
20260111,3,33,37
20260118,3,33,309
20260125,3,33,320
20260201,3,33,318
20260208,3,33,298
20260215,3,33,298
20260222,3,33,289
20260301,3,33,291
20260308,3,33,301
20260315,3,33,314
20260322,3,33,293
20260329,3,33,281
20260405,3,33,251
20260412,3,33,266
20260419,3,33,230
20260426,3,33,209
20260503,3,33,220
20260510,3,33,210
20260517,3,33,212
20260524,3,33,227
20260531,3,33,216
20260607,3,33,216
20260614,3,33,179
20260621,3,33,167
20260628,3,33,172
20260705,3,33,179
20260712,3,33,191
20260719,3,33,176
20260726,3,33,136
20260802,3,33,145
20260809,3,33,153
20260816,3,33,147
20260823,3,33,141
20250105,3,34,98
20250112,3,34,83
20250119,3,34,49
20250126,3,34,57
20250202,3,34,43
20250209,3,34,35
20250216,3,34,30
20250223,3,34,167
20250302,3,34,160
20250309,3,34,174
20250316,3,34,147
20250323,3,34,111
20250330,3,34,95
20250406,3,34,98
20250413,3,34,82
20250420,3,34,60
20250427,3,34,184
20250504,3,34,174
20250511,3,34,183
20250518,3,34,157
20250525,3,34,118
20250601,3,34,126
20250608,3,34,136
20250615,3,34,118
20250622,3,34,86
20250629,3,34,87
20250706,3,34,57
20250713,3,34,284
20250720,3,34,258
20250727,3,34,239
20250803,3,34,208
20250810,3,34,214
20250817,3,34,174
20250824,3,34,162
20250831,3,34,173
20250907,3,34,144
20250914,3,34,128
20250921,3,34,99
20250928,3,34,73
20251005,3,34,50
20251012,3,34,146
20251019,3,34,114
20251026,3,34,87
20251102,3,34,83
20251109,3,34,84
20251116,3,34,93
20251123,3,34,72
20251130,3,34,68
20251207,3,34,65
20251214,3,34,48
20251221,3,34,268
20251228,3,34,239
20260104,3,34,220
20260111,3,34,186
20260118,3,34,193
20260125,3,34,157
20260201,3,34,142
20260208,3,34,115
20260215,3,34,108
20260222,3,34,103
20260301,3,34,96
20260308,3,34,57
20260315,3,34,39
20260322,3,34,50
20260329,3,34,45
20260405,3,34,268
20260412,3,34,281
20260419,3,34,261
20260426,3,34,225
20260503,3,34,223
20260510,3,34,192
20260517,3,34,152
20260524,3,34,156
20260531,3,34,129
20260607,3,34,144
20260614,3,34,150
20260621,3,34,119
20260628,3,34,107
20260705,3,34,120
20260712,3,34,112
20260719,3,34,123
20260726,3,34,128
20260802,3,34,116
20260809,3,34,85
20260816,3,34,98
20260823,3,34,105
20250105,3,35,139
20250112,3,35,134
20250119,3,35,112
20250126,3,35,77
20250202,3,35,88
20250209,3,35,77
20250216,3,35,50
20250223,3,35,30
20250302,3,35,176
20250309,3,35,159
20250316,3,35,123
20250323,3,35,112
20250330,3,35,83
20250406,3,35,54
20250413,3,35,302
20250420,3,35,269
20250427,3,35,272
20250504,3,35,237
20250511,3,35,220
20250518,3,35,203
20250525,3,35,187
20250601,3,35,154
20250608,3,35,150
20250615,3,35,128
20250622,3,35,109
20250629,3,35,93
20250706,3,35,83
20250713,3,35,91
20250720,3,35,105
20250727,3,35,98
20250803,3,35,68
20250810,3,35,73
20250817,3,35,64
20250824,3,35,66
20250831,3,35,47
20250907,3,35,43
20250914,3,35,48
20250921,3,35,59
20250928,3,35,67
20251005,3,35,59
20251012,3,35,44
20251019,3,35,267
20251026,3,35,252
20251102,3,35,244
20251109,3,35,251
20251116,3,35,247
20251123,3,35,249
20251130,3,35,222
20251207,3,35,237
20251214,3,35,198
20251221,3,35,161
20251228,3,35,167
20260104,3,35,158
20260111,3,35,158
20260118,3,35,130
20260125,3,35,124
20260201,3,35,114
20260208,3,35,126
20260215,3,35,94
20260222,3,35,63
20260301,3,35,69
20260308,3,35,44
20260315,3,35,35
20260322,3,35,300
20260329,3,35,314
20260405,3,35,277
20260412,3,35,248
20260419,3,35,242
20260426,3,35,202
20260503,3,35,180
20260510,3,35,173
20260517,3,35,141
20260524,3,35,119
20260531,3,35,88
20260607,3,35,48
20260614,3,35,139
20260621,3,35,143
20260628,3,35,125
20260705,3,35,112
20260712,3,35,102
20260719,3,35,85
20260726,3,35,89
20260802,3,35,63
20260809,3,35,62
20260816,3,35,43
20260823,3,35,31
20250105,3,36,176
20250112,3,36,157
20250119,3,36,128
20250126,3,36,131
20250202,3,36,133
20250209,3,36,148
20250216,3,36,112
20250223,3,36,109
20250302,3,36,92
20250309,3,36,88
20250316,3,36,69
20250323,3,36,81
20250330,3,36,58
20250406,3,36,58
20250413,3,36,66
20250420,3,36,47
20250427,3,36,241
20250504,3,36,201
20250511,3,36,196
20250518,3,36,207
20250525,3,36,171
20250601,3,36,158
20250608,3,36,171
20250615,3,36,179
20250622,3,36,188
20250629,3,36,200
20250706,3,36,162
20250713,3,36,146
20250720,3,36,114
20250727,3,36,125
20250803,3,36,119
20250810,3,36,109
20250817,3,36,101
20250824,3,36,94
20250831,3,36,78
20250907,3,36,61
20250914,3,36,42
20250921,3,36,314
20250928,3,36,302
20251005,3,36,314
20251012,3,36,279
20251019,3,36,267
20251026,3,36,239
20251102,3,36,244
20251109,3,36,223
20251116,3,36,226
20251123,3,36,201
20251130,3,36,165
20251207,3,36,136
20251214,3,36,146
20251221,3,36,116
20251228,3,36,79
20260104,3,36,41
20260111,3,36,31
20260118,3,36,253
20260125,3,36,228
20260201,3,36,218
20260208,3,36,223
20260215,3,36,231
20260222,3,36,237
20260301,3,36,229
20260308,3,36,236
20260315,3,36,242
20260322,3,36,243
20260329,3,36,207
20260405,3,36,188
20260412,3,36,150
20260419,3,36,158
20260426,3,36,143
20260503,3,36,157
20260510,3,36,148
20260517,3,36,153
20260524,3,36,140
20260531,3,36,129
20260607,3,36,123
20260614,3,36,131
20260621,3,36,113
20260628,3,36,101
20260705,3,36,116
20260712,3,36,81
20260719,3,36,74
20260726,3,36,52
20260802,3,36,64
20260809,3,36,40
20260816,3,36,52
20260823,3,36,266
20250105,3,37,406
20250112,3,37,391
20250119,3,37,374
20250126,3,37,358
20250202,3,37,335
20250209,3,37,313
20250216,3,37,286
20250223,3,37,259
20250302,3,37,221
20250309,3,37,209
20250316,3,37,215
20250323,3,37,185
20250330,3,37,169
20250406,3,37,167
20250413,3,37,151
20250420,3,37,156
20250427,3,37,130
20250504,3,37,136
20250511,3,37,97
20250518,3,37,86
20250525,3,37,87
20250601,3,37,100
20250608,3,37,96
20250615,3,37,72
20250622,3,37,57
20250629,3,37,214
20250706,3,37,184
20250713,3,37,151
20250720,3,37,114
20250727,3,37,82
20250803,3,37,48
20250810,3,37,37
20250817,3,37,49
20250824,3,37,53
20250831,3,37,45
20250907,3,37,242
20250914,3,37,241
20250921,3,37,204
20250928,3,37,212
20251005,3,37,174
20251012,3,37,176
20251019,3,37,168
20251026,3,37,163
20251102,3,37,162
20251109,3,37,171
20251116,3,37,172
20251123,3,37,181
20251130,3,37,184
20251207,3,37,177
20251214,3,37,168
20251221,3,37,154
20251228,3,37,142
20260104,3,37,117
20260111,3,37,125
20260118,3,37,123
20260125,3,37,127
20260201,3,37,119
20260208,3,37,128
20260215,3,37,95
20260222,3,37,106
20260301,3,37,96
20260308,3,37,105
20260315,3,37,95
20260322,3,37,96
20260329,3,37,90
20260405,3,37,96
20260412,3,37,62
20260419,3,37,40
20260426,3,37,38
20260503,3,37,48
20260510,3,37,32
20260517,3,37,216
20260524,3,37,227
20260531,3,37,193
20260607,3,37,179
20260614,3,37,176
20260621,3,37,188
20260628,3,37,200
20260705,3,37,186
20260712,3,37,153
20260719,3,37,147
20260726,3,37,137
20260802,3,37,119
20260809,3,37,117
20260816,3,37,119
20260823,3,37,133
20250105,3,38,412
20250112,3,38,409
20250119,3,38,420
20250126,3,38,398
20250202,3,38,371
20250209,3,38,354
20250216,3,38,366
20250223,3,38,380
20250302,3,38,382
20250309,3,38,383
20250316,3,38,356
20250323,3,38,365
20250330,3,38,340
20250406,3,38,341
20250413,3,38,344
20250420,3,38,308
20250427,3,38,280
20250504,3,38,266
20250511,3,38,273
20250518,3,38,259
20250525,3,38,233
20250601,3,38,225
20250608,3,38,191
20250615,3,38,191
20250622,3,38,152
20250629,3,38,144
20250706,3,38,135
20250713,3,38,148
20250720,3,38,126
20250727,3,38,129
20250803,3,38,141
20250810,3,38,116
20250817,3,38,93
20250824,3,38,92
20250831,3,38,92
20250907,3,38,92
20250914,3,38,90
20250921,3,38,104
20250928,3,38,96
20251005,3,38,97
20251012,3,38,103
20251019,3,38,84
20251026,3,38,99
20251102,3,38,93
20251109,3,38,58
20251116,3,38,41
20251123,3,38,43
20251130,3,38,129
20251207,3,38,120
20251214,3,38,105
20251221,3,38,66
20251228,3,38,68
20260104,3,38,78
20260111,3,38,38
20260118,3,38,50
20260125,3,38,51
20260201,3,38,47
20260208,3,38,47
20260215,3,38,221
20260222,3,38,217
20260301,3,38,212
20260308,3,38,186
20260315,3,38,149
20260322,3,38,157
20260329,3,38,120
20260405,3,38,130
20260412,3,38,110
20260419,3,38,94
20260426,3,38,71
20260503,3,38,34
20260510,3,38,283
20260517,3,38,258
20260524,3,38,255
20260531,3,38,259
20260607,3,38,230
20260614,3,38,223
20260621,3,38,238
20260628,3,38,237
20260705,3,38,201
20260712,3,38,209
20260719,3,38,206
20260726,3,38,173
20260802,3,38,184
20260809,3,38,160
20260816,3,38,158
20260823,3,38,163
20250105,3,39,268
20250112,3,39,281
20250119,3,39,269
20250126,3,39,255
20250202,3,39,255
20250209,3,39,231
20250216,3,39,245
20250223,3,39,236
20250302,3,39,247
20250309,3,39,231
20250316,3,39,212
20250323,3,39,193
20250330,3,39,168
20250406,3,39,162
20250413,3,39,136
20250420,3,39,100
20250427,3,39,70
20250504,3,39,38
20250511,3,39,52
20250518,3,39,60
20250525,3,39,43
20250601,3,39,49
20250608,3,39,256
20250615,3,39,232
20250622,3,39,235
20250629,3,39,249
20250706,3,39,249
20250713,3,39,260
20250720,3,39,245
20250727,3,39,245
20250803,3,39,243
20250810,3,39,258
20250817,3,39,241
20250824,3,39,256
20250831,3,39,264
20250907,3,39,234
20250914,3,39,241
20250921,3,39,255
20250928,3,39,227
20251005,3,39,191
20251012,3,39,166
20251019,3,39,152
20251026,3,39,157
20251102,3,39,162
20251109,3,39,133
20251116,3,39,140
20251123,3,39,147
20251130,3,39,149
20251207,3,39,152
20251214,3,39,145
20251221,3,39,152
20251228,3,39,118
20260104,3,39,96
20260111,3,39,109
20260118,3,39,109
20260125,3,39,111
20260201,3,39,112
20260208,3,39,114
20260215,3,39,116
20260222,3,39,80
20260301,3,39,62
20260308,3,39,58
20260315,3,39,59
20260322,3,39,34
20260329,3,39,203
20260405,3,39,214
20260412,3,39,187
20260419,3,39,182
20260426,3,39,177
20260503,3,39,177
20260510,3,39,192
20260517,3,39,153
20260524,3,39,152
20260531,3,39,145
20260607,3,39,144
20260614,3,39,143
20260621,3,39,107
20260628,3,39,122
20260705,3,39,112
20260712,3,39,98
20260719,3,39,62
20260726,3,39,210
20260802,3,39,224
20260809,3,39,223
20260816,3,39,216
20260823,3,39,203
20250105,3,40,470
20250112,3,40,452
20250119,3,40,444
20250126,3,40,416
20250202,3,40,379
20250209,3,40,371
20250216,3,40,373
20250223,3,40,358
20250302,3,40,356
20250309,3,40,338
20250316,3,40,334
20250323,3,40,336
20250330,3,40,323
20250406,3,40,295
20250413,3,40,268
20250420,3,40,272
20250427,3,40,282
20250504,3,40,296
20250511,3,40,311
20250518,3,40,293
20250525,3,40,254
20250601,3,40,263
20250608,3,40,242
20250615,3,40,238
20250622,3,40,202
20250629,3,40,183
20250706,3,40,159
20250713,3,40,144
20250720,3,40,155
20250727,3,40,155
20250803,3,40,163
20250810,3,40,137
20250817,3,40,147
20250824,3,40,134
20250831,3,40,100
20250907,3,40,110
20250914,3,40,103
20250921,3,40,106
20250928,3,40,105
20251005,3,40,66
20251012,3,40,35
20251019,3,40,312
20251026,3,40,306
20251102,3,40,277
20251109,3,40,257
20251116,3,40,248
20251123,3,40,218
20251130,3,40,223
20251207,3,40,226
20251214,3,40,190
20251221,3,40,196
20251228,3,40,208
20260104,3,40,178
20260111,3,40,173
20260118,3,40,159
20260125,3,40,132
20260201,3,40,103
20260208,3,40,106
20260215,3,40,110
20260222,3,40,117
20260301,3,40,114
20260308,3,40,102
20260315,3,40,67
20260322,3,40,64
20260329,3,40,64
20260405,3,40,59
20260412,3,40,261
20260419,3,40,242
20260426,3,40,205
20260503,3,40,184
20260510,3,40,184
20260517,3,40,153
20260524,3,40,128
20260531,3,40,110
20260607,3,40,105
20260614,3,40,119
20260621,3,40,125
20260628,3,40,111
20260705,3,40,93
20260712,3,40,93
20260719,3,40,83
20260726,3,40,69
20260802,3,40,71
20260809,3,40,41
20260816,3,40,56
20260823,3,40,34
20250105,3,41,395
20250112,3,41,357
20250119,3,41,358
20250126,3,41,345
20250202,3,41,350
20250209,3,41,323
20250216,3,41,336
20250223,3,41,322
20250302,3,41,334
20250309,3,41,314
20250316,3,41,311
20250323,3,41,272
20250330,3,41,270
20250406,3,41,242
20250413,3,41,203
20250420,3,41,208
20250427,3,41,219
20250504,3,41,223
20250511,3,41,183
20250518,3,41,154
20250525,3,41,147
20250601,3,41,113
20250608,3,41,125
20250615,3,41,121
20250622,3,41,82
20250629,3,41,67
20250706,3,41,35
20250713,3,41,164
20250720,3,41,157
20250727,3,41,159
20250803,3,41,131
20250810,3,41,136
20250817,3,41,130
20250824,3,41,133
20250831,3,41,145
20250907,3,41,119
20250914,3,41,132
20250921,3,41,126
20250928,3,41,112
20251005,3,41,127
20251012,3,41,141
20251019,3,41,139
20251026,3,41,125
20251102,3,41,129
20251109,3,41,139
20251116,3,41,105
20251123,3,41,95
20251130,3,41,102
20251207,3,41,79
20251214,3,41,78
20251221,3,41,57
20251228,3,41,224
20260104,3,41,207
20260111,3,41,220
20260118,3,41,202
20260125,3,41,196
20260201,3,41,168
20260208,3,41,136
20260215,3,41,113
20260222,3,41,103
20260301,3,41,85
20260308,3,41,90
20260315,3,41,62
20260322,3,41,61
20260329,3,41,50
20260405,3,41,316
20260412,3,41,310
20260419,3,41,298
20260426,3,41,312
20260503,3,41,319
20260510,3,41,288
20260517,3,41,248
20260524,3,41,246
20260531,3,41,208
20260607,3,41,180
20260614,3,41,170
20260621,3,41,178
20260628,3,41,155
20260705,3,41,118
20260712,3,41,132
20260719,3,41,99
20260726,3,41,111
20260802,3,41,87
20260809,3,41,65
20260816,3,41,39
20260823,3,41,165
20250105,3,42,366
20250112,3,42,346
20250119,3,42,357
20250126,3,42,344
20250202,3,42,356
20250209,3,42,333
20250216,3,42,299
20250223,3,42,275
20250302,3,42,259
20250309,3,42,242
20250316,3,42,213
20250323,3,42,226
20250330,3,42,202
20250406,3,42,197
20250413,3,42,197
20250420,3,42,200
20250427,3,42,185
20250504,3,42,179
20250511,3,42,156
20250518,3,42,156
20250525,3,42,164
20250601,3,42,148
20250608,3,42,144
20250615,3,42,109
20250622,3,42,81
20250629,3,42,73
20250706,3,42,73
20250713,3,42,83
20250720,3,42,46
20250727,3,42,239
20250803,3,42,221
20250810,3,42,222
20250817,3,42,197
20250824,3,42,190
20250831,3,42,167
20250907,3,42,154
20250914,3,42,145
20250921,3,42,137
20250928,3,42,132
20251005,3,42,117
20251012,3,42,132
20251019,3,42,136
20251026,3,42,124
20251102,3,42,102
20251109,3,42,111
20251116,3,42,118
20251123,3,42,97
20251130,3,42,108
20251207,3,42,114
20251214,3,42,127
20251221,3,42,136
20251228,3,42,121
20260104,3,42,108
20260111,3,42,85
20260118,3,42,60
20260125,3,42,43
20260201,3,42,49
20260208,3,42,50
20260215,3,42,50
20260222,3,42,64
20260301,3,42,72
20260308,3,42,52
20260315,3,42,116
20260322,3,42,114
20260329,3,42,105
20260405,3,42,106
20260412,3,42,113
20260419,3,42,82
20260426,3,42,97
20260503,3,42,92
20260510,3,42,67
20260517,3,42,75
20260524,3,42,57
20260531,3,42,72
20260607,3,42,65
20260614,3,42,79
20260621,3,42,58
20260628,3,42,72
20260705,3,42,83
20260712,3,42,69
20260719,3,42,51
20260726,3,42,32
20260802,3,42,214
20260809,3,42,180
20260816,3,42,169
20260823,3,42,141
20250105,3,43,159
20250112,3,43,170
20250119,3,43,140
20250126,3,43,152
20250202,3,43,159
20250209,3,43,173
20250216,3,43,141
20250223,3,43,119
20250302,3,43,115
20250309,3,43,117
20250316,3,43,127
20250323,3,43,104
20250330,3,43,82
20250406,3,43,54
20250413,3,43,36
20250420,3,43,196
20250427,3,43,165
20250504,3,43,175
20250511,3,43,142
20250518,3,43,153
20250525,3,43,135
20250601,3,43,142
20250608,3,43,136
20250615,3,43,99
20250622,3,43,80
20250629,3,43,57
20250706,3,43,152
20250713,3,43,155
20250720,3,43,169
20250727,3,43,134
20250803,3,43,141
20250810,3,43,150
20250817,3,43,137
20250824,3,43,126
20250831,3,43,126
20250907,3,43,108
20250914,3,43,104
20250921,3,43,69
20250928,3,43,39
20251005,3,43,37
20251012,3,43,288
20251019,3,43,264
20251026,3,43,252
20251102,3,43,230
20251109,3,43,203
20251116,3,43,218
20251123,3,43,194
20251130,3,43,195
20251207,3,43,203
20251214,3,43,197
20251221,3,43,210
20251228,3,43,210
20260104,3,43,191
20260111,3,43,196
20260118,3,43,170
20260125,3,43,175
20260201,3,43,186
20260208,3,43,153
20260215,3,43,168
20260222,3,43,151
20260301,3,43,152
20260308,3,43,146
20260315,3,43,107
20260322,3,43,101
20260329,3,43,64
20260405,3,43,75
20260412,3,43,69
20260419,3,43,78
20260426,3,43,72
20260503,3,43,66
20260510,3,43,49
20260517,3,43,288
20260524,3,43,269
20260531,3,43,245
20260607,3,43,243
20260614,3,43,218
20260621,3,43,230
20260628,3,43,221
20260705,3,43,228
20260712,3,43,213
20260719,3,43,219
20260726,3,43,216
20260802,3,43,177
20260809,3,43,148
20260816,3,43,130
20260823,3,43,96
20250105,3,44,332
20250112,3,44,346
20250119,3,44,343
20250126,3,44,340
20250202,3,44,304
20250209,3,44,266
20250216,3,44,274
20250223,3,44,258
20250302,3,44,257
20250309,3,44,246
20250316,3,44,251
20250323,3,44,224
20250330,3,44,217
20250406,3,44,219
20250413,3,44,199
20250420,3,44,185
20250427,3,44,182
20250504,3,44,197
20250511,3,44,199
20250518,3,44,167
20250525,3,44,138
20250601,3,44,121
20250608,3,44,131
20250615,3,44,123
20250622,3,44,111
20250629,3,44,101
20250706,3,44,87
20250713,3,44,81
20250720,3,44,62
20250727,3,44,67
20250803,3,44,61
20250810,3,44,46
20250817,3,44,135
20250824,3,44,112
20250831,3,44,108
20250907,3,44,117
20250914,3,44,124
20250921,3,44,90
20250928,3,44,94
20251005,3,44,109
20251012,3,44,91
20251019,3,44,93
20251026,3,44,96
20251102,3,44,56
20251109,3,44,291
20251116,3,44,284
20251123,3,44,253
20251130,3,44,251
20251207,3,44,258
20251214,3,44,220
20251221,3,44,211
20251228,3,44,217
20260104,3,44,183
20260111,3,44,154
20260118,3,44,119
20260125,3,44,84
20260201,3,44,70
20260208,3,44,81
20260215,3,44,88
20260222,3,44,54
20260301,3,44,65
20260308,3,44,251
20260315,3,44,224
20260322,3,44,206
20260329,3,44,217
20260405,3,44,187
20260412,3,44,160
20260419,3,44,173
20260426,3,44,188
20260503,3,44,155
20260510,3,44,154
20260517,3,44,142
20260524,3,44,129
20260531,3,44,127
20260607,3,44,103
20260614,3,44,81
20260621,3,44,92
20260628,3,44,92
20260705,3,44,85
20260712,3,44,81
20260719,3,44,45
20260726,3,44,42
20260802,3,44,52
20260809,3,44,40
20260816,3,44,34
20260823,3,44,292
20250105,3,45,448
20250112,3,45,451
20250119,3,45,432
20250126,3,45,414
20250202,3,45,380
20250209,3,45,363
20250216,3,45,378
20250223,3,45,360
20250302,3,45,325
20250309,3,45,287
20250316,3,45,271
20250323,3,45,281
20250330,3,45,295
20250406,3,45,284
20250413,3,45,270
20250420,3,45,230
20250427,3,45,217
20250504,3,45,219
20250511,3,45,217
20250518,3,45,184
20250525,3,45,152
20250601,3,45,127
20250608,3,45,126
20250615,3,45,93
20250622,3,45,108
20250629,3,45,99
20250706,3,45,71
20250713,3,45,60
20250720,3,45,72
20250727,3,45,87
20250803,3,45,73
20250810,3,45,33
20250817,3,45,243
20250824,3,45,254
20250831,3,45,257
20250907,3,45,244
20250914,3,45,220
20250921,3,45,204
20250928,3,45,194
20251005,3,45,185
20251012,3,45,173
20251019,3,45,187
20251026,3,45,166
20251102,3,45,179
20251109,3,45,188
20251116,3,45,151
20251123,3,45,151
20251130,3,45,142
20251207,3,45,113
20251214,3,45,89
20251221,3,45,68
20251228,3,45,63
20260104,3,45,77
20260111,3,45,69
20260118,3,45,81
20260125,3,45,41
20260201,3,45,229
20260208,3,45,191
20260215,3,45,186
20260222,3,45,176
20260301,3,45,161
20260308,3,45,169
20260315,3,45,172
20260322,3,45,164
20260329,3,45,174
20260405,3,45,163
20260412,3,45,129
20260419,3,45,123
20260426,3,45,97
20260503,3,45,93
20260510,3,45,89
20260517,3,45,54
20260524,3,45,283
20260531,3,45,260
20260607,3,45,272
20260614,3,45,284
20260621,3,45,256
20260628,3,45,231
20260705,3,45,244
20260712,3,45,206
20260719,3,45,179
20260726,3,45,146
20260802,3,45,151
20260809,3,45,142
20260816,3,45,129
20260823,3,45,94
20250105,3,46,360
20250112,3,46,330
20250119,3,46,300
20250126,3,46,294
20250202,3,46,267
20250209,3,46,262
20250216,3,46,240
20250223,3,46,240
20250302,3,46,236
20250309,3,46,230
20250316,3,46,203
20250323,3,46,196
20250330,3,46,176
20250406,3,46,145
20250413,3,46,119
20250420,3,46,128
20250427,3,46,106
20250504,3,46,106
20250511,3,46,80
20250518,3,46,90
20250525,3,46,84
20250601,3,46,67
20250608,3,46,51
20250615,3,46,56
20250622,3,46,315
20250629,3,46,313
20250706,3,46,311
20250713,3,46,295
20250720,3,46,289
20250727,3,46,301
20250803,3,46,294
20250810,3,46,279
20250817,3,46,252
20250824,3,46,229
20250831,3,46,216
20250907,3,46,181
20250914,3,46,157
20250921,3,46,138
20250928,3,46,110
20251005,3,46,113
20251012,3,46,76
20251019,3,46,44
20251026,3,46,317
20251102,3,46,324
20251109,3,46,303
20251116,3,46,285
20251123,3,46,276
20251130,3,46,265
20251207,3,46,242
20251214,3,46,252
20251221,3,46,243
20251228,3,46,231
20260104,3,46,209
20260111,3,46,180
20260118,3,46,156
20260125,3,46,159
20260201,3,46,141
20260208,3,46,103
20260215,3,46,88
20260222,3,46,84
20260301,3,46,73
20260308,3,46,37
20260315,3,46,147
20260322,3,46,145
20260329,3,46,158
20260405,3,46,124
20260412,3,46,95
20260419,3,46,70
20260426,3,46,58
20260503,3,46,32
20260510,3,46,235
20260517,3,46,223
20260524,3,46,190
20260531,3,46,204
20260607,3,46,169
20260614,3,46,184
20260621,3,46,145
20260628,3,46,157
20260705,3,46,161
20260712,3,46,172
20260719,3,46,154
20260726,3,46,131
20260802,3,46,124
20260809,3,46,97
20260816,3,46,62
20260823,3,46,68
20250105,3,47,105
20250112,3,47,101
20250119,3,47,113
20250126,3,47,101
20250202,3,47,91
20250209,3,47,86
20250216,3,47,79
20250223,3,47,43
20250302,3,47,302
20250309,3,47,295
20250316,3,47,291
20250323,3,47,298
20250330,3,47,292
20250406,3,47,304
20250413,3,47,264
20250420,3,47,260
20250427,3,47,244
20250504,3,47,217
20250511,3,47,225
20250518,3,47,199
20250525,3,47,202
20250601,3,47,203
20250608,3,47,196
20250615,3,47,193
20250622,3,47,191
20250629,3,47,204
20250706,3,47,200
20250713,3,47,199
20250720,3,47,182
20250727,3,47,178
20250803,3,47,184
20250810,3,47,166
20250817,3,47,168
20250824,3,47,143
20250831,3,47,156
20250907,3,47,170
20250914,3,47,162
20250921,3,47,137
20250928,3,47,119
20251005,3,47,94
20251012,3,47,58
20251019,3,47,316
20251026,3,47,288
20251102,3,47,264
20251109,3,47,224
20251116,3,47,212
20251123,3,47,199
20251130,3,47,205
20251207,3,47,218
20251214,3,47,182
20251221,3,47,196
20251228,3,47,157
20260104,3,47,154
20260111,3,47,165
20260118,3,47,158
20260125,3,47,135
20260201,3,47,107
20260208,3,47,106
20260215,3,47,78
20260222,3,47,88
20260301,3,47,59
20260308,3,47,52
20260315,3,47,40
20260322,3,47,48
20260329,3,47,296
20260405,3,47,257
20260412,3,47,269
20260419,3,47,253
20260426,3,47,260
20260503,3,47,273
20260510,3,47,248
20260517,3,47,224
20260524,3,47,235
20260531,3,47,247
20260607,3,47,251
20260614,3,47,255
20260621,3,47,228
20260628,3,47,242
20260705,3,47,224
20260712,3,47,199
20260719,3,47,173
20260726,3,47,176
20260802,3,47,137
20260809,3,47,108
20260816,3,47,120
20260823,3,47,82
20250105,3,48,201
20250112,3,48,195
20250119,3,48,180
20250126,3,48,192
20250202,3,48,159
20250209,3,48,143
20250216,3,48,151
20250223,3,48,130
20250302,3,48,137
20250309,3,48,114
20250316,3,48,129
20250323,3,48,133
20250330,3,48,136
20250406,3,48,119
20250413,3,48,81
20250420,3,48,73
20250427,3,48,37
20250504,3,48,211
20250511,3,48,181
20250518,3,48,170
20250525,3,48,152
20250601,3,48,167
20250608,3,48,175
20250615,3,48,171
20250622,3,48,161
20250629,3,48,129
20250706,3,48,122
20250713,3,48,82
20250720,3,48,75
20250727,3,48,40
20250803,3,48,46
20250810,3,48,48
20250817,3,48,132
20250824,3,48,142
20250831,3,48,115
20250907,3,48,125
20250914,3,48,99
20250921,3,48,77
20250928,3,48,53
20251005,3,48,255
20251012,3,48,240
20251019,3,48,201
20251026,3,48,212
20251102,3,48,201
20251109,3,48,206
20251116,3,48,184
20251123,3,48,199
20251130,3,48,193
20251207,3,48,179
20251214,3,48,153
20251221,3,48,155
20251228,3,48,156
20260104,3,48,142
20260111,3,48,145
20260118,3,48,134
20260125,3,48,102
20260201,3,48,79
20260208,3,48,41
20260215,3,48,207
20260222,3,48,181
20260301,3,48,151
20260308,3,48,119
20260315,3,48,90
20260322,3,48,72
20260329,3,48,75
20260405,3,48,88
20260412,3,48,56
20260419,3,48,60
20260426,3,48,33
20260503,3,48,36
20260510,3,48,41
20260517,3,48,52
20260524,3,48,169
20260531,3,48,151
20260607,3,48,115
20260614,3,48,85
20260621,3,48,95
20260628,3,48,58
20260705,3,48,31
20260712,3,48,192
20260719,3,48,175
20260726,3,48,146
20260802,3,48,157
20260809,3,48,133
20260816,3,48,98
20260823,3,48,68
20250105,3,49,417
20250112,3,49,378
20250119,3,49,393
20250126,3,49,368
20250202,3,49,379
20250209,3,49,375
20250216,3,49,353
20250223,3,49,356
20250302,3,49,355
20250309,3,49,315
20250316,3,49,324
20250323,3,49,302
20250330,3,49,308
20250406,3,49,285
20250413,3,49,266
20250420,3,49,271
20250427,3,49,260
20250504,3,49,243
20250511,3,49,256
20250518,3,49,237
20250525,3,49,227
20250601,3,49,196
20250608,3,49,167
20250615,3,49,137
20250622,3,49,134
20250629,3,49,133
20250706,3,49,140
20250713,3,49,131
20250720,3,49,141
20250727,3,49,130
20250803,3,49,145
20250810,3,49,111
20250817,3,49,81
20250824,3,49,96
20250831,3,49,109
20250907,3,49,113
20250914,3,49,123
20250921,3,49,117
20250928,3,49,127
20251005,3,49,136
20251012,3,49,118
20251019,3,49,100
20251026,3,49,111
20251102,3,49,102
20251109,3,49,65
20251116,3,49,77
20251123,3,49,37
20251130,3,49,40
20251207,3,49,169
20251214,3,49,175
20251221,3,49,181
20251228,3,49,185
20260104,3,49,157
20260111,3,49,138
20260118,3,49,113
20260125,3,49,124
20260201,3,49,89
20260208,3,49,100
20260215,3,49,93
20260222,3,49,84
20260301,3,49,67
20260308,3,49,34
20260315,3,49,46
20260322,3,49,51
20260329,3,49,36
20260405,3,49,209
20260412,3,49,209
20260419,3,49,198
20260426,3,49,213
20260503,3,49,173
20260510,3,49,167
20260517,3,49,140
20260524,3,49,149
20260531,3,49,146
20260607,3,49,123
20260614,3,49,107
20260621,3,49,105
20260628,3,49,108
20260705,3,49,114
20260712,3,49,92
20260719,3,49,101
20260726,3,49,114
20260802,3,49,92
20260809,3,49,88
20260816,3,49,94
20260823,3,49,91
20250105,3,50,187
20250112,3,50,175
20250119,3,50,140
20250126,3,50,128
20250202,3,50,137
20250209,3,50,125
20250216,3,50,134
20250223,3,50,99
20250302,3,50,59
20250309,3,50,37
20250316,3,50,122
20250323,3,50,134
20250330,3,50,149
20250406,3,50,129
20250413,3,50,104
20250420,3,50,105
20250427,3,50,77
20250504,3,50,50
20250511,3,50,178
20250518,3,50,159
20250525,3,50,144
20250601,3,50,108
20250608,3,50,82
20250615,3,50,64
20250622,3,50,79
20250629,3,50,67
20250706,3,50,69
20250713,3,50,35
20250720,3,50,310
20250727,3,50,310
20250803,3,50,323
20250810,3,50,284
20250817,3,50,270
20250824,3,50,240
20250831,3,50,239
20250907,3,50,200
20250914,3,50,204
20250921,3,50,165
20250928,3,50,180
20251005,3,50,189
20251012,3,50,202
20251019,3,50,195
20251026,3,50,187
20251102,3,50,168
20251109,3,50,135
20251116,3,50,134
20251123,3,50,136
20251130,3,50,127
20251207,3,50,129
20251214,3,50,139
20251221,3,50,118
20251228,3,50,132
20260104,3,50,134
20260111,3,50,118
20260118,3,50,90
20260125,3,50,71
20260201,3,50,33
20260208,3,50,200
20260215,3,50,171
20260222,3,50,136
20260301,3,50,149
20260308,3,50,158
20260315,3,50,159
20260322,3,50,156
20260329,3,50,158
20260405,3,50,163
20260412,3,50,148
20260419,3,50,133
20260426,3,50,144
20260503,3,50,146
20260510,3,50,146
20260517,3,50,159
20260524,3,50,121
20260531,3,50,109
20260607,3,50,122
20260614,3,50,110
20260621,3,50,103
20260628,3,50,86
20260705,3,50,98
20260712,3,50,61
20260719,3,50,218
20260726,3,50,179
20260802,3,50,194
20260809,3,50,209
20260816,3,50,179
20260823,3,50,179
20250105,3,51,162
20250112,3,51,133
20250119,3,51,130
20250126,3,51,140
20250202,3,51,136
20250209,3,51,125
20250216,3,51,122
20250223,3,51,102
20250302,3,51,96
20250309,3,51,99
20250316,3,51,68
20250323,3,51,49
20250330,3,51,62
20250406,3,51,35
20250413,3,51,136
20250420,3,51,138
20250427,3,51,102
20250504,3,51,81
20250511,3,51,65
20250518,3,51,49
20250525,3,51,44
20250601,3,51,47
20250608,3,51,56
20250615,3,51,31
20250622,3,51,153
20250629,3,51,129
20250706,3,51,118
20250713,3,51,119
20250720,3,51,134
20250727,3,51,147
20250803,3,51,139
20250810,3,51,126
20250817,3,51,108
20250824,3,51,89
20250831,3,51,75
20250907,3,51,88
20250914,3,51,66
20250921,3,51,58
20250928,3,51,67
20251005,3,51,34
20251012,3,51,266
20251019,3,51,252
20251026,3,51,262
20251102,3,51,234
20251109,3,51,240
20251116,3,51,254
20251123,3,51,236
20251130,3,51,240
20251207,3,51,203
20251214,3,51,175
20251221,3,51,139
20251228,3,51,142
20260104,3,51,146
20260111,3,51,122
20260118,3,51,127
20260125,3,51,93
20260201,3,51,100
20260208,3,51,61
20260215,3,51,58
20260222,3,51,65
20260301,3,51,58
20260308,3,51,61
20260315,3,51,35
20260322,3,51,191
20260329,3,51,157
20260405,3,51,136
20260412,3,51,141
20260419,3,51,101
20260426,3,51,65
20260503,3,51,72
20260510,3,51,78
20260517,3,51,52
20260524,3,51,200
20260531,3,51,160
20260607,3,51,160
20260614,3,51,160
20260621,3,51,164
20260628,3,51,142
20260705,3,51,126
20260712,3,51,132
20260719,3,51,121
20260726,3,51,92
20260802,3,51,80
20260809,3,51,88
20260816,3,51,88
20260823,3,51,67
20250105,3,52,470
20250112,3,52,466
20250119,3,52,440
20250126,3,52,405
20250202,3,52,372
20250209,3,52,372
20250216,3,52,339
20250223,3,52,300
20250302,3,52,266
20250309,3,52,252
20250316,3,52,246
20250323,3,52,218
20250330,3,52,207
20250406,3,52,199
20250413,3,52,161
20250420,3,52,174
20250427,3,52,166
20250504,3,52,126
20250511,3,52,88
20250518,3,52,101
20250525,3,52,76
20250601,3,52,40
20250608,3,52,45
20250615,3,52,222
20250622,3,52,217
20250629,3,52,227
20250706,3,52,205
20250713,3,52,189
20250720,3,52,157
20250727,3,52,165
20250803,3,52,147
20250810,3,52,109
20250817,3,52,114
20250824,3,52,112
20250831,3,52,85
20250907,3,52,83
20250914,3,52,66
20250921,3,52,51
20250928,3,52,63
20251005,3,52,63
20251012,3,52,54
20251019,3,52,35
20251026,3,52,34
20251102,3,52,300
20251109,3,52,300
20251116,3,52,277
20251123,3,52,282
20251130,3,52,294
20251207,3,52,304
20251214,3,52,278
20251221,3,52,242
20251228,3,52,244
20260104,3,52,208
20260111,3,52,184
20260118,3,52,153
20260125,3,52,118
20260201,3,52,119
20260208,3,52,85
20260215,3,52,81
20260222,3,52,86
20260301,3,52,67
20260308,3,52,54
20260315,3,52,245
20260322,3,52,229
20260329,3,52,197
20260405,3,52,183
20260412,3,52,166
20260419,3,52,170
20260426,3,52,133
20260503,3,52,125
20260510,3,52,112
20260517,3,52,78
20260524,3,52,65
20260531,3,52,298
20260607,3,52,259
20260614,3,52,227
20260621,3,52,224
20260628,3,52,197
20260705,3,52,188
20260712,3,52,190
20260719,3,52,182
20260726,3,52,183
20260802,3,52,148
20260809,3,52,144
20260816,3,52,134
20260823,3,52,132
20250105,3,53,271
20250112,3,53,272
20250119,3,53,233
20250126,3,53,215
20250202,3,53,220
20250209,3,53,233
20250216,3,53,204
20250223,3,53,217
20250302,3,53,218
20250309,3,53,186
20250316,3,53,172
20250323,3,53,154
20250330,3,53,158
20250406,3,53,133
20250413,3,53,139
20250420,3,53,137
20250427,3,53,125
20250504,3,53,102
20250511,3,53,107
20250518,3,53,93
20250525,3,53,93
20250601,3,53,61
20250608,3,53,38
20250615,3,53,37
20250622,3,53,35
20250629,3,53,37
20250706,3,53,35
20250713,3,53,147
20250720,3,53,120
20250727,3,53,114
20250803,3,53,115
20250810,3,53,78
20250817,3,53,53
20250824,3,53,40
20250831,3,53,31
20250907,3,53,164
20250914,3,53,165
20250921,3,53,150
20250928,3,53,139
20251005,3,53,141
20251012,3,53,147
20251019,3,53,150
20251026,3,53,130
20251102,3,53,141
20251109,3,53,130
20251116,3,53,122
20251123,3,53,88
20251130,3,53,65
20251207,3,53,60
20251214,3,53,59
20251221,3,53,32
20251228,3,53,177
20260104,3,53,191
20260111,3,53,177
20260118,3,53,143
20260125,3,53,132
20260201,3,53,103
20260208,3,53,109
20260215,3,53,119
20260222,3,53,125
20260301,3,53,128
20260308,3,53,98
20260315,3,53,108
20260322,3,53,98
20260329,3,53,87
20260405,3,53,62
20260412,3,53,30
20260419,3,53,236
20260426,3,53,199
20260503,3,53,196
20260510,3,53,181
20260517,3,53,188
20260524,3,53,176
20260531,3,53,185
20260607,3,53,153
20260614,3,53,131
20260621,3,53,137
20260628,3,53,99
20260705,3,53,106
20260712,3,53,119
20260719,3,53,113
20260726,3,53,124
20260802,3,53,122
20260809,3,53,83
20260816,3,53,66
20260823,3,53,80
20250105,3,54,339
20250112,3,54,301
20250119,3,54,312
20250126,3,54,300
20250202,3,54,294
20250209,3,54,260
20250216,3,54,259
20250223,3,54,225
20250302,3,54,192
20250309,3,54,174
20250316,3,54,146
20250323,3,54,119
20250330,3,54,123
20250406,3,54,84
20250413,3,54,56
20250420,3,54,38
20250427,3,54,304
20250504,3,54,302
20250511,3,54,316
20250518,3,54,288
20250525,3,54,294
20250601,3,54,296
20250608,3,54,263
20250615,3,54,245
20250622,3,54,224
20250629,3,54,233
20250706,3,54,236
20250713,3,54,226
20250720,3,54,197
20250727,3,54,173
20250803,3,54,185
20250810,3,54,190
20250817,3,54,186
20250824,3,54,201
20250831,3,54,169
20250907,3,54,156
20250914,3,54,134
20250921,3,54,97
20250928,3,54,95
20251005,3,54,64
20251012,3,54,54
20251019,3,54,40
20251026,3,54,40
20251102,3,54,53
20251109,3,54,263
20251116,3,54,265
20251123,3,54,256
20251130,3,54,246
20251207,3,54,230
20251214,3,54,203
20251221,3,54,200
20251228,3,54,205
20260104,3,54,185
20260111,3,54,193
20260118,3,54,167
20260125,3,54,178
20260201,3,54,177
20260208,3,54,169
20260215,3,54,139
20260222,3,54,103
20260301,3,54,113
20260308,3,54,112
20260315,3,54,97
20260322,3,54,109
20260329,3,54,82
20260405,3,54,86
20260412,3,54,69
20260419,3,54,40
20260426,3,54,243
20260503,3,54,212
20260510,3,54,220
20260517,3,54,231
20260524,3,54,192
20260531,3,54,165
20260607,3,54,177
20260614,3,54,150
20260621,3,54,141
20260628,3,54,148
20260705,3,54,130
20260712,3,54,95
20260719,3,54,74
20260726,3,54,40
20260802,3,54,55
20260809,3,54,128
20260816,3,54,118
20260823,3,54,85
20250105,3,55,414
20250112,3,55,420
20250119,3,55,390
20250126,3,55,367
20250202,3,55,368
20250209,3,55,337
20250216,3,55,304
20250223,3,55,306
20250302,3,55,266
20250309,3,55,230
20250316,3,55,242
20250323,3,55,222
20250330,3,55,184
20250406,3,55,192
20250413,3,55,170
20250420,3,55,174
20250427,3,55,153
20250504,3,55,157
20250511,3,55,147
20250518,3,55,143
20250525,3,55,129
20250601,3,55,130
20250608,3,55,117
20250615,3,55,99
20250622,3,55,104
20250629,3,55,93
20250706,3,55,56
20250713,3,55,31
20250720,3,55,254
20250727,3,55,263
20250803,3,55,269
20250810,3,55,264
20250817,3,55,276
20250824,3,55,290
20250831,3,55,288
20250907,3,55,268
20250914,3,55,236
20250921,3,55,244
20250928,3,55,215
20251005,3,55,223
20251012,3,55,205
20251019,3,55,169
20251026,3,55,138
20251102,3,55,133
20251109,3,55,113
20251116,3,55,75
20251123,3,55,54
20251130,3,55,66
20251207,3,55,72
20251214,3,55,59
20251221,3,55,42
20251228,3,55,134
20260104,3,55,140
20260111,3,55,141
20260118,3,55,110
20260125,3,55,72
20260201,3,55,67
20260208,3,55,55
20260215,3,55,69
20260222,3,55,53
20260301,3,55,32
20260308,3,55,34
20260315,3,55,46
20260322,3,55,53
20260329,3,55,67
20260405,3,55,39
20260412,3,55,302
20260419,3,55,276
20260426,3,55,236
20260503,3,55,241
20260510,3,55,228
20260517,3,55,192
20260524,3,55,153
20260531,3,55,143
20260607,3,55,124
20260614,3,55,98
20260621,3,55,112
20260628,3,55,119
20260705,3,55,131
20260712,3,55,115
20260719,3,55,121
20260726,3,55,96
20260802,3,55,108
20260809,3,55,120
20260816,3,55,130
20260823,3,55,111
20250105,3,56,177
20250112,3,56,142
20250119,3,56,140
20250126,3,56,103
20250202,3,56,101
20250209,3,56,81
20250216,3,56,65
20250223,3,56,45
20250302,3,56,53
20250309,3,56,57
20250316,3,56,32
20250323,3,56,44
20250330,3,56,158
20250406,3,56,155
20250413,3,56,148
20250420,3,56,139
20250427,3,56,149
20250504,3,56,131
20250511,3,56,138
20250518,3,56,125
20250525,3,56,101
20250601,3,56,107
20250608,3,56,109
20250615,3,56,77
20250622,3,56,56
20250629,3,56,66
20250706,3,56,56
20250713,3,56,40
20250720,3,56,166
20250727,3,56,180
20250803,3,56,194
20250810,3,56,186
20250817,3,56,174
20250824,3,56,172
20250831,3,56,155
20250907,3,56,161
20250914,3,56,144
20250921,3,56,112
20250928,3,56,81
20251005,3,56,88
20251012,3,56,84
20251019,3,56,78
20251026,3,56,80
20251102,3,56,82
20251109,3,56,85
20251116,3,56,92
20251123,3,56,81
20251130,3,56,71
20251207,3,56,65
20251214,3,56,41
20251221,3,56,144
20251228,3,56,126
20260104,3,56,99
20260111,3,56,73
20260118,3,56,38
20260125,3,56,31
20260201,3,56,196
20260208,3,56,164
20260215,3,56,142
20260222,3,56,112
20260301,3,56,80
20260308,3,56,64
20260315,3,56,286
20260322,3,56,246
20260329,3,56,241
20260405,3,56,220
20260412,3,56,204
20260419,3,56,218
20260426,3,56,199
20260503,3,56,160
20260510,3,56,127
20260517,3,56,96
20260524,3,56,100
20260531,3,56,88
20260607,3,56,102
20260614,3,56,70
20260621,3,56,60
20260628,3,56,31
20260705,3,56,297
20260712,3,56,294
20260719,3,56,288
20260726,3,56,259
20260802,3,56,256
20260809,3,56,240
20260816,3,56,222
20260823,3,56,192
20250105,3,57,342
20250112,3,57,350
20250119,3,57,321
20250126,3,57,334
20250202,3,57,309
20250209,3,57,279
20250216,3,57,246
20250223,3,57,237
20250302,3,57,223
20250309,3,57,234
20250316,3,57,217
20250323,3,57,207
20250330,3,57,177
20250406,3,57,190
20250413,3,57,200
20250420,3,57,171
20250427,3,57,153
20250504,3,57,130
20250511,3,57,126
20250518,3,57,117
20250525,3,57,86
20250601,3,57,70
20250608,3,57,31
20250615,3,57,245
20250622,3,57,240
20250629,3,57,220
20250706,3,57,207
20250713,3,57,214
20250720,3,57,224
20250727,3,57,194
20250803,3,57,174
20250810,3,57,154
20250817,3,57,139
20250824,3,57,118
20250831,3,57,101
20250907,3,57,111
20250914,3,57,101
20250921,3,57,116
20250928,3,57,104
20251005,3,57,91
20251012,3,57,51
20251019,3,57,38
20251026,3,57,198
20251102,3,57,165
20251109,3,57,160
20251116,3,57,131
20251123,3,57,130
20251130,3,57,118
20251207,3,57,119
20251214,3,57,97
20251221,3,57,68
20251228,3,57,44
20260104,3,57,166
20260111,3,57,166
20260118,3,57,146
20260125,3,57,106
20260201,3,57,68
20260208,3,57,47
20260215,3,57,219
20260222,3,57,188
20260301,3,57,169
20260308,3,57,155
20260315,3,57,140
20260322,3,57,139
20260329,3,57,115
20260405,3,57,98
20260412,3,57,93
20260419,3,57,82
20260426,3,57,83
20260503,3,57,93
20260510,3,57,55
20260517,3,57,34
20260524,3,57,253
20260531,3,57,232
20260607,3,57,229
20260614,3,57,234
20260621,3,57,228
20260628,3,57,209
20260705,3,57,190
20260712,3,57,163
20260719,3,57,127
20260726,3,57,131
20260802,3,57,101
20260809,3,57,71
20260816,3,57,61
20260823,3,57,48
20250105,3,58,261
20250112,3,58,238
20250119,3,58,215
20250126,3,58,205
20250202,3,58,195
20250209,3,58,165
20250216,3,58,157
20250223,3,58,154
20250302,3,58,133
20250309,3,58,100
20250316,3,58,81
20250323,3,58,61
20250330,3,58,50
20250406,3,58,31
20250413,3,58,276
20250420,3,58,243
20250427,3,58,210
20250504,3,58,203
20250511,3,58,169
20250518,3,58,152
20250525,3,58,161
20250601,3,58,150
20250608,3,58,142
20250615,3,58,103
20250622,3,58,101
20250629,3,58,81
20250706,3,58,42
20250713,3,58,48
20250720,3,58,224
20250727,3,58,238
20250803,3,58,231
20250810,3,58,239
20250817,3,58,253
20250824,3,58,235
20250831,3,58,232
20250907,3,58,220
20250914,3,58,232
20250921,3,58,234
20250928,3,58,244
20251005,3,58,218
20251012,3,58,205
20251019,3,58,204
20251026,3,58,194
20251102,3,58,205
20251109,3,58,211
20251116,3,58,188
20251123,3,58,179
20251130,3,58,162
20251207,3,58,138
20251214,3,58,143
20251221,3,58,142
20251228,3,58,145
20260104,3,58,132
20260111,3,58,114
20260118,3,58,114
20260125,3,58,114
20260201,3,58,85
20260208,3,58,83
20260215,3,58,77
20260222,3,58,82
20260301,3,58,74
20260308,3,58,68
20260315,3,58,63
20260322,3,58,252
20260329,3,58,248
20260405,3,58,241
20260412,3,58,218
20260419,3,58,187
20260426,3,58,178
20260503,3,58,151
20260510,3,58,112
20260517,3,58,73
20260524,3,58,77
20260531,3,58,86
20260607,3,58,47
20260614,3,58,49
20260621,3,58,59
20260628,3,58,211
20260705,3,58,216
20260712,3,58,212
20260719,3,58,215
20260726,3,58,227
20260802,3,58,229
20260809,3,58,228
20260816,3,58,214
20260823,3,58,205
20250105,3,59,124
20250112,3,59,93
20250119,3,59,92
20250126,3,59,63
20250202,3,59,62
20250209,3,59,149
20250216,3,59,112
20250223,3,59,119
20250302,3,59,91
20250309,3,59,81
20250316,3,59,92
20250323,3,59,53
20250330,3,59,32
20250406,3,59,43
20250413,3,59,53
20250420,3,59,54
20250427,3,59,56
20250504,3,59,180
20250511,3,59,166
20250518,3,59,145
20250525,3,59,105
20250601,3,59,82
20250608,3,59,65
20250615,3,59,69
20250622,3,59,57
20250629,3,59,55
20250706,3,59,52
20250713,3,59,295
20250720,3,59,300
20250727,3,59,310
20250803,3,59,303
20250810,3,59,265
20250817,3,59,255
20250824,3,59,261
20250831,3,59,221
20250907,3,59,212
20250914,3,59,178
20250921,3,59,169
20250928,3,59,163
20251005,3,59,143
20251012,3,59,110
20251019,3,59,86
20251026,3,59,52
20251102,3,59,138
20251109,3,59,144
20251116,3,59,148
20251123,3,59,152
20251130,3,59,136
20251207,3,59,102
20251214,3,59,109
20251221,3,59,119
20251228,3,59,107
20260104,3,59,72
20260111,3,59,48
20260118,3,59,310
20260125,3,59,313
20260201,3,59,325
20260208,3,59,340
20260215,3,59,322
20260222,3,59,323
20260301,3,59,302
20260308,3,59,306
20260315,3,59,313
20260322,3,59,306
20260329,3,59,307
20260405,3,59,296
20260412,3,59,265
20260419,3,59,255
20260426,3,59,230
20260503,3,59,220
20260510,3,59,220
20260517,3,59,190
20260524,3,59,202
20260531,3,59,184
20260607,3,59,152
20260614,3,59,128
20260621,3,59,131
20260628,3,59,120
20260705,3,59,133
20260712,3,59,106
20260719,3,59,99
20260726,3,59,59
20260802,3,59,44
20260809,3,59,43
20260816,3,59,58
20260823,3,59,46
20250105,4,1,162
20250112,4,1,157
20250119,4,1,168
20250126,4,1,144
20250202,4,1,124
20250209,4,1,132
20250216,4,1,145
20250223,4,1,109
20250302,4,1,112
20250309,4,1,94
20250316,4,1,98
20250323,4,1,63
20250330,4,1,70
20250406,4,1,74
20250413,4,1,70
20250420,4,1,68
20250427,4,1,50
20250504,4,1,43
20250511,4,1,294
20250518,4,1,257
20250525,4,1,257
20250601,4,1,271
20250608,4,1,255
20250615,4,1,227
20250622,4,1,239
20250629,4,1,244
20250706,4,1,234
20250713,4,1,210
20250720,4,1,188
20250727,4,1,156
20250803,4,1,138
20250810,4,1,125
20250817,4,1,89
20250824,4,1,90
20250831,4,1,64
20250907,4,1,50
20250914,4,1,45
20250921,4,1,246
20250928,4,1,236
20251005,4,1,202
20251012,4,1,184
20251019,4,1,164
20251026,4,1,137
20251102,4,1,133
20251109,4,1,93
20251116,4,1,107
20251123,4,1,84
20251130,4,1,82
20251207,4,1,94
20251214,4,1,56
20251221,4,1,320
20251228,4,1,327
20260104,4,1,295
20260111,4,1,269
20260118,4,1,283
20260125,4,1,256
20260201,4,1,248
20260208,4,1,214
20260215,4,1,222
20260222,4,1,208
20260301,4,1,221
20260308,4,1,191
20260315,4,1,196
20260322,4,1,163
20260329,4,1,162
20260405,4,1,158
20260412,4,1,159
20260419,4,1,137
20260426,4,1,125
20260503,4,1,138
20260510,4,1,127
20260517,4,1,101
20260524,4,1,92
20260531,4,1,100
20260607,4,1,76
20260614,4,1,47
20260621,4,1,192
20260628,4,1,183
20260705,4,1,194
20260712,4,1,169
20260719,4,1,129
20260726,4,1,103
20260802,4,1,111
20260809,4,1,89
20260816,4,1,75
20260823,4,1,48
20250105,4,2,442
20250112,4,2,441
20250119,4,2,412
20250126,4,2,419
20250202,4,2,432
20250209,4,2,420
20250216,4,2,420
20250223,4,2,387
20250302,4,2,381
20250309,4,2,356
20250316,4,2,364
20250323,4,2,375
20250330,4,2,347
20250406,4,2,345
20250413,4,2,326
20250420,4,2,317
20250427,4,2,278
20250504,4,2,259
20250511,4,2,257
20250518,4,2,231
20250525,4,2,227
20250601,4,2,240
20250608,4,2,251
20250615,4,2,239
20250622,4,2,206
20250629,4,2,210
20250706,4,2,183
20250713,4,2,189
20250720,4,2,157
20250727,4,2,129
20250803,4,2,97
20250810,4,2,88
20250817,4,2,66
20250824,4,2,53
20250831,4,2,68
20250907,4,2,79
20250914,4,2,59
20250921,4,2,59
20250928,4,2,43
20251005,4,2,52
20251012,4,2,126
20251019,4,2,136
20251026,4,2,137
20251102,4,2,117
20251109,4,2,82
20251116,4,2,57
20251123,4,2,61
20251130,4,2,204
20251207,4,2,185
20251214,4,2,172
20251221,4,2,161
20251228,4,2,150
20260104,4,2,133
20260111,4,2,99
20260118,4,2,102
20260125,4,2,62
20260201,4,2,37
20260208,4,2,138
20260215,4,2,146
20260222,4,2,143
20260301,4,2,155
20260308,4,2,160
20260315,4,2,148
20260322,4,2,150
20260329,4,2,130
20260405,4,2,95
20260412,4,2,100
20260419,4,2,62
20260426,4,2,62
20260503,4,2,48
20260510,4,2,199
20260517,4,2,181
20260524,4,2,176
20260531,4,2,177
20260607,4,2,140
20260614,4,2,109
20260621,4,2,120
20260628,4,2,130
20260705,4,2,133
20260712,4,2,106
20260719,4,2,93
20260726,4,2,54
20260802,4,2,45
20260809,4,2,34
20260816,4,2,108
20260823,4,2,123
20250105,4,3,216
20250112,4,3,183
20250119,4,3,195
20250126,4,3,160
20250202,4,3,126
20250209,4,3,131
20250216,4,3,134
20250223,4,3,113
20250302,4,3,120
20250309,4,3,88
20250316,4,3,69
20250323,4,3,47
20250330,4,3,50
20250406,4,3,39
20250413,4,3,293
20250420,4,3,291
20250427,4,3,292
20250504,4,3,278
20250511,4,3,286
20250518,4,3,246
20250525,4,3,207
20250601,4,3,178
20250608,4,3,166
20250615,4,3,133
20250622,4,3,114
20250629,4,3,115
20250706,4,3,84
20250713,4,3,44
20250720,4,3,57
20250727,4,3,59
20250803,4,3,57
20250810,4,3,290
20250817,4,3,298
20250824,4,3,282
20250831,4,3,278
20250907,4,3,251
20250914,4,3,248
20250921,4,3,228
20250928,4,3,208
20251005,4,3,174
20251012,4,3,163
20251019,4,3,160
20251026,4,3,120
20251102,4,3,94
20251109,4,3,94
20251116,4,3,77
20251123,4,3,64
20251130,4,3,56
20251207,4,3,33
20251214,4,3,280
20251221,4,3,279
20251228,4,3,253
20260104,4,3,232
20260111,4,3,194
20260118,4,3,160
20260125,4,3,128
20260201,4,3,117
20260208,4,3,118
20260215,4,3,106
20260222,4,3,103
20260301,4,3,101
20260308,4,3,96
20260315,4,3,79
20260322,4,3,53
20260329,4,3,43
20260405,4,3,43
20260412,4,3,130
20260419,4,3,102
20260426,4,3,62
20260503,4,3,198
20260510,4,3,205
20260517,4,3,212
20260524,4,3,187
20260531,4,3,149
20260607,4,3,115
20260614,4,3,115
20260621,4,3,87
20260628,4,3,91
20260705,4,3,88
20260712,4,3,78
20260719,4,3,39
20260726,4,3,228
20260802,4,3,239
20260809,4,3,223
20260816,4,3,197
20260823,4,3,177
20250105,4,4,261
20250112,4,4,271
20250119,4,4,240
20250126,4,4,253
20250202,4,4,247
20250209,4,4,232
20250216,4,4,199
20250223,4,4,189
20250302,4,4,189
20250309,4,4,188
20250316,4,4,162
20250323,4,4,129
20250330,4,4,129
20250406,4,4,113
20250413,4,4,111
20250420,4,4,106
20250427,4,4,99
20250504,4,4,86
20250511,4,4,95
20250518,4,4,95
20250525,4,4,86
20250601,4,4,81
20250608,4,4,78
20250615,4,4,67
20250622,4,4,322
20250629,4,4,318
20250706,4,4,278
20250713,4,4,286
20250720,4,4,293
20250727,4,4,281
20250803,4,4,282
20250810,4,4,242
20250817,4,4,208
20250824,4,4,214
20250831,4,4,178
20250907,4,4,158
20250914,4,4,146
20250921,4,4,149
20250928,4,4,137
20251005,4,4,126
20251012,4,4,112
20251019,4,4,96
20251026,4,4,59
20251102,4,4,46
20251109,4,4,217
20251116,4,4,183
20251123,4,4,161
20251130,4,4,143
20251207,4,4,133
20251214,4,4,105
20251221,4,4,117
20251228,4,4,111
20260104,4,4,72
20260111,4,4,56
20260118,4,4,53
20260125,4,4,34
20260201,4,4,237
20260208,4,4,245
20260215,4,4,212
20260222,4,4,225
20260301,4,4,240
20260308,4,4,228
20260315,4,4,208
20260322,4,4,171
20260329,4,4,134
20260405,4,4,132
20260412,4,4,111
20260419,4,4,79
20260426,4,4,66
20260503,4,4,50
20260510,4,4,250
20260517,4,4,261
20260524,4,4,240
20260531,4,4,241
20260607,4,4,222
20260614,4,4,228
20260621,4,4,203
20260628,4,4,168
20260705,4,4,181
20260712,4,4,195
20260719,4,4,207
20260726,4,4,193
20260802,4,4,205
20260809,4,4,204
20260816,4,4,200
20260823,4,4,182
20250105,4,5,50
20250112,4,5,60
20250119,4,5,31
20250126,4,5,35
20250202,4,5,121
20250209,4,5,124
20250216,4,5,88
20250223,4,5,84
20250302,4,5,88
20250309,4,5,73
20250316,4,5,79
20250323,4,5,60
20250330,4,5,294
20250406,4,5,278
20250413,4,5,286
20250420,4,5,255
20250427,4,5,260
20250504,4,5,223
20250511,4,5,214
20250518,4,5,206
20250525,4,5,208
20250601,4,5,177
20250608,4,5,176
20250615,4,5,150
20250622,4,5,142
20250629,4,5,127
20250706,4,5,134
20250713,4,5,124
20250720,4,5,98
20250727,4,5,94
20250803,4,5,106
20250810,4,5,89
20250817,4,5,57
20250824,4,5,51
20250831,4,5,158
20250907,4,5,140
20250914,4,5,136
20250921,4,5,132
20250928,4,5,118
20251005,4,5,110
20251012,4,5,114
20251019,4,5,98
20251026,4,5,70
20251102,4,5,77
20251109,4,5,91
20251116,4,5,97
20251123,4,5,96
20251130,4,5,74
20251207,4,5,34
20251214,4,5,33
20251221,4,5,241
20251228,4,5,227
20260104,4,5,204
20260111,4,5,172
20260118,4,5,160
20260125,4,5,140
20260201,4,5,114
20260208,4,5,119
20260215,4,5,127
20260222,4,5,116
20260301,4,5,102
20260308,4,5,67
20260315,4,5,57
20260322,4,5,37
20260329,4,5,236
20260405,4,5,242
20260412,4,5,249
20260419,4,5,258
20260426,4,5,233
20260503,4,5,198
20260510,4,5,175
20260517,4,5,167
20260524,4,5,157
20260531,4,5,126
20260607,4,5,132
20260614,4,5,109
20260621,4,5,81
20260628,4,5,48
20260705,4,5,31
20260712,4,5,294
20260719,4,5,289
20260726,4,5,274
20260802,4,5,263
20260809,4,5,253
20260816,4,5,235
20260823,4,5,203
20250105,4,6,456
20250112,4,6,433
20250119,4,6,442
20250126,4,6,438
20250202,4,6,434
20250209,4,6,426
20250216,4,6,391
20250223,4,6,404
20250302,4,6,364
20250309,4,6,339
20250316,4,6,311
20250323,4,6,312
20250330,4,6,316
20250406,4,6,313
20250413,4,6,313
20250420,4,6,297
20250427,4,6,272
20250504,4,6,247
20250511,4,6,216
20250518,4,6,199
20250525,4,6,162
20250601,4,6,161
20250608,4,6,167
20250615,4,6,180
20250622,4,6,170
20250629,4,6,139
20250706,4,6,122
20250713,4,6,106
20250720,4,6,95
20250727,4,6,65
20250803,4,6,50
20250810,4,6,43
20250817,4,6,48
20250824,4,6,221
20250831,4,6,182
20250907,4,6,170
20250914,4,6,134
20250921,4,6,141
20250928,4,6,126
20251005,4,6,125
20251012,4,6,93
20251019,4,6,56
20251026,4,6,58
20251102,4,6,47
20251109,4,6,210
20251116,4,6,177
20251123,4,6,188
20251130,4,6,159
20251207,4,6,167
20251214,4,6,162
20251221,4,6,164
20251228,4,6,179
20260104,4,6,167
20260111,4,6,162
20260118,4,6,149
20260125,4,6,118
20260201,4,6,104
20260208,4,6,76
20260215,4,6,85
20260222,4,6,89
20260301,4,6,62
20260308,4,6,49
20260315,4,6,229
20260322,4,6,231
20260329,4,6,237
20260405,4,6,218
20260412,4,6,202
20260419,4,6,186
20260426,4,6,171
20260503,4,6,146
20260510,4,6,147
20260517,4,6,149
20260524,4,6,146
20260531,4,6,115
20260607,4,6,86
20260614,4,6,99
20260621,4,6,101
20260628,4,6,97
20260705,4,6,97
20260712,4,6,64
20260719,4,6,49
20260726,4,6,264
20260802,4,6,254
20260809,4,6,260
20260816,4,6,247
20260823,4,6,257
20250105,4,7,72
20250112,4,7,70
20250119,4,7,43
20250126,4,7,318
20250202,4,7,315
20250209,4,7,314
20250216,4,7,305
20250223,4,7,275
20250302,4,7,253
20250309,4,7,245
20250316,4,7,214
20250323,4,7,229
20250330,4,7,195
20250406,4,7,194
20250413,4,7,205
20250420,4,7,181
20250427,4,7,185
20250504,4,7,158
20250511,4,7,145
20250518,4,7,155
20250525,4,7,158
20250601,4,7,172
20250608,4,7,164
20250615,4,7,131
20250622,4,7,112
20250629,4,7,87
20250706,4,7,61
20250713,4,7,56
20250720,4,7,172
20250727,4,7,132
20250803,4,7,92
20250810,4,7,89
20250817,4,7,70
20250824,4,7,55
20250831,4,7,59
20250907,4,7,60
20250914,4,7,55
20250921,4,7,48
20250928,4,7,34
20251005,4,7,212
20251012,4,7,203
20251019,4,7,170
20251026,4,7,163
20251102,4,7,159
20251109,4,7,133
20251116,4,7,121
20251123,4,7,91
20251130,4,7,62
20251207,4,7,72
20251214,4,7,32
20251221,4,7,41
20251228,4,7,42
20260104,4,7,41
20260111,4,7,55
20260118,4,7,126
20260125,4,7,133
20260201,4,7,93
20260208,4,7,60
20260215,4,7,46
20260222,4,7,149
20260301,4,7,110
20260308,4,7,113
20260315,4,7,123
20260322,4,7,116
20260329,4,7,87
20260405,4,7,80
20260412,4,7,57
20260419,4,7,252
20260426,4,7,217
20260503,4,7,227
20260510,4,7,211
20260517,4,7,207
20260524,4,7,201
20260531,4,7,169
20260607,4,7,161
20260614,4,7,164
20260621,4,7,148
20260628,4,7,108
20260705,4,7,119
20260712,4,7,134
20260719,4,7,123
20260726,4,7,123
20260802,4,7,138
20260809,4,7,121
20260816,4,7,84
20260823,4,7,71
20250105,4,8,206
20250112,4,8,176
20250119,4,8,149
20250126,4,8,145
20250202,4,8,122
20250209,4,8,103
20250216,4,8,99
20250223,4,8,105
20250302,4,8,81
20250309,4,8,44
20250316,4,8,55
20250323,4,8,61
20250330,4,8,72
20250406,4,8,76
20250413,4,8,84
20250420,4,8,71
20250427,4,8,34
20250504,4,8,31
20250511,4,8,203
20250518,4,8,170
20250525,4,8,166
20250601,4,8,151
20250608,4,8,152
20250615,4,8,132
20250622,4,8,115
20250629,4,8,96
20250706,4,8,86
20250713,4,8,81
20250720,4,8,82
20250727,4,8,75
20250803,4,8,71
20250810,4,8,57
20250817,4,8,48
20250824,4,8,45
20250831,4,8,229
20250907,4,8,244
20250914,4,8,232
20250921,4,8,243
20250928,4,8,211
20251005,4,8,212
20251012,4,8,193
20251019,4,8,179
20251026,4,8,181
20251102,4,8,180
20251109,4,8,188
20251116,4,8,200
20251123,4,8,213
20251130,4,8,217
20251207,4,8,187
20251214,4,8,173
20251221,4,8,161
20251228,4,8,174
20260104,4,8,141
20260111,4,8,134
20260118,4,8,123
20260125,4,8,93
20260201,4,8,54
20260208,4,8,66
20260215,4,8,45
20260222,4,8,60
20260301,4,8,44
20260308,4,8,283
20260315,4,8,293
20260322,4,8,271
20260329,4,8,286
20260405,4,8,284
20260412,4,8,271
20260419,4,8,270
20260426,4,8,231
20260503,4,8,203
20260510,4,8,202
20260517,4,8,186
20260524,4,8,165
20260531,4,8,125
20260607,4,8,110
20260614,4,8,120
20260621,4,8,133
20260628,4,8,137
20260705,4,8,111
20260712,4,8,72
20260719,4,8,38
20260726,4,8,44
20260802,4,8,31
20260809,4,8,46
20260816,4,8,232
20260823,4,8,233
20250105,4,9,159
20250112,4,9,159
20250119,4,9,141
20250126,4,9,119
20250202,4,9,106
20250209,4,9,105
20250216,4,9,74
20250223,4,9,78
20250302,4,9,49
20250309,4,9,301
20250316,4,9,297
20250323,4,9,283
20250330,4,9,295
20250406,4,9,281
20250413,4,9,288
20250420,4,9,303
20250427,4,9,282
20250504,4,9,243
20250511,4,9,258
20250518,4,9,252
20250525,4,9,240
20250601,4,9,228
20250608,4,9,195
20250615,4,9,200
20250622,4,9,172
20250629,4,9,153
20250706,4,9,165
20250713,4,9,133
20250720,4,9,116
20250727,4,9,83
20250803,4,9,95
20250810,4,9,69
20250817,4,9,42
20250824,4,9,33
20250831,4,9,143
20250907,4,9,104
20250914,4,9,100
20250921,4,9,77
20250928,4,9,87
20251005,4,9,56
20251012,4,9,230
20251019,4,9,200
20251026,4,9,184
20251102,4,9,152
20251109,4,9,148
20251116,4,9,137
20251123,4,9,122
20251130,4,9,116
20251207,4,9,84
20251214,4,9,72
20251221,4,9,50
20251228,4,9,64
20260104,4,9,70
20260111,4,9,82
20260118,4,9,61
20260125,4,9,69
20260201,4,9,38
20260208,4,9,39
20260215,4,9,228
20260222,4,9,197
20260301,4,9,165
20260308,4,9,131
20260315,4,9,144
20260322,4,9,125
20260329,4,9,105
20260405,4,9,75
20260412,4,9,46
20260419,4,9,210
20260426,4,9,208
20260503,4,9,175
20260510,4,9,162
20260517,4,9,140
20260524,4,9,142
20260531,4,9,109
20260607,4,9,111
20260614,4,9,107
20260621,4,9,90
20260628,4,9,98
20260705,4,9,77
20260712,4,9,49
20260719,4,9,47
20260726,4,9,138
20260802,4,9,124
20260809,4,9,113
20260816,4,9,92
20260823,4,9,62
20250105,4,10,478
20250112,4,10,473
20250119,4,10,450
20250126,4,10,443
20250202,4,10,443
20250209,4,10,444
20250216,4,10,426
20250223,4,10,416
20250302,4,10,420
20250309,4,10,396
20250316,4,10,401
20250323,4,10,401
20250330,4,10,406
20250406,4,10,400
20250413,4,10,408
20250420,4,10,405
20250427,4,10,378
20250504,4,10,345
20250511,4,10,356
20250518,4,10,324
20250525,4,10,317
20250601,4,10,288
20250608,4,10,296
20250615,4,10,288
20250622,4,10,290
20250629,4,10,267
20250706,4,10,256
20250713,4,10,248
20250720,4,10,221
20250727,4,10,181
20250803,4,10,144
20250810,4,10,134
20250817,4,10,107
20250824,4,10,118
20250831,4,10,128
20250907,4,10,139
20250914,4,10,111
20250921,4,10,123
20250928,4,10,93
20251005,4,10,72
20251012,4,10,67
20251019,4,10,72
20251026,4,10,47
20251102,4,10,37
20251109,4,10,45
20251116,4,10,311
20251123,4,10,307
20251130,4,10,285
20251207,4,10,261
20251214,4,10,261
20251221,4,10,225
20251228,4,10,233
20260104,4,10,221
20260111,4,10,182
20260118,4,10,189
20260125,4,10,182
20260201,4,10,142
20260208,4,10,113
20260215,4,10,85
20260222,4,10,66
20260301,4,10,51
20260308,4,10,280
20260315,4,10,244
20260322,4,10,246
20260329,4,10,236
20260405,4,10,210
20260412,4,10,170
20260419,4,10,173
20260426,4,10,160
20260503,4,10,142
20260510,4,10,102
20260517,4,10,106
20260524,4,10,88
20260531,4,10,56
20260607,4,10,31
20260614,4,10,113
20260621,4,10,87
20260628,4,10,54
20260705,4,10,45
20260712,4,10,46
20260719,4,10,58
20260726,4,10,70
20260802,4,10,79
20260809,4,10,53
20260816,4,10,164
20260823,4,10,139
20250105,4,11,113
20250112,4,11,85
20250119,4,11,71
20250126,4,11,84
20250202,4,11,49
20250209,4,11,63
20250216,4,11,74
20250223,4,11,53
20250302,4,11,63
20250309,4,11,64
20250316,4,11,64
20250323,4,11,59
20250330,4,11,70
20250406,4,11,71
20250413,4,11,74
20250420,4,11,38
20250427,4,11,275
20250504,4,11,279
20250511,4,11,281
20250518,4,11,287
20250525,4,11,257
20250601,4,11,271
20250608,4,11,257
20250615,4,11,268
20250622,4,11,275
20250629,4,11,286
20250706,4,11,293
20250713,4,11,273
20250720,4,11,269
20250727,4,11,232
20250803,4,11,242
20250810,4,11,219
20250817,4,11,191
20250824,4,11,183
20250831,4,11,154
20250907,4,11,132
20250914,4,11,101
20250921,4,11,76
20250928,4,11,58
20251005,4,11,190
20251012,4,11,182
20251019,4,11,158
20251026,4,11,157
20251102,4,11,121
20251109,4,11,84
20251116,4,11,82
20251123,4,11,91
20251130,4,11,101
20251207,4,11,95
20251214,4,11,62
20251221,4,11,309
20251228,4,11,285
20260104,4,11,297
20260111,4,11,305
20260118,4,11,312
20260125,4,11,308
20260201,4,11,291
20260208,4,11,282
20260215,4,11,296
20260222,4,11,267
20260301,4,11,240
20260308,4,11,227
20260315,4,11,229
20260322,4,11,204
20260329,4,11,183
20260405,4,11,195
20260412,4,11,207
20260419,4,11,217
20260426,4,11,231
20260503,4,11,221
20260510,4,11,182
20260517,4,11,193
20260524,4,11,191
20260531,4,11,171
20260607,4,11,162
20260614,4,11,123
20260621,4,11,94
20260628,4,11,86
20260705,4,11,78
20260712,4,11,66
20260719,4,11,37
20260726,4,11,286
20260802,4,11,296
20260809,4,11,291
20260816,4,11,278
20260823,4,11,246
20250105,4,12,339
20250112,4,12,352
20250119,4,12,332
20250126,4,12,338
20250202,4,12,314
20250209,4,12,284
20250216,4,12,268
20250223,4,12,250
20250302,4,12,237
20250309,4,12,248
20250316,4,12,220
20250323,4,12,194
20250330,4,12,174
20250406,4,12,148
20250413,4,12,115
20250420,4,12,115
20250427,4,12,82
20250504,4,12,53
20250511,4,12,45
20250518,4,12,243
20250525,4,12,248
20250601,4,12,229
20250608,4,12,232
20250615,4,12,211
20250622,4,12,201
20250629,4,12,164
20250706,4,12,152
20250713,4,12,133
20250720,4,12,104
20250727,4,12,64
20250803,4,12,238
20250810,4,12,235
20250817,4,12,195
20250824,4,12,192
20250831,4,12,184
20250907,4,12,167
20250914,4,12,174
20250921,4,12,141
20250928,4,12,116
20251005,4,12,79
20251012,4,12,59
20251019,4,12,70
20251026,4,12,64
20251102,4,12,31
20251109,4,12,32
20251116,4,12,42
20251123,4,12,260
20251130,4,12,237
20251207,4,12,236
20251214,4,12,225
20251221,4,12,191
20251228,4,12,191
20260104,4,12,203
20260111,4,12,207
20260118,4,12,194
20260125,4,12,158
20260201,4,12,152
20260208,4,12,125
20260215,4,12,111
20260222,4,12,112
20260301,4,12,105
20260308,4,12,75
20260315,4,12,78
20260322,4,12,38
20260329,4,12,261
20260405,4,12,248
20260412,4,12,232
20260419,4,12,236
20260426,4,12,208
20260503,4,12,187
20260510,4,12,188
20260517,4,12,203
20260524,4,12,184
20260531,4,12,159
20260607,4,12,164
20260614,4,12,171
20260621,4,12,138
20260628,4,12,146
20260705,4,12,132
20260712,4,12,104
20260719,4,12,75
20260726,4,12,88
20260802,4,12,52
20260809,4,12,51
20260816,4,12,160
20260823,4,12,140
20250105,4,13,208
20250112,4,13,202
20250119,4,13,170
20250126,4,13,184
20250202,4,13,189
20250209,4,13,159
20250216,4,13,152
20250223,4,13,150
20250302,4,13,138
20250309,4,13,115
20250316,4,13,126
20250323,4,13,107
20250330,4,13,113
20250406,4,13,94
20250413,4,13,70
20250420,4,13,45
20250427,4,13,139
20250504,4,13,125
20250511,4,13,118
20250518,4,13,118
20250525,4,13,87
20250601,4,13,72
20250608,4,13,77
20250615,4,13,85
20250622,4,13,96
20250629,4,13,99
20250706,4,13,90
20250713,4,13,75
20250720,4,13,84
20250727,4,13,89
20250803,4,13,85
20250810,4,13,55
20250817,4,13,58
20250824,4,13,65
20250831,4,13,48
20250907,4,13,240
20250914,4,13,232
20250921,4,13,209
20250928,4,13,213
20251005,4,13,207
20251012,4,13,194
20251019,4,13,164
20251026,4,13,166
20251102,4,13,148
20251109,4,13,151
20251116,4,13,127
20251123,4,13,121
20251130,4,13,81
20251207,4,13,84
20251214,4,13,77
20251221,4,13,52
20251228,4,13,194
20260104,4,13,191
20260111,4,13,181
20260118,4,13,192
20260125,4,13,153
20260201,4,13,152
20260208,4,13,119
20260215,4,13,100
20260222,4,13,75
20260301,4,13,70
20260308,4,13,65
20260315,4,13,67
20260322,4,13,37
20260329,4,13,45
20260405,4,13,174
20260412,4,13,168
20260419,4,13,137
20260426,4,13,141
20260503,4,13,136
20260510,4,13,128
20260517,4,13,124
20260524,4,13,95
20260531,4,13,85
20260607,4,13,47
20260614,4,13,51
20260621,4,13,128
20260628,4,13,92
20260705,4,13,61
20260712,4,13,41
20260719,4,13,172
20260726,4,13,160
20260802,4,13,165
20260809,4,13,131
20260816,4,13,129
20260823,4,13,141
20250105,4,14,231
20250112,4,14,220
20250119,4,14,212
20250126,4,14,207
20250202,4,14,173
20250209,4,14,157
20250216,4,14,168
20250223,4,14,130
20250302,4,14,142
20250309,4,14,102
20250316,4,14,62
20250323,4,14,33
20250330,4,14,112
20250406,4,14,112
20250413,4,14,74
20250420,4,14,65
20250427,4,14,32
20250504,4,14,276
20250511,4,14,238
20250518,4,14,213
20250525,4,14,182
20250601,4,14,193
20250608,4,14,188
20250615,4,14,184
20250622,4,14,144
20250629,4,14,156
20250706,4,14,127
20250713,4,14,140
20250720,4,14,144
20250727,4,14,117
20250803,4,14,82
20250810,4,14,71
20250817,4,14,71
20250824,4,14,76
20250831,4,14,39
20250907,4,14,45
20250914,4,14,59
20250921,4,14,302
20250928,4,14,312
20251005,4,14,313
20251012,4,14,284
20251019,4,14,297
20251026,4,14,299
20251102,4,14,287
20251109,4,14,265
20251116,4,14,229
20251123,4,14,213
20251130,4,14,215
20251207,4,14,227
20251214,4,14,232
20251221,4,14,229
20251228,4,14,212
20260104,4,14,226
20260111,4,14,238
20260118,4,14,231
20260125,4,14,212
20260201,4,14,221
20260208,4,14,189
20260215,4,14,189
20260222,4,14,168
20260301,4,14,152
20260308,4,14,158
20260315,4,14,119
20260322,4,14,98
20260329,4,14,77
20260405,4,14,69
20260412,4,14,80
20260419,4,14,43
20260426,4,14,37
20260503,4,14,142
20260510,4,14,152
20260517,4,14,152
20260524,4,14,158
20260531,4,14,122
20260607,4,14,114
20260614,4,14,75
20260621,4,14,75
20260628,4,14,77
20260705,4,14,68
20260712,4,14,63
20260719,4,14,46
20260726,4,14,38
20260802,4,14,48
20260809,4,14,56
20260816,4,14,42
20260823,4,14,284
20250105,4,15,110
20250112,4,15,113
20250119,4,15,96
20250126,4,15,95
20250202,4,15,95
20250209,4,15,86
20250216,4,15,52
20250223,4,15,54
20250302,4,15,63
20250309,4,15,56
20250316,4,15,63
20250323,4,15,76
20250330,4,15,75
20250406,4,15,61
20250413,4,15,62
20250420,4,15,77
20250427,4,15,78
20250504,4,15,90
20250511,4,15,54
20250518,4,15,254
20250525,4,15,267
20250601,4,15,237
20250608,4,15,251
20250615,4,15,251
20250622,4,15,247
20250629,4,15,251
20250706,4,15,253
20250713,4,15,264
20250720,4,15,262
20250727,4,15,264
20250803,4,15,277
20250810,4,15,267
20250817,4,15,257
20250824,4,15,220
20250831,4,15,231
20250907,4,15,208
20250914,4,15,169
20250921,4,15,133
20250928,4,15,93
20251005,4,15,80
20251012,4,15,73
20251019,4,15,83
20251026,4,15,58
20251102,4,15,44
20251109,4,15,315
20251116,4,15,278
20251123,4,15,251
20251130,4,15,260
20251207,4,15,271
20251214,4,15,252
20251221,4,15,239
20251228,4,15,252
20260104,4,15,241
20260111,4,15,243
20260118,4,15,249
20260125,4,15,218
20260201,4,15,221
20260208,4,15,200
20260215,4,15,204
20260222,4,15,182
20260301,4,15,156
20260308,4,15,121
20260315,4,15,126
20260322,4,15,97
20260329,4,15,87
20260405,4,15,47
20260412,4,15,287
20260419,4,15,248
20260426,4,15,224
20260503,4,15,218
20260510,4,15,181
20260517,4,15,158
20260524,4,15,141
20260531,4,15,136
20260607,4,15,122
20260614,4,15,134
20260621,4,15,120
20260628,4,15,109
20260705,4,15,121
20260712,4,15,123
20260719,4,15,91
20260726,4,15,95
20260802,4,15,93
20260809,4,15,96
20260816,4,15,93
20260823,4,15,71
20250105,4,16,126
20250112,4,16,115
20250119,4,16,104
20250126,4,16,85
20250202,4,16,76
20250209,4,16,71
20250216,4,16,77
20250223,4,16,45
20250302,4,16,58
20250309,4,16,41
20250316,4,16,133
20250323,4,16,111
20250330,4,16,85
20250406,4,16,63
20250413,4,16,62
20250420,4,16,60
20250427,4,16,54
20250504,4,16,69
20250511,4,16,59
20250518,4,16,41
20250525,4,16,139
20250601,4,16,116
20250608,4,16,105
20250615,4,16,105
20250622,4,16,75
20250629,4,16,89
20250706,4,16,97
20250713,4,16,62
20250720,4,16,54
20250727,4,16,66
20250803,4,16,175
20250810,4,16,142
20250817,4,16,123
20250824,4,16,133
20250831,4,16,106
20250907,4,16,83
20250914,4,16,72
20250921,4,16,41
20250928,4,16,323
20251005,4,16,290
20251012,4,16,287
20251019,4,16,258
20251026,4,16,224
20251102,4,16,238
20251109,4,16,249
20251116,4,16,263
20251123,4,16,235
20251130,4,16,201
20251207,4,16,201
20251214,4,16,176
20251221,4,16,169
20251228,4,16,155
20260104,4,16,136
20260111,4,16,98
20260118,4,16,109
20260125,4,16,84
20260201,4,16,56
20260208,4,16,61
20260215,4,16,39
20260222,4,16,44
20260301,4,16,51
20260308,4,16,38
20260315,4,16,221
20260322,4,16,195
20260329,4,16,182
20260405,4,16,188
20260412,4,16,161
20260419,4,16,157
20260426,4,16,163
20260503,4,16,159
20260510,4,16,143
20260517,4,16,127
20260524,4,16,88
20260531,4,16,64
20260607,4,16,63
20260614,4,16,37
20260621,4,16,189
20260628,4,16,160
20260705,4,16,142
20260712,4,16,135
20260719,4,16,149
20260726,4,16,154
20260802,4,16,135
20260809,4,16,132
20260816,4,16,97
20260823,4,16,61
20250105,4,17,343
20250112,4,17,353
20250119,4,17,336
20250126,4,17,297
20250202,4,17,310
20250209,4,17,313
20250216,4,17,309
20250223,4,17,304
20250302,4,17,282
20250309,4,17,253
20250316,4,17,216
20250323,4,17,202
20250330,4,17,167
20250406,4,17,165
20250413,4,17,179
20250420,4,17,169
20250427,4,17,175
20250504,4,17,140
20250511,4,17,146
20250518,4,17,148
20250525,4,17,119
20250601,4,17,128
20250608,4,17,127
20250615,4,17,121
20250622,4,17,92
20250629,4,17,93
20250706,4,17,100
20250713,4,17,60
20250720,4,17,63
20250727,4,17,191
20250803,4,17,200
20250810,4,17,196
20250817,4,17,187
20250824,4,17,148
20250831,4,17,110
20250907,4,17,121
20250914,4,17,100
20250921,4,17,60
20250928,4,17,177
20251005,4,17,188
20251012,4,17,187
20251019,4,17,160
20251026,4,17,146
20251102,4,17,129
20251109,4,17,140
20251116,4,17,127
20251123,4,17,110
20251130,4,17,89
20251207,4,17,104
20251214,4,17,70
20251221,4,17,54
20251228,4,17,47
20260104,4,17,182
20260111,4,17,159
20260118,4,17,119
20260125,4,17,122
20260201,4,17,133
20260208,4,17,119
20260215,4,17,84
20260222,4,17,90
20260301,4,17,73
20260308,4,17,56
20260315,4,17,44
20260322,4,17,33
20260329,4,17,175
20260405,4,17,170
20260412,4,17,131
20260419,4,17,95
20260426,4,17,77
20260503,4,17,68
20260510,4,17,33
20260517,4,17,33
20260524,4,17,214
20260531,4,17,185
20260607,4,17,150
20260614,4,17,147
20260621,4,17,140
20260628,4,17,154
20260705,4,17,118
20260712,4,17,80
20260719,4,17,55
20260726,4,17,51
20260802,4,17,62
20260809,4,17,233
20260816,4,17,245
20260823,4,17,238
20250105,4,18,471
20250112,4,18,460
20250119,4,18,473
20250126,4,18,453
20250202,4,18,466
20250209,4,18,437
20250216,4,18,415
20250223,4,18,395
20250302,4,18,402
20250309,4,18,403
20250316,4,18,373
20250323,4,18,363
20250330,4,18,349
20250406,4,18,364
20250413,4,18,346
20250420,4,18,330
20250427,4,18,331
20250504,4,18,310
20250511,4,18,320
20250518,4,18,307
20250525,4,18,287
20250601,4,18,260
20250608,4,18,264
20250615,4,18,279
20250622,4,18,244
20250629,4,18,244
20250706,4,18,220
20250713,4,18,180
20250720,4,18,141
20250727,4,18,131
20250803,4,18,107
20250810,4,18,102
20250817,4,18,88
20250824,4,18,59
20250831,4,18,59
20250907,4,18,204
20250914,4,18,209
20250921,4,18,175
20250928,4,18,154
20251005,4,18,156
20251012,4,18,161
20251019,4,18,148
20251026,4,18,114
20251102,4,18,124
20251109,4,18,85
20251116,4,18,95
20251123,4,18,76
20251130,4,18,48
20251207,4,18,50
20251214,4,18,50
20251221,4,18,55
20251228,4,18,245
20260104,4,18,249
20260111,4,18,236
20260118,4,18,217
20260125,4,18,196
20260201,4,18,194
20260208,4,18,178
20260215,4,18,150
20260222,4,18,158
20260301,4,18,128
20260308,4,18,117
20260315,4,18,114
20260322,4,18,122
20260329,4,18,94
20260405,4,18,77
20260412,4,18,41
20260419,4,18,239
20260426,4,18,243
20260503,4,18,204
20260510,4,18,191
20260517,4,18,195
20260524,4,18,169
20260531,4,18,183
20260607,4,18,154
20260614,4,18,144
20260621,4,18,113
20260628,4,18,77
20260705,4,18,71
20260712,4,18,53
20260719,4,18,176
20260726,4,18,171
20260802,4,18,132
20260809,4,18,93
20260816,4,18,66
20260823,4,18,78
20250105,4,19,269
20250112,4,19,270
20250119,4,19,243
20250126,4,19,227
20250202,4,19,193
20250209,4,19,203
20250216,4,19,215
20250223,4,19,207
20250302,4,19,220
20250309,4,19,215
20250316,4,19,186
20250323,4,19,197
20250330,4,19,205
20250406,4,19,218
20250413,4,19,223
20250420,4,19,235
20250427,4,19,195
20250504,4,19,185
20250511,4,19,188
20250518,4,19,161
20250525,4,19,167
20250601,4,19,169
20250608,4,19,131
20250615,4,19,112
20250622,4,19,87
20250629,4,19,94
20250706,4,19,94
20250713,4,19,91
20250720,4,19,82
20250727,4,19,87
20250803,4,19,95
20250810,4,19,103
20250817,4,19,92
20250824,4,19,79
20250831,4,19,85
20250907,4,19,55
20250914,4,19,56
20250921,4,19,45
20250928,4,19,48
20251005,4,19,55
20251012,4,19,64
20251019,4,19,33
20251026,4,19,126
20251102,4,19,98
20251109,4,19,106
20251116,4,19,121
20251123,4,19,135
20251130,4,19,141
20251207,4,19,135
20251214,4,19,96
20251221,4,19,106
20251228,4,19,118
20260104,4,19,106
20260111,4,19,80
20260118,4,19,73
20260125,4,19,50
20260201,4,19,193
20260208,4,19,201
20260215,4,19,174
20260222,4,19,143
20260301,4,19,110
20260308,4,19,117
20260315,4,19,106
20260322,4,19,117
20260329,4,19,124
20260405,4,19,98
20260412,4,19,79
20260419,4,19,43
20260426,4,19,49
20260503,4,19,42
20260510,4,19,156
20260517,4,19,145
20260524,4,19,159
20260531,4,19,133
20260607,4,19,112
20260614,4,19,97
20260621,4,19,64
20260628,4,19,38
20260705,4,19,202
20260712,4,19,175
20260719,4,19,171
20260726,4,19,147
20260802,4,19,140
20260809,4,19,111
20260816,4,19,105
20260823,4,19,117
20250105,4,20,452
20250112,4,20,453
20250119,4,20,414
20250126,4,20,424
20250202,4,20,415
20250209,4,20,390
20250216,4,20,384
20250223,4,20,391
20250302,4,20,405
20250309,4,20,368
20250316,4,20,361
20250323,4,20,370
20250330,4,20,371
20250406,4,20,364
20250413,4,20,366
20250420,4,20,342
20250427,4,20,344
20250504,4,20,348
20250511,4,20,340
20250518,4,20,340
20250525,4,20,328
20250601,4,20,302
20250608,4,20,314
20250615,4,20,306
20250622,4,20,277
20250629,4,20,270
20250706,4,20,264
20250713,4,20,274
20250720,4,20,284
20250727,4,20,273
20250803,4,20,276
20250810,4,20,258
20250817,4,20,250
20250824,4,20,241
20250831,4,20,240
20250907,4,20,222
20250914,4,20,226
20250921,4,20,237
20250928,4,20,220
20251005,4,20,218
20251012,4,20,228
20251019,4,20,192
20251026,4,20,157
20251102,4,20,117
20251109,4,20,126
20251116,4,20,117
20251123,4,20,119
20251130,4,20,119
20251207,4,20,90
20251214,4,20,97
20251221,4,20,58
20251228,4,20,65
20260104,4,20,186
20260111,4,20,176
20260118,4,20,141
20260125,4,20,131
20260201,4,20,113
20260208,4,20,113
20260215,4,20,85
20260222,4,20,73
20260301,4,20,69
20260308,4,20,58
20260315,4,20,72
20260322,4,20,52
20260329,4,20,45
20260405,4,20,44
20260412,4,20,30
20260419,4,20,205
20260426,4,20,220
20260503,4,20,219
20260510,4,20,227
20260517,4,20,191
20260524,4,20,200
20260531,4,20,161
20260607,4,20,137
20260614,4,20,142
20260621,4,20,116
20260628,4,20,131
20260705,4,20,124
20260712,4,20,102
20260719,4,20,88
20260726,4,20,56
20260802,4,20,33
20260809,4,20,34
20260816,4,20,32
20260823,4,20,301
20250105,4,21,102
20250112,4,21,116
20250119,4,21,107
20250126,4,21,95
20250202,4,21,109
20250209,4,21,108
20250216,4,21,74
20250223,4,21,45
20250302,4,21,41
20250309,4,21,35
20250316,4,21,152
20250323,4,21,122
20250330,4,21,102
20250406,4,21,98
20250413,4,21,113
20250420,4,21,103
20250427,4,21,105
20250504,4,21,82
20250511,4,21,65
20250518,4,21,43
20250525,4,21,40
20250601,4,21,38
20250608,4,21,219
20250615,4,21,198
20250622,4,21,178
20250629,4,21,189
20250706,4,21,178
20250713,4,21,168
20250720,4,21,154
20250727,4,21,145
20250803,4,21,137
20250810,4,21,127
20250817,4,21,104
20250824,4,21,112
20250831,4,21,77
20250907,4,21,54
20250914,4,21,69
20250921,4,21,43
20250928,4,21,228
20251005,4,21,226
20251012,4,21,217
20251019,4,21,192
20251026,4,21,200
20251102,4,21,192
20251109,4,21,189
20251116,4,21,191
20251123,4,21,190
20251130,4,21,157
20251207,4,21,150
20251214,4,21,138
20251221,4,21,122
20251228,4,21,106
20260104,4,21,97
20260111,4,21,106
20260118,4,21,71
20260125,4,21,35
20260201,4,21,184
20260208,4,21,197
20260215,4,21,208
20260222,4,21,220
20260301,4,21,196
20260308,4,21,193
20260315,4,21,170
20260322,4,21,159
20260329,4,21,120
20260405,4,21,129
20260412,4,21,98
20260419,4,21,91
20260426,4,21,58
20260503,4,21,41
20260510,4,21,275
20260517,4,21,245
20260524,4,21,252
20260531,4,21,246
20260607,4,21,258
20260614,4,21,272
20260621,4,21,244
20260628,4,21,228
20260705,4,21,225
20260712,4,21,239
20260719,4,21,216
20260726,4,21,223
20260802,4,21,228
20260809,4,21,205
20260816,4,21,200
20260823,4,21,214
20250105,4,22,191
20250112,4,22,189
20250119,4,22,151
20250126,4,22,154
20250202,4,22,115
20250209,4,22,109
20250216,4,22,116
20250223,4,22,77
20250302,4,22,54
20250309,4,22,33
20250316,4,22,47
20250323,4,22,144
20250330,4,22,130
20250406,4,22,99
20250413,4,22,70
20250420,4,22,44
20250427,4,22,56
20250504,4,22,38
20250511,4,22,51
20250518,4,22,64
20250525,4,22,49
20250601,4,22,40
20250608,4,22,33
20250615,4,22,139
20250622,4,22,131
20250629,4,22,139
20250706,4,22,140
20250713,4,22,136
20250720,4,22,97
20250727,4,22,109
20250803,4,22,113
20250810,4,22,121
20250817,4,22,132
20250824,4,22,122
20250831,4,22,90
20250907,4,22,63
20250914,4,22,39
20250921,4,22,279
20250928,4,22,270
20251005,4,22,242
20251012,4,22,244
20251019,4,22,239
20251026,4,22,223
20251102,4,22,217
20251109,4,22,189
20251116,4,22,162
20251123,4,22,122
20251130,4,22,110
20251207,4,22,124
20251214,4,22,90
20251221,4,22,69
20251228,4,22,84
20260104,4,22,92
20260111,4,22,91
20260118,4,22,104
20260125,4,22,82
20260201,4,22,64
20260208,4,22,166
20260215,4,22,155
20260222,4,22,116
20260301,4,22,90
20260308,4,22,54
20260315,4,22,32
20260322,4,22,227
20260329,4,22,205
20260405,4,22,166
20260412,4,22,143
20260419,4,22,105
20260426,4,22,120
20260503,4,22,82
20260510,4,22,43
20260517,4,22,143
20260524,4,22,103
20260531,4,22,82
20260607,4,22,69
20260614,4,22,72
20260621,4,22,39
20260628,4,22,188
20260705,4,22,165
20260712,4,22,175
20260719,4,22,189
20260726,4,22,184
20260802,4,22,196
20260809,4,22,161
20260816,4,22,175
20260823,4,22,190
20250105,4,23,478
20250112,4,23,445
20250119,4,23,432
20250126,4,23,422
20250202,4,23,396
20250209,4,23,396
20250216,4,23,405
20250223,4,23,417
20250302,4,23,432
20250309,4,23,440
20250316,4,23,410
20250323,4,23,420
20250330,4,23,426
20250406,4,23,390
20250413,4,23,374
20250420,4,23,364
20250427,4,23,357
20250504,4,23,332
20250511,4,23,300
20250518,4,23,274
20250525,4,23,275
20250601,4,23,275
20250608,4,23,248
20250615,4,23,261
20250622,4,23,262
20250629,4,23,251
20250706,4,23,252
20250713,4,23,225
20250720,4,23,220
20250727,4,23,187
20250803,4,23,147
20250810,4,23,109
20250817,4,23,89
20250824,4,23,80
20250831,4,23,93
20250907,4,23,82
20250914,4,23,71
20250921,4,23,38
20250928,4,23,32
20251005,4,23,36
20251012,4,23,32
20251019,4,23,46
20251026,4,23,300
20251102,4,23,312
20251109,4,23,296
20251116,4,23,273
20251123,4,23,236
20251130,4,23,224
20251207,4,23,198
20251214,4,23,183
20251221,4,23,170
20251228,4,23,153
20260104,4,23,133
20260111,4,23,131
20260118,4,23,142
20260125,4,23,119
20260201,4,23,89
20260208,4,23,86
20260215,4,23,85
20260222,4,23,85
20260301,4,23,94
20260308,4,23,76
20260315,4,23,66
20260322,4,23,60
20260329,4,23,152
20260405,4,23,116
20260412,4,23,121
20260419,4,23,116
20260426,4,23,105
20260503,4,23,82
20260510,4,23,85
20260517,4,23,95
20260524,4,23,100
20260531,4,23,86
20260607,4,23,57
20260614,4,23,43
20260621,4,23,54
20260628,4,23,43
20260705,4,23,119
20260712,4,23,97
20260719,4,23,66
20260726,4,23,67
20260802,4,23,71
20260809,4,23,31
20260816,4,23,33
20260823,4,23,256
20250105,4,24,103
20250112,4,24,106
20250119,4,24,92
20250126,4,24,95
20250202,4,24,55
20250209,4,24,40
20250216,4,24,144
20250223,4,24,123
20250302,4,24,84
20250309,4,24,44
20250316,4,24,32
20250323,4,24,130
20250330,4,24,129
20250406,4,24,101
20250413,4,24,99
20250420,4,24,90
20250427,4,24,86
20250504,4,24,63
20250511,4,24,56
20250518,4,24,55
20250525,4,24,62
20250601,4,24,65
20250608,4,24,56
20250615,4,24,55
20250622,4,24,258
20250629,4,24,246
20250706,4,24,231
20250713,4,24,200
20250720,4,24,212
20250727,4,24,212
20250803,4,24,198
20250810,4,24,186
20250817,4,24,198
20250824,4,24,175
20250831,4,24,169
20250907,4,24,153
20250914,4,24,152
20250921,4,24,124
20250928,4,24,130
20251005,4,24,119
20251012,4,24,134
20251019,4,24,134
20251026,4,24,133
20251102,4,24,98
20251109,4,24,78
20251116,4,24,88
20251123,4,24,92
20251130,4,24,55
20251207,4,24,65
20251214,4,24,39
20251221,4,24,238
20251228,4,24,223
20260104,4,24,191
20260111,4,24,197
20260118,4,24,165
20260125,4,24,167
20260201,4,24,146
20260208,4,24,144
20260215,4,24,146
20260222,4,24,133
20260301,4,24,144
20260308,4,24,110
20260315,4,24,98
20260322,4,24,65
20260329,4,24,38
20260405,4,24,38
20260412,4,24,37
20260419,4,24,307
20260426,4,24,306
20260503,4,24,315
20260510,4,24,298
20260517,4,24,308
20260524,4,24,313
20260531,4,24,301
20260607,4,24,290
20260614,4,24,291
20260621,4,24,267
20260628,4,24,229
20260705,4,24,198
20260712,4,24,198
20260719,4,24,187
20260726,4,24,152
20260802,4,24,149
20260809,4,24,120
20260816,4,24,135
20260823,4,24,126
20250105,4,25,384
20250112,4,25,354
20250119,4,25,326
20250126,4,25,324
20250202,4,25,326
20250209,4,25,290
20250216,4,25,291
20250223,4,25,251
20250302,4,25,231
20250309,4,25,236
20250316,4,25,247
20250323,4,25,262
20250330,4,25,244
20250406,4,25,226
20250413,4,25,220
20250420,4,25,228
20250427,4,25,227
20250504,4,25,241
20250511,4,25,218
20250518,4,25,190
20250525,4,25,194
20250601,4,25,188
20250608,4,25,182
20250615,4,25,143
20250622,4,25,138
20250629,4,25,120
20250706,4,25,131
20250713,4,25,130
20250720,4,25,96
20250727,4,25,101
20250803,4,25,77
20250810,4,25,76
20250817,4,25,79
20250824,4,25,50
20250831,4,25,228
20250907,4,25,242
20250914,4,25,231
20250921,4,25,231
20250928,4,25,192
20251005,4,25,173
20251012,4,25,139
20251019,4,25,105
20251026,4,25,71
20251102,4,25,40
20251109,4,25,291
20251116,4,25,278
20251123,4,25,274
20251130,4,25,257
20251207,4,25,266
20251214,4,25,230
20251221,4,25,243
20251228,4,25,246
20260104,4,25,207
20260111,4,25,169
20260118,4,25,151
20260125,4,25,146
20260201,4,25,123
20260208,4,25,92
20260215,4,25,71
20260222,4,25,34
20260301,4,25,145
20260308,4,25,155
20260315,4,25,137
20260322,4,25,107
20260329,4,25,116
20260405,4,25,97
20260412,4,25,84
20260419,4,25,88
20260426,4,25,75
20260503,4,25,55
20260510,4,25,70
20260517,4,25,82
20260524,4,25,61
20260531,4,25,67
20260607,4,25,259
20260614,4,25,268
20260621,4,25,281
20260628,4,25,291
20260705,4,25,253
20260712,4,25,257
20260719,4,25,271
20260726,4,25,269
20260802,4,25,277
20260809,4,25,267
20260816,4,25,265
20260823,4,25,253
20250105,4,26,445
20250112,4,26,430
20250119,4,26,399
20250126,4,26,412
20250202,4,26,419
20250209,4,26,406
20250216,4,26,377
20250223,4,26,368
20250302,4,26,367
20250309,4,26,377
20250316,4,26,349
20250323,4,26,322
20250330,4,26,321
20250406,4,26,291
20250413,4,26,292
20250420,4,26,274
20250427,4,26,285
20250504,4,26,283
20250511,4,26,266
20250518,4,26,241
20250525,4,26,225
20250601,4,26,213
20250608,4,26,202
20250615,4,26,187
20250622,4,26,178
20250629,4,26,139
20250706,4,26,114
20250713,4,26,79
20250720,4,26,40
20250727,4,26,35
20250803,4,26,148
20250810,4,26,151
20250817,4,26,113
20250824,4,26,112
20250831,4,26,88
20250907,4,26,98
20250914,4,26,90
20250921,4,26,76
20250928,4,26,68
20251005,4,26,32
20251012,4,26,213
20251019,4,26,223
20251026,4,26,217
20251102,4,26,204
20251109,4,26,213
20251116,4,26,228
20251123,4,26,241
20251130,4,26,209
20251207,4,26,193
20251214,4,26,172
20251221,4,26,164
20251228,4,26,132
20260104,4,26,93
20260111,4,26,55
20260118,4,26,155
20260125,4,26,125
20260201,4,26,118
20260208,4,26,124
20260215,4,26,135
20260222,4,26,97
20260301,4,26,91
20260308,4,26,59
20260315,4,26,189
20260322,4,26,169
20260329,4,26,157
20260405,4,26,148
20260412,4,26,139
20260419,4,26,142
20260426,4,26,156
20260503,4,26,131
20260510,4,26,140
20260517,4,26,148
20260524,4,26,118
20260531,4,26,89
20260607,4,26,98
20260614,4,26,64
20260621,4,26,318
20260628,4,26,302
20260705,4,26,290
20260712,4,26,284
20260719,4,26,287
20260726,4,26,281
20260802,4,26,281
20260809,4,26,260
20260816,4,26,226
20260823,4,26,209
20250105,4,27,312
20250112,4,27,324
20250119,4,27,323
20250126,4,27,291
20250202,4,27,281
20250209,4,27,279
20250216,4,27,252
20250223,4,27,228
20250302,4,27,206
20250309,4,27,212
20250316,4,27,187
20250323,4,27,155
20250330,4,27,134
20250406,4,27,109
20250413,4,27,86
20250420,4,27,69
20250427,4,27,135
20250504,4,27,96
20250511,4,27,98
20250518,4,27,94
20250525,4,27,77
20250601,4,27,62
20250608,4,27,68
20250615,4,27,75
20250622,4,27,69
20250629,4,27,65
20250706,4,27,74
20250713,4,27,38
20250720,4,27,46
20250727,4,27,312
20250803,4,27,305
20250810,4,27,312
20250817,4,27,273
20250824,4,27,265
20250831,4,27,276
20250907,4,27,236
20250914,4,27,245
20250921,4,27,233
20250928,4,27,227
20251005,4,27,227
20251012,4,27,224
20251019,4,27,193
20251026,4,27,190
20251102,4,27,173
20251109,4,27,176
20251116,4,27,179
20251123,4,27,166
20251130,4,27,169
20251207,4,27,173
20251214,4,27,163
20251221,4,27,131
20251228,4,27,93
20260104,4,27,96
20260111,4,27,69
20260118,4,27,56
20260125,4,27,45
20260201,4,27,38
20260208,4,27,31
20260215,4,27,43
20260222,4,27,50
20260301,4,27,39
20260308,4,27,130
20260315,4,27,144
20260322,4,27,116
20260329,4,27,97
20260405,4,27,77
20260412,4,27,40
20260419,4,27,166
20260426,4,27,160
20260503,4,27,172
20260510,4,27,150
20260517,4,27,164
20260524,4,27,127
20260531,4,27,133
20260607,4,27,148
20260614,4,27,125
20260621,4,27,106
20260628,4,27,115
20260705,4,27,86
20260712,4,27,101
20260719,4,27,72
20260726,4,27,57
20260802,4,27,62
20260809,4,27,60
20260816,4,27,57
20260823,4,27,70
20250105,4,28,461
20250112,4,28,434
20250119,4,28,438
20250126,4,28,416
20250202,4,28,380
20250209,4,28,372
20250216,4,28,373
20250223,4,28,388
20250302,4,28,397
20250309,4,28,393
20250316,4,28,360
20250323,4,28,370
20250330,4,28,377
20250406,4,28,375
20250413,4,28,336
20250420,4,28,335
20250427,4,28,295
20250504,4,28,266
20250511,4,28,266
20250518,4,28,234
20250525,4,28,216
20250601,4,28,195
20250608,4,28,172
20250615,4,28,157
20250622,4,28,162
20250629,4,28,148
20250706,4,28,141
20250713,4,28,125
20250720,4,28,111
20250727,4,28,122
20250803,4,28,137
20250810,4,28,134
20250817,4,28,141
20250824,4,28,149
20250831,4,28,121
20250907,4,28,90
20250914,4,28,69
20250921,4,28,61
20250928,4,28,62
20251005,4,28,42
20251012,4,28,319
20251019,4,28,306
20251026,4,28,282
20251102,4,28,262
20251109,4,28,268
20251116,4,28,268
20251123,4,28,255
20251130,4,28,266
20251207,4,28,259
20251214,4,28,262
20251221,4,28,259
20251228,4,28,238
20260104,4,28,207
20260111,4,28,188
20260118,4,28,184
20260125,4,28,182
20260201,4,28,155
20260208,4,28,163
20260215,4,28,123
20260222,4,28,110
20260301,4,28,106
20260308,4,28,106
20260315,4,28,68
20260322,4,28,62
20260329,4,28,76
20260405,4,28,47
20260412,4,28,50
20260419,4,28,200
20260426,4,28,181
20260503,4,28,153
20260510,4,28,124
20260517,4,28,127
20260524,4,28,94
20260531,4,28,91
20260607,4,28,56
20260614,4,28,47
20260621,4,28,261
20260628,4,28,253
20260705,4,28,246
20260712,4,28,249
20260719,4,28,219
20260726,4,28,228
20260802,4,28,201
20260809,4,28,200
20260816,4,28,179
20260823,4,28,170
20250105,4,29,164
20250112,4,29,150
20250119,4,29,141
20250126,4,29,130
20250202,4,29,139
20250209,4,29,105
20250216,4,29,93
20250223,4,29,80
20250302,4,29,90
20250309,4,29,85
20250316,4,29,70
20250323,4,29,77
20250330,4,29,91
20250406,4,29,82
20250413,4,29,57
20250420,4,29,125
20250427,4,29,114
20250504,4,29,105
20250511,4,29,116
20250518,4,29,95
20250525,4,29,107
20250601,4,29,76
20250608,4,29,81
20250615,4,29,85
20250622,4,29,59
20250629,4,29,62
20250706,4,29,58
20250713,4,29,43
20250720,4,29,44
20250727,4,29,159
20250803,4,29,165
20250810,4,29,139
20250817,4,29,139
20250824,4,29,140
20250831,4,29,151
20250907,4,29,140
20250914,4,29,140
20250921,4,29,143
20250928,4,29,145
20251005,4,29,154
20251012,4,29,148
20251019,4,29,126
20251026,4,29,131
20251102,4,29,97
20251109,4,29,83
20251116,4,29,56
20251123,4,29,125
20251130,4,29,108
20251207,4,29,120
20251214,4,29,125
20251221,4,29,112
20251228,4,29,99
20260104,4,29,97
20260111,4,29,102
20260118,4,29,75
20260125,4,29,66
20260201,4,29,71
20260208,4,29,67
20260215,4,29,54
20260222,4,29,34
20260301,4,29,43
20260308,4,29,261
20260315,4,29,258
20260322,4,29,228
20260329,4,29,198
20260405,4,29,202
20260412,4,29,181
20260419,4,29,152
20260426,4,29,155
20260503,4,29,159
20260510,4,29,123
20260517,4,29,129
20260524,4,29,105
20260531,4,29,108
20260607,4,29,117
20260614,4,29,129
20260621,4,29,123
20260628,4,29,105
20260705,4,29,100
20260712,4,29,81
20260719,4,29,82
20260726,4,29,53
20260802,4,29,245
20260809,4,29,231
20260816,4,29,210
20260823,4,29,197
20250105,4,30,174
20250112,4,30,181
20250119,4,30,143
20250126,4,30,130
20250202,4,30,90
20250209,4,30,94
20250216,4,30,102
20250223,4,30,71
20250302,4,30,63
20250309,4,30,32
20250316,4,30,162
20250323,4,30,169
20250330,4,30,131
20250406,4,30,106
20250413,4,30,77
20250420,4,30,81
20250427,4,30,59
20250504,4,30,61
20250511,4,30,71
20250518,4,30,47
20250525,4,30,153
20250601,4,30,115
20250608,4,30,107
20250615,4,30,83
20250622,4,30,67
20250629,4,30,43
20250706,4,30,190
20250713,4,30,156
20250720,4,30,168
20250727,4,30,149
20250803,4,30,134
20250810,4,30,114
20250817,4,30,113
20250824,4,30,122
20250831,4,30,99
20250907,4,30,82
20250914,4,30,91
20250921,4,30,62
20250928,4,30,238
20251005,4,30,238
20251012,4,30,204
20251019,4,30,176
20251026,4,30,168
20251102,4,30,174
20251109,4,30,137
20251116,4,30,104
20251123,4,30,118
20251130,4,30,128
20251207,4,30,96
20251214,4,30,71
20251221,4,30,34
20251228,4,30,222
20260104,4,30,199
20260111,4,30,176
20260118,4,30,165
20260125,4,30,179
20260201,4,30,141
20260208,4,30,103
20260215,4,30,93
20260222,4,30,97
20260301,4,30,67
20260308,4,30,42
20260315,4,30,44
20260322,4,30,42
20260329,4,30,57
20260405,4,30,318
20260412,4,30,284
20260419,4,30,294
20260426,4,30,303
20260503,4,30,301
20260510,4,30,304
20260517,4,30,283
20260524,4,30,292
20260531,4,30,292
20260607,4,30,289
20260614,4,30,294
20260621,4,30,304
20260628,4,30,283
20260705,4,30,282
20260712,4,30,252
20260719,4,30,236
20260726,4,30,243
20260802,4,30,234
20260809,4,30,208
20260816,4,30,211
20260823,4,30,207
20250105,4,31,303
20250112,4,31,278
20250119,4,31,241
20250126,4,31,201
20250202,4,31,206
20250209,4,31,177
20250216,4,31,174
20250223,4,31,176
20250302,4,31,171
20250309,4,31,155
20250316,4,31,151
20250323,4,31,117
20250330,4,31,116
20250406,4,31,80
20250413,4,31,67
20250420,4,31,34
20250427,4,31,38
20250504,4,31,277
20250511,4,31,258
20250518,4,31,233
20250525,4,31,248
20250601,4,31,219
20250608,4,31,213
20250615,4,31,224
20250622,4,31,224
20250629,4,31,211
20250706,4,31,191
20250713,4,31,202
20250720,4,31,169
20250727,4,31,139
20250803,4,31,140
20250810,4,31,150
20250817,4,31,158
20250824,4,31,130
20250831,4,31,140
20250907,4,31,133
20250914,4,31,120
20250921,4,31,132
20250928,4,31,128
20251005,4,31,91
20251012,4,31,56
20251019,4,31,31
20251026,4,31,30
20251102,4,31,121
20251109,4,31,117
20251116,4,31,112
20251123,4,31,126
20251130,4,31,127
20251207,4,31,117
20251214,4,31,90
20251221,4,31,84
20251228,4,31,74
20260104,4,31,56
20260111,4,31,195
20260118,4,31,169
20260125,4,31,147
20260201,4,31,145
20260208,4,31,148
20260215,4,31,111
20260222,4,31,111
20260301,4,31,105
20260308,4,31,96
20260315,4,31,89
20260322,4,31,66
20260329,4,31,79
20260405,4,31,61
20260412,4,31,46
20260419,4,31,168
20260426,4,31,176
20260503,4,31,157
20260510,4,31,137
20260517,4,31,130
20260524,4,31,92
20260531,4,31,59
20260607,4,31,64
20260614,4,31,64
20260621,4,31,35
20260628,4,31,30
20260705,4,31,175
20260712,4,31,150
20260719,4,31,118
20260726,4,31,106
20260802,4,31,67
20260809,4,31,51
20260816,4,31,55
20260823,4,31,32
20250105,4,32,438
20250112,4,32,425
20250119,4,32,429
20250126,4,32,431
20250202,4,32,437
20250209,4,32,434
20250216,4,32,410
20250223,4,32,385
20250302,4,32,399
20250309,4,32,359
20250316,4,32,334
20250323,4,32,332
20250330,4,32,344
20250406,4,32,352
20250413,4,32,317
20250420,4,32,314
20250427,4,32,300
20250504,4,32,261
20250511,4,32,263
20250518,4,32,235
20250525,4,32,198
20250601,4,32,168
20250608,4,32,146
20250615,4,32,149
20250622,4,32,137
20250629,4,32,139
20250706,4,32,153
20250713,4,32,124
20250720,4,32,91
20250727,4,32,70
20250803,4,32,53
20250810,4,32,279
20250817,4,32,283
20250824,4,32,249
20250831,4,32,226
20250907,4,32,187
20250914,4,32,171
20250921,4,32,153
20250928,4,32,115
20251005,4,32,76
20251012,4,32,40
20251019,4,32,249
20251026,4,32,228
20251102,4,32,219
20251109,4,32,191
20251116,4,32,179
20251123,4,32,151
20251130,4,32,119
20251207,4,32,107
20251214,4,32,100
20251221,4,32,102
20251228,4,32,71
20260104,4,32,46
20260111,4,32,58
20260118,4,32,237
20260125,4,32,236
20260201,4,32,226
20260208,4,32,225
20260215,4,32,238
20260222,4,32,223
20260301,4,32,196
20260308,4,32,171
20260315,4,32,132
20260322,4,32,105
20260329,4,32,89
20260405,4,32,83
20260412,4,32,55
20260419,4,32,70
20260426,4,32,51
20260503,4,32,118
20260510,4,32,100
20260517,4,32,63
20260524,4,32,45
20260531,4,32,258
20260607,4,32,225
20260614,4,32,239
20260621,4,32,253
20260628,4,32,214
20260705,4,32,224
20260712,4,32,233
20260719,4,32,213
20260726,4,32,192
20260802,4,32,187
20260809,4,32,155
20260816,4,32,134
20260823,4,32,121
20250105,4,33,360
20250112,4,33,350
20250119,4,33,326
20250126,4,33,292
20250202,4,33,285
20250209,4,33,250
20250216,4,33,238
20250223,4,33,231
20250302,4,33,196
20250309,4,33,159
20250316,4,33,143
20250323,4,33,142
20250330,4,33,136
20250406,4,33,130
20250413,4,33,90
20250420,4,33,104
20250427,4,33,92
20250504,4,33,79
20250511,4,33,44
20250518,4,33,154
20250525,4,33,154
20250601,4,33,122
20250608,4,33,119
20250615,4,33,129
20250622,4,33,104
20250629,4,33,109
20250706,4,33,92
20250713,4,33,67
20250720,4,33,70
20250727,4,33,49
20250803,4,33,60
20250810,4,33,49
20250817,4,33,204
20250824,4,33,181
20250831,4,33,151
20250907,4,33,142
20250914,4,33,106
20250921,4,33,115
20250928,4,33,91
20251005,4,33,71
20251012,4,33,58
20251019,4,33,37
20251026,4,33,293
20251102,4,33,288
20251109,4,33,299
20251116,4,33,303
20251123,4,33,270
20251130,4,33,247
20251207,4,33,235
20251214,4,33,203
20251221,4,33,180
20251228,4,33,175
20260104,4,33,179
20260111,4,33,170
20260118,4,33,159
20260125,4,33,148
20260201,4,33,136
20260208,4,33,137
20260215,4,33,149
20260222,4,33,127
20260301,4,33,135
20260308,4,33,108
20260315,4,33,97
20260322,4,33,68
20260329,4,33,77
20260405,4,33,82
20260412,4,33,55
20260419,4,33,51
20260426,4,33,250
20260503,4,33,221
20260510,4,33,213
20260517,4,33,223
20260524,4,33,214
20260531,4,33,204
20260607,4,33,210
20260614,4,33,209
20260621,4,33,201
20260628,4,33,196
20260705,4,33,177
20260712,4,33,165
20260719,4,33,144
20260726,4,33,153
20260802,4,33,116
20260809,4,33,131
20260816,4,33,139
20260823,4,33,131
20250105,4,34,240
20250112,4,34,241
20250119,4,34,246
20250126,4,34,212
20250202,4,34,212
20250209,4,34,227
20250216,4,34,201
20250223,4,34,190
20250302,4,34,150
20250309,4,34,165
20250316,4,34,162
20250323,4,34,129
20250330,4,34,140
20250406,4,34,101
20250413,4,34,61
20250420,4,34,39
20250427,4,34,37
20250504,4,34,206
20250511,4,34,220
20250518,4,34,219
20250525,4,34,214
20250601,4,34,195
20250608,4,34,170
20250615,4,34,137
20250622,4,34,109
20250629,4,34,73
20250706,4,34,42
20250713,4,34,171
20250720,4,34,168
20250727,4,34,182
20250803,4,34,167
20250810,4,34,160
20250817,4,34,168
20250824,4,34,129
20250831,4,34,113
20250907,4,34,83
20250914,4,34,62
20250921,4,34,130
20250928,4,34,143
20251005,4,34,118
20251012,4,34,133
20251019,4,34,132
20251026,4,34,122
20251102,4,34,85
20251109,4,34,50
20251116,4,34,238
20251123,4,34,235
20251130,4,34,204
20251207,4,34,204
20251214,4,34,192
20251221,4,34,204
20251228,4,34,186
20260104,4,34,163
20260111,4,34,133
20260118,4,34,138
20260125,4,34,132
20260201,4,34,134
20260208,4,34,127
20260215,4,34,132
20260222,4,34,147
20260301,4,34,123
20260308,4,34,128
20260315,4,34,139
20260322,4,34,129
20260329,4,34,98
20260405,4,34,88
20260412,4,34,74
20260419,4,34,49
20260426,4,34,242
20260503,4,34,217
20260510,4,34,225
20260517,4,34,233
20260524,4,34,221
20260531,4,34,183
20260607,4,34,160
20260614,4,34,162
20260621,4,34,144
20260628,4,34,152
20260705,4,34,140
20260712,4,34,149
20260719,4,34,143
20260726,4,34,136
20260802,4,34,110
20260809,4,34,91
20260816,4,34,69
20260823,4,34,31
20250105,4,35,229
20250112,4,35,238
20250119,4,35,226
20250126,4,35,225
20250202,4,35,234
20250209,4,35,242
20250216,4,35,244
20250223,4,35,205
20250302,4,35,179
20250309,4,35,161
20250316,4,35,121
20250323,4,35,98
20250330,4,35,79
20250406,4,35,42
20250413,4,35,50
20250420,4,35,34
20250427,4,35,207
20250504,4,35,207
20250511,4,35,220
20250518,4,35,227
20250525,4,35,192
20250601,4,35,153
20250608,4,35,166
20250615,4,35,155
20250622,4,35,115
20250629,4,35,111
20250706,4,35,76
20250713,4,35,38
20250720,4,35,34
20250727,4,35,243
20250803,4,35,224
20250810,4,35,233
20250817,4,35,205
20250824,4,35,176
20250831,4,35,141
20250907,4,35,142
20250914,4,35,120
20250921,4,35,80
20250928,4,35,80
20251005,4,35,69
20251012,4,35,59
20251019,4,35,45
20251026,4,35,292
20251102,4,35,290
20251109,4,35,280
20251116,4,35,269
20251123,4,35,262
20251130,4,35,258
20251207,4,35,240
20251214,4,35,212
20251221,4,35,226
20251228,4,35,213
20260104,4,35,175
20260111,4,35,145
20260118,4,35,151
20260125,4,35,133
20260201,4,35,117
20260208,4,35,106
20260215,4,35,84
20260222,4,35,88
20260301,4,35,83
20260308,4,35,67
20260315,4,35,80
20260322,4,35,62
20260329,4,35,75
20260405,4,35,56
20260412,4,35,55
20260419,4,35,65
20260426,4,35,57
20260503,4,35,61
20260510,4,35,44
20260517,4,35,131
20260524,4,35,110
20260531,4,35,121
20260607,4,35,120
20260614,4,35,124
20260621,4,35,109
20260628,4,35,117
20260705,4,35,80
20260712,4,35,68
20260719,4,35,68
20260726,4,35,78
20260802,4,35,45
20260809,4,35,152
20260816,4,35,115
20260823,4,35,120
20250105,4,36,458
20250112,4,36,471
20250119,4,36,471
20250126,4,36,442
20250202,4,36,402
20250209,4,36,374
20250216,4,36,377
20250223,4,36,372
20250302,4,36,360
20250309,4,36,364
20250316,4,36,341
20250323,4,36,342
20250330,4,36,325
20250406,4,36,324
20250413,4,36,298
20250420,4,36,261
20250427,4,36,255
20250504,4,36,236
20250511,4,36,248
20250518,4,36,209
20250525,4,36,182
20250601,4,36,159
20250608,4,36,164
20250615,4,36,174
20250622,4,36,161
20250629,4,36,173
20250706,4,36,137
20250713,4,36,101
20250720,4,36,103
20250727,4,36,106
20250803,4,36,109
20250810,4,36,108
20250817,4,36,109
20250824,4,36,94
20250831,4,36,91
20250907,4,36,73
20250914,4,36,45
20250921,4,36,48
20250928,4,36,50
20251005,4,36,47
20251012,4,36,50
20251019,4,36,42
20251026,4,36,51
20251102,4,36,33
20251109,4,36,42
20251116,4,36,306
20251123,4,36,283
20251130,4,36,286
20251207,4,36,276
20251214,4,36,239
20251221,4,36,234
20251228,4,36,231
20260104,4,36,244
20260111,4,36,233
20260118,4,36,234
20260125,4,36,205
20260201,4,36,166
20260208,4,36,129
20260215,4,36,144
20260222,4,36,132
20260301,4,36,120
20260308,4,36,92
20260315,4,36,53
20260322,4,36,63
20260329,4,36,58
20260405,4,36,30
20260412,4,36,284
20260419,4,36,289
20260426,4,36,250
20260503,4,36,235
20260510,4,36,243
20260517,4,36,246
20260524,4,36,240
20260531,4,36,216
20260607,4,36,197
20260614,4,36,160
20260621,4,36,128
20260628,4,36,117
20260705,4,36,82
20260712,4,36,50
20260719,4,36,45
20260726,4,36,57
20260802,4,36,40
20260809,4,36,268
20260816,4,36,283
20260823,4,36,290
20250105,4,37,234
20250112,4,37,211
20250119,4,37,187
20250126,4,37,150
20250202,4,37,131
20250209,4,37,146
20250216,4,37,141
20250223,4,37,112
20250302,4,37,75
20250309,4,37,57
20250316,4,37,46
20250323,4,37,40
20250330,4,37,30
20250406,4,37,35
20250413,4,37,35
20250420,4,37,37
20250427,4,37,274
20250504,4,37,244
20250511,4,37,241
20250518,4,37,217
20250525,4,37,188
20250601,4,37,181
20250608,4,37,182
20250615,4,37,174
20250622,4,37,182
20250629,4,37,187
20250706,4,37,189
20250713,4,37,160
20250720,4,37,163
20250727,4,37,126
20250803,4,37,98
20250810,4,37,76
20250817,4,37,43
20250824,4,37,58
20250831,4,37,224
20250907,4,37,221
20250914,4,37,202
20250921,4,37,165
20250928,4,37,145
20251005,4,37,140
20251012,4,37,109
20251019,4,37,89
20251026,4,37,64
20251102,4,37,64
20251109,4,37,50
20251116,4,37,57
20251123,4,37,31
20251130,4,37,199
20251207,4,37,189
20251214,4,37,180
20251221,4,37,179
20251228,4,37,173
20260104,4,37,148
20260111,4,37,119
20260118,4,37,85
20260125,4,37,87
20260201,4,37,79
20260208,4,37,89
20260215,4,37,93
20260222,4,37,84
20260301,4,37,61
20260308,4,37,61
20260315,4,37,73
20260322,4,37,71
20260329,4,37,68
20260405,4,37,72
20260412,4,37,87
20260419,4,37,91
20260426,4,37,75
20260503,4,37,37
20260510,4,37,152
20260517,4,37,137
20260524,4,37,130
20260531,4,37,104
20260607,4,37,104
20260614,4,37,64
20260621,4,37,33
20260628,4,37,237
20260705,4,37,247
20260712,4,37,258
20260719,4,37,231
20260726,4,37,225
20260802,4,37,204
20260809,4,37,181
20260816,4,37,179
20260823,4,37,147
20250105,4,38,196
20250112,4,38,205
20250119,4,38,198
20250126,4,38,183
20250202,4,38,158
20250209,4,38,137
20250216,4,38,134
20250223,4,38,116
20250302,4,38,88
20250309,4,38,56
20250316,4,38,33
20250323,4,38,118
20250330,4,38,101
20250406,4,38,93
20250413,4,38,86
20250420,4,38,75
20250427,4,38,53
20250504,4,38,51
20250511,4,38,41
20250518,4,38,47
20250525,4,38,47
20250601,4,38,320
20250608,4,38,314
20250615,4,38,318
20250622,4,38,292
20250629,4,38,290
20250706,4,38,302
20250713,4,38,286
20250720,4,38,263
20250727,4,38,270
20250803,4,38,247
20250810,4,38,255
20250817,4,38,248
20250824,4,38,252
20250831,4,38,222
20250907,4,38,201
20250914,4,38,193
20250921,4,38,178
20250928,4,38,186
20251005,4,38,175
20251012,4,38,137
20251019,4,38,125
20251026,4,38,121
20251102,4,38,107
20251109,4,38,69
20251116,4,38,73
20251123,4,38,42
20251130,4,38,54
20251207,4,38,159
20251214,4,38,162
20251221,4,38,152
20251228,4,38,113
20260104,4,38,77
20260111,4,38,75
20260118,4,38,68
20260125,4,38,72
20260201,4,38,84
20260208,4,38,60
20260215,4,38,35
20260222,4,38,242
20260301,4,38,234
20260308,4,38,219
20260315,4,38,227
20260322,4,38,218
20260329,4,38,197
20260405,4,38,191
20260412,4,38,158
20260419,4,38,160
20260426,4,38,123
20260503,4,38,129
20260510,4,38,129
20260517,4,38,104
20260524,4,38,89
20260531,4,38,62
20260607,4,38,41
20260614,4,38,317
20260621,4,38,302
20260628,4,38,315
20260705,4,38,278
20260712,4,38,249
20260719,4,38,237
20260726,4,38,212
20260802,4,38,180
20260809,4,38,152
20260816,4,38,147
20260823,4,38,161
20250105,4,39,430
20250112,4,39,424
20250119,4,39,426
20250126,4,39,409
20250202,4,39,376
20250209,4,39,379
20250216,4,39,359
20250223,4,39,343
20250302,4,39,310
20250309,4,39,305
20250316,4,39,298
20250323,4,39,268
20250330,4,39,250
20250406,4,39,212
20250413,4,39,198
20250420,4,39,179
20250427,4,39,186
20250504,4,39,156
20250511,4,39,138
20250518,4,39,135
20250525,4,39,129
20250601,4,39,99
20250608,4,39,103
20250615,4,39,97
20250622,4,39,85
20250629,4,39,81
20250706,4,39,50
20250713,4,39,149
20250720,4,39,118
20250727,4,39,130
20250803,4,39,98
20250810,4,39,87
20250817,4,39,95
20250824,4,39,96
20250831,4,39,74
20250907,4,39,59
20250914,4,39,53
20250921,4,39,63
20250928,4,39,68
20251005,4,39,42
20251012,4,39,167
20251019,4,39,138
20251026,4,39,131
20251102,4,39,134
20251109,4,39,143
20251116,4,39,148
20251123,4,39,144
20251130,4,39,145
20251207,4,39,124
20251214,4,39,84
20251221,4,39,56
20251228,4,39,48
20260104,4,39,199
20260111,4,39,182
20260118,4,39,193
20260125,4,39,204
20260201,4,39,201
20260208,4,39,181
20260215,4,39,191
20260222,4,39,181
20260301,4,39,151
20260308,4,39,154
20260315,4,39,141
20260322,4,39,152
20260329,4,39,132
20260405,4,39,147
20260412,4,39,124
20260419,4,39,138
20260426,4,39,145
20260503,4,39,106
20260510,4,39,87
20260517,4,39,71
20260524,4,39,71
20260531,4,39,31
20260607,4,39,125
20260614,4,39,106
20260621,4,39,87
20260628,4,39,75
20260705,4,39,68
20260712,4,39,81
20260719,4,39,70
20260726,4,39,48
20260802,4,39,230
20260809,4,39,195
20260816,4,39,179
20260823,4,39,190
20250105,4,40,58
20250112,4,40,185
20250119,4,40,153
20250126,4,40,162
20250202,4,40,144
20250209,4,40,127
20250216,4,40,108
20250223,4,40,70
20250302,4,40,36
20250309,4,40,42
20250316,4,40,295
20250323,4,40,289
20250330,4,40,255
20250406,4,40,255
20250413,4,40,241
20250420,4,40,220
20250427,4,40,220
20250504,4,40,220
20250511,4,40,235
20250518,4,40,205
20250525,4,40,211
20250601,4,40,176
20250608,4,40,139
20250615,4,40,101
20250622,4,40,114
20250629,4,40,118
20250706,4,40,81
20250713,4,40,44
20250720,4,40,33
20250727,4,40,232
20250803,4,40,216
20250810,4,40,200
20250817,4,40,185
20250824,4,40,181
20250831,4,40,163
20250907,4,40,173
20250914,4,40,150
20250921,4,40,143
20250928,4,40,122
20251005,4,40,84
20251012,4,40,54
20251019,4,40,59
20251026,4,40,66
20251102,4,40,49
20251109,4,40,244
20251116,4,40,246
20251123,4,40,218
20251130,4,40,190
20251207,4,40,184
20251214,4,40,155
20251221,4,40,170
20251228,4,40,143
20260104,4,40,149
20260111,4,40,158
20260118,4,40,164
20260125,4,40,164
20260201,4,40,155
20260208,4,40,167
20260215,4,40,133
20260222,4,40,125
20260301,4,40,140
20260308,4,40,113
20260315,4,40,90
20260322,4,40,104
20260329,4,40,115
20260405,4,40,110
20260412,4,40,107
20260419,4,40,113
20260426,4,40,105
20260503,4,40,117
20260510,4,40,84
20260517,4,40,71
20260524,4,40,49
20260531,4,40,42
20260607,4,40,170
20260614,4,40,148
20260621,4,40,150
20260628,4,40,121
20260705,4,40,108
20260712,4,40,75
20260719,4,40,63
20260726,4,40,47
20260802,4,40,262
20260809,4,40,247
20260816,4,40,239
20260823,4,40,244
20250105,4,41,74
20250112,4,41,43
20250119,4,41,51
20250126,4,41,47
20250202,4,41,134
20250209,4,41,116
20250216,4,41,113
20250223,4,41,114
20250302,4,41,86
20250309,4,41,81
20250316,4,41,94
20250323,4,41,105
20250330,4,41,112
20250406,4,41,98
20250413,4,41,112
20250420,4,41,74
20250427,4,41,78
20250504,4,41,64
20250511,4,41,48
20250518,4,41,32
20250525,4,41,134
20250601,4,41,120
20250608,4,41,127
20250615,4,41,126
20250622,4,41,104
20250629,4,41,111
20250706,4,41,119
20250713,4,41,95
20250720,4,41,61
20250727,4,41,63
20250803,4,41,75
20250810,4,41,50
20250817,4,41,49
20250824,4,41,61
20250831,4,41,163
20250907,4,41,149
20250914,4,41,147
20250921,4,41,107
20250928,4,41,120
20251005,4,41,112
20251012,4,41,77
20251019,4,41,62
20251026,4,41,39
20251102,4,41,49
20251109,4,41,62
20251116,4,41,57
20251123,4,41,59
20251130,4,41,161
20251207,4,41,174
20251214,4,41,177
20251221,4,41,155
20251228,4,41,134
20260104,4,41,130
20260111,4,41,145
20260118,4,41,114
20260125,4,41,112
20260201,4,41,92
20260208,4,41,57
20260215,4,41,62
20260222,4,41,77
20260301,4,41,81
20260308,4,41,45
20260315,4,41,199
20260322,4,41,175
20260329,4,41,149
20260405,4,41,148
20260412,4,41,155
20260419,4,41,134
20260426,4,41,110
20260503,4,41,104
20260510,4,41,92
20260517,4,41,74
20260524,4,41,74
20260531,4,41,46
20260607,4,41,312
20260614,4,41,320
20260621,4,41,280
20260628,4,41,266
20260705,4,41,261
20260712,4,41,259
20260719,4,41,269
20260726,4,41,274
20260802,4,41,283
20260809,4,41,269
20260816,4,41,252
20260823,4,41,249
20250105,4,42,92
20250112,4,42,100
20250119,4,42,80
20250126,4,42,47
20250202,4,42,37
20250209,4,42,41
20250216,4,42,55
20250223,4,42,38
20250302,4,42,128
20250309,4,42,104
20250316,4,42,87
20250323,4,42,93
20250330,4,42,102
20250406,4,42,82
20250413,4,42,92
20250420,4,42,67
20250427,4,42,65
20250504,4,42,58
20250511,4,42,44
20250518,4,42,302
20250525,4,42,266
20250601,4,42,274
20250608,4,42,283
20250615,4,42,283
20250622,4,42,262
20250629,4,42,272
20250706,4,42,277
20250713,4,42,279
20250720,4,42,252
20250727,4,42,226
20250803,4,42,227
20250810,4,42,206
20250817,4,42,191
20250824,4,42,158
20250831,4,42,121
20250907,4,42,110
20250914,4,42,109
20250921,4,42,120
20250928,4,42,95
20251005,4,42,60
20251012,4,42,54
20251019,4,42,31
20251026,4,42,182
20251102,4,42,159
20251109,4,42,129
20251116,4,42,133
20251123,4,42,131
20251130,4,42,112
20251207,4,42,78
20251214,4,42,87
20251221,4,42,70
20251228,4,42,30
20260104,4,42,32
20260111,4,42,258
20260118,4,42,263
20260125,4,42,259
20260201,4,42,258
20260208,4,42,237
20260215,4,42,229
20260222,4,42,243
20260301,4,42,220
20260308,4,42,230
20260315,4,42,243
20260322,4,42,229
20260329,4,42,239
20260405,4,42,248
20260412,4,42,229
20260419,4,42,238
20260426,4,42,208
20260503,4,42,185
20260510,4,42,154
20260517,4,42,149
20260524,4,42,113
20260531,4,42,88
20260607,4,42,65
20260614,4,42,48
20260621,4,42,171
20260628,4,42,181
20260705,4,42,169
20260712,4,42,140
20260719,4,42,127
20260726,4,42,142
20260802,4,42,113
20260809,4,42,81
20260816,4,42,80
20260823,4,42,83
20250105,4,43,171
20250112,4,43,181
20250119,4,43,172
20250126,4,43,177
20250202,4,43,184
20250209,4,43,188
20250216,4,43,151
20250223,4,43,159
20250302,4,43,136
20250309,4,43,139
20250316,4,43,108
20250323,4,43,123
20250330,4,43,87
20250406,4,43,61
20250413,4,43,59
20250420,4,43,66
20250427,4,43,33
20250504,4,43,168
20250511,4,43,179
20250518,4,43,191
20250525,4,43,163
20250601,4,43,170
20250608,4,43,171
20250615,4,43,136
20250622,4,43,133
20250629,4,43,105
20250706,4,43,104
20250713,4,43,80
20250720,4,43,63
20250727,4,43,49
20250803,4,43,236
20250810,4,43,206
20250817,4,43,216
20250824,4,43,182
20250831,4,43,158
20250907,4,43,171
20250914,4,43,165
20250921,4,43,131
20250928,4,43,139
20251005,4,43,149
20251012,4,43,124
20251019,4,43,98
20251026,4,43,75
20251102,4,43,79
20251109,4,43,54
20251116,4,43,67
20251123,4,43,57
20251130,4,43,305
20251207,4,43,303
20251214,4,43,314
20251221,4,43,306
20251228,4,43,277
20260104,4,43,262
20260111,4,43,236
20260118,4,43,251
20260125,4,43,250
20260201,4,43,264
20260208,4,43,235
20260215,4,43,214
20260222,4,43,214
20260301,4,43,213
20260308,4,43,223
20260315,4,43,206
20260322,4,43,216
20260329,4,43,187
20260405,4,43,173
20260412,4,43,136
20260419,4,43,137
20260426,4,43,101
20260503,4,43,65
20260510,4,43,73
20260517,4,43,49
20260524,4,43,139
20260531,4,43,101
20260607,4,43,107
20260614,4,43,76
20260621,4,43,79
20260628,4,43,54
20260705,4,43,309
20260712,4,43,282
20260719,4,43,244
20260726,4,43,214
20260802,4,43,228
20260809,4,43,227
20260816,4,43,241
20260823,4,43,245
20250105,4,44,264
20250112,4,44,243
20250119,4,44,240
20250126,4,44,229
20250202,4,44,232
20250209,4,44,234
20250216,4,44,231
20250223,4,44,196
20250302,4,44,203
20250309,4,44,180
20250316,4,44,160
20250323,4,44,160
20250330,4,44,141
20250406,4,44,129
20250413,4,44,112
20250420,4,44,76
20250427,4,44,67
20250504,4,44,60
20250511,4,44,51
20250518,4,44,49
20250525,4,44,141
20250601,4,44,145
20250608,4,44,110
20250615,4,44,118
20250622,4,44,103
20250629,4,44,113
20250706,4,44,76
20250713,4,44,78
20250720,4,44,82
20250727,4,44,84
20250803,4,44,60
20250810,4,44,194
20250817,4,44,172
20250824,4,44,134
20250831,4,44,99
20250907,4,44,89
20250914,4,44,62
20250921,4,44,66
20250928,4,44,37
20251005,4,44,38
20251012,4,44,44
20251019,4,44,305
20251026,4,44,273
20251102,4,44,239
20251109,4,44,208
20251116,4,44,171
20251123,4,44,144
20251130,4,44,159
20251207,4,44,158
20251214,4,44,132
20251221,4,44,112
20251228,4,44,94
20260104,4,44,94
20260111,4,44,66
20260118,4,44,260
20260125,4,44,231
20260201,4,44,191
20260208,4,44,156
20260215,4,44,149
20260222,4,44,115
20260301,4,44,116
20260308,4,44,127
20260315,4,44,127
20260322,4,44,99
20260329,4,44,83
20260405,4,44,83
20260412,4,44,53
20260419,4,44,305
20260426,4,44,312
20260503,4,44,275
20260510,4,44,288
20260517,4,44,300
20260524,4,44,262
20260531,4,44,264
20260607,4,44,253
20260614,4,44,250
20260621,4,44,252
20260628,4,44,254
20260705,4,44,264
20260712,4,44,262
20260719,4,44,275
20260726,4,44,282
20260802,4,44,259
20260809,4,44,252
20260816,4,44,267
20260823,4,44,229
20250105,4,45,477
20250112,4,45,465
20250119,4,45,425
20250126,4,45,439
20250202,4,45,429
20250209,4,45,426
20250216,4,45,419
20250223,4,45,417
20250302,4,45,432
20250309,4,45,403
20250316,4,45,371
20250323,4,45,386
20250330,4,45,359
20250406,4,45,350
20250413,4,45,337
20250420,4,45,331
20250427,4,45,329
20250504,4,45,341
20250511,4,45,303
20250518,4,45,314
20250525,4,45,276
20250601,4,45,252
20250608,4,45,237
20250615,4,45,251
20250622,4,45,260
20250629,4,45,263
20250706,4,45,266
20250713,4,45,236
20250720,4,45,246
20250727,4,45,207
20250803,4,45,208
20250810,4,45,182
20250817,4,45,153
20250824,4,45,139
20250831,4,45,147
20250907,4,45,144
20250914,4,45,153
20250921,4,45,137
20250928,4,45,109
20251005,4,45,121
20251012,4,45,94
20251019,4,45,77
20251026,4,45,43
20251102,4,45,275
20251109,4,45,236
20251116,4,45,221
20251123,4,45,223
20251130,4,45,237
20251207,4,45,241
20251214,4,45,217
20251221,4,45,206
20251228,4,45,210
20260104,4,45,205
20260111,4,45,187
20260118,4,45,201
20260125,4,45,183
20260201,4,45,151
20260208,4,45,114
20260215,4,45,103
20260222,4,45,93
20260301,4,45,61
20260308,4,45,57
20260315,4,45,47
20260322,4,45,216
20260329,4,45,208
20260405,4,45,201
20260412,4,45,206
20260419,4,45,193
20260426,4,45,164
20260503,4,45,127
20260510,4,45,117
20260517,4,45,117
20260524,4,45,100
20260531,4,45,61
20260607,4,45,45
20260614,4,45,192
20260621,4,45,179
20260628,4,45,177
20260705,4,45,192
20260712,4,45,179
20260719,4,45,164
20260726,4,45,131
20260802,4,45,110
20260809,4,45,95
20260816,4,45,83
20260823,4,45,60
20250105,4,46,428
20250112,4,46,413
20250119,4,46,417
20250126,4,46,380
20250202,4,46,341
20250209,4,46,335
20250216,4,46,321
20250223,4,46,326
20250302,4,46,336
20250309,4,46,305
20250316,4,46,280
20250323,4,46,272
20250330,4,46,266
20250406,4,46,264
20250413,4,46,259
20250420,4,46,267
20250427,4,46,278
20250504,4,46,239
20250511,4,46,230
20250518,4,46,209
20250525,4,46,196
20250601,4,46,196
20250608,4,46,189
20250615,4,46,198
20250622,4,46,164
20250629,4,46,153
20250706,4,46,151
20250713,4,46,166
20250720,4,46,144
20250727,4,46,110
20250803,4,46,118
20250810,4,46,97
20250817,4,46,93
20250824,4,46,59
20250831,4,46,57
20250907,4,46,70
20250914,4,46,82
20250921,4,46,83
20250928,4,46,65
20251005,4,46,33
20251012,4,46,228
20251019,4,46,192
20251026,4,46,195
20251102,4,46,176
20251109,4,46,152
20251116,4,46,157
20251123,4,46,136
20251130,4,46,149
20251207,4,46,110
20251214,4,46,73
20251221,4,46,85
20251228,4,46,78
20260104,4,46,47
20260111,4,46,45
20260118,4,46,51
20260125,4,46,210
20260201,4,46,193
20260208,4,46,182
20260215,4,46,154
20260222,4,46,147
20260301,4,46,128
20260308,4,46,134
20260315,4,46,137
20260322,4,46,119
20260329,4,46,101
20260405,4,46,65
20260412,4,46,55
20260419,4,46,66
20260426,4,46,41
20260503,4,46,48
20260510,4,46,55
20260517,4,46,44
20260524,4,46,46
20260531,4,46,257
20260607,4,46,249
20260614,4,46,221
20260621,4,46,235
20260628,4,46,204
20260705,4,46,172
20260712,4,46,163
20260719,4,46,152
20260726,4,46,120
20260802,4,46,84
20260809,4,46,94
20260816,4,46,106
20260823,4,46,106
20250105,4,47,413
20250112,4,47,422
20250119,4,47,417
20250126,4,47,413
20250202,4,47,403
20250209,4,47,388
20250216,4,47,393
20250223,4,47,408
20250302,4,47,412
20250309,4,47,400
20250316,4,47,388
20250323,4,47,386
20250330,4,47,394
20250406,4,47,380
20250413,4,47,380
20250420,4,47,356
20250427,4,47,334
20250504,4,47,348
20250511,4,47,334
20250518,4,47,315
20250525,4,47,314
20250601,4,47,290
20250608,4,47,253
20250615,4,47,245
20250622,4,47,234
20250629,4,47,241
20250706,4,47,246
20250713,4,47,209
20250720,4,47,204
20250727,4,47,210
20250803,4,47,172
20250810,4,47,166
20250817,4,47,130
20250824,4,47,103
20250831,4,47,75
20250907,4,47,42
20250914,4,47,48
20250921,4,47,37
20250928,4,47,50
20251005,4,47,64
20251012,4,47,51
20251019,4,47,133
20251026,4,47,96
20251102,4,47,73
20251109,4,47,63
20251116,4,47,31
20251123,4,47,43
20251130,4,47,155
20251207,4,47,151
20251214,4,47,141
20251221,4,47,140
20251228,4,47,132
20260104,4,47,126
20260111,4,47,102
20260118,4,47,98
20260125,4,47,70
20260201,4,47,76
20260208,4,47,90
20260215,4,47,79
20260222,4,47,78
20260301,4,47,62
20260308,4,47,73
20260315,4,47,70
20260322,4,47,56
20260329,4,47,47
20260405,4,47,230
20260412,4,47,190
20260419,4,47,154
20260426,4,47,134
20260503,4,47,109
20260510,4,47,90
20260517,4,47,104
20260524,4,47,70
20260531,4,47,44
20260607,4,47,209
20260614,4,47,188
20260621,4,47,165
20260628,4,47,155
20260705,4,47,141
20260712,4,47,146
20260719,4,47,151
20260726,4,47,146
20260802,4,47,142
20260809,4,47,153
20260816,4,47,167
20260823,4,47,127
20250105,4,48,261
20250112,4,48,269
20250119,4,48,232
20250126,4,48,217
20250202,4,48,194
20250209,4,48,179
20250216,4,48,193
20250223,4,48,199
20250302,4,48,166
20250309,4,48,138
20250316,4,48,138
20250323,4,48,140
20250330,4,48,137
20250406,4,48,101
20250413,4,48,105
20250420,4,48,110
20250427,4,48,111
20250504,4,48,98
20250511,4,48,80
20250518,4,48,78
20250525,4,48,90
20250601,4,48,70
20250608,4,48,44
20250615,4,48,232
20250622,4,48,231
20250629,4,48,237
20250706,4,48,217
20250713,4,48,231
20250720,4,48,206
20250727,4,48,217
20250803,4,48,199
20250810,4,48,168
20250817,4,48,152
20250824,4,48,138
20250831,4,48,100
20250907,4,48,97
20250914,4,48,87
20250921,4,48,92
20250928,4,48,93
20251005,4,48,67
20251012,4,48,50
20251019,4,48,219
20251026,4,48,222
20251102,4,48,219
20251109,4,48,218
20251116,4,48,220
20251123,4,48,194
20251130,4,48,161
20251207,4,48,135
20251214,4,48,106
20251221,4,48,74
20251228,4,48,39
20260104,4,48,222
20260111,4,48,198
20260118,4,48,177
20260125,4,48,185
20260201,4,48,145
20260208,4,48,150
20260215,4,48,148
20260222,4,48,147
20260301,4,48,108
20260308,4,48,85
20260315,4,48,60
20260322,4,48,56
20260329,4,48,60
20260405,4,48,53
20260412,4,48,306
20260419,4,48,285
20260426,4,48,274
20260503,4,48,240
20260510,4,48,206
20260517,4,48,205
20260524,4,48,174
20260531,4,48,152
20260607,4,48,146
20260614,4,48,129
20260621,4,48,128
20260628,4,48,96
20260705,4,48,68
20260712,4,48,83
20260719,4,48,79
20260726,4,48,57
20260802,4,48,164
20260809,4,48,157
20260816,4,48,166
20260823,4,48,167
20250105,4,49,106
20250112,4,49,105
20250119,4,49,109
20250126,4,49,101
20250202,4,49,78
20250209,4,49,68
20250216,4,49,38
20250223,4,49,41
20250302,4,49,52
20250309,4,49,62
20250316,4,49,57
20250323,4,49,67
20250330,4,49,32
20250406,4,49,211
20250413,4,49,222
20250420,4,49,232
20250427,4,49,226
20250504,4,49,192
20250511,4,49,180
20250518,4,49,175
20250525,4,49,161
20250601,4,49,142
20250608,4,49,156
20250615,4,49,148
20250622,4,49,137
20250629,4,49,109
20250706,4,49,114
20250713,4,49,103
20250720,4,49,98
20250727,4,49,64
20250803,4,49,42
20250810,4,49,43
20250817,4,49,43
20250824,4,49,55
20250831,4,49,48
20250907,4,49,162
20250914,4,49,143
20250921,4,49,147
20250928,4,49,131
20251005,4,49,144
20251012,4,49,125
20251019,4,49,114
20251026,4,49,110
20251102,4,49,97
20251109,4,49,67
20251116,4,49,59
20251123,4,49,36
20251130,4,49,197
20251207,4,49,173
20251214,4,49,158
20251221,4,49,139
20251228,4,49,143
20260104,4,49,141
20260111,4,49,124
20260118,4,49,102
20260125,4,49,112
20260201,4,49,117
20260208,4,49,106
20260215,4,49,97
20260222,4,49,97
20260301,4,49,79
20260308,4,49,60
20260315,4,49,254
20260322,4,49,239
20260329,4,49,209
20260405,4,49,196
20260412,4,49,162
20260419,4,49,141
20260426,4,49,152
20260503,4,49,114
20260510,4,49,93
20260517,4,49,72
20260524,4,49,66
20260531,4,49,73
20260607,4,49,53
20260614,4,49,60
20260621,4,49,160
20260628,4,49,173
20260705,4,49,180
20260712,4,49,144
20260719,4,49,124
20260726,4,49,100
20260802,4,49,81
20260809,4,49,43
20260816,4,49,128
20260823,4,49,123
20250105,4,50,321
20250112,4,50,335
20250119,4,50,345
20250126,4,50,351
20250202,4,50,355
20250209,4,50,362
20250216,4,50,335
20250223,4,50,309
20250302,4,50,324
20250309,4,50,290
20250316,4,50,294
20250323,4,50,293
20250330,4,50,283
20250406,4,50,249
20250413,4,50,209
20250420,4,50,217
20250427,4,50,200
20250504,4,50,165
20250511,4,50,172
20250518,4,50,177
20250525,4,50,137
20250601,4,50,131
20250608,4,50,118
20250615,4,50,118
20250622,4,50,121
20250629,4,50,82
20250706,4,50,55
20250713,4,50,157
20250720,4,50,161
20250727,4,50,142
20250803,4,50,132
20250810,4,50,108
20250817,4,50,100
20250824,4,50,113
20250831,4,50,117
20250907,4,50,129
20250914,4,50,99
20250921,4,50,93
20250928,4,50,54
20251005,4,50,285
20251012,4,50,246
20251019,4,50,249
20251026,4,50,229
20251102,4,50,210
20251109,4,50,186
20251116,4,50,162
20251123,4,50,163
20251130,4,50,139
20251207,4,50,141
20251214,4,50,131
20251221,4,50,97
20251228,4,50,86
20260104,4,50,52
20260111,4,50,241
20260118,4,50,254
20260125,4,50,230
20260201,4,50,199
20260208,4,50,184
20260215,4,50,190
20260222,4,50,173
20260301,4,50,175
20260308,4,50,160
20260315,4,50,160
20260322,4,50,123
20260329,4,50,118
20260405,4,50,79
20260412,4,50,42
20260419,4,50,38
20260426,4,50,285
20260503,4,50,284
20260510,4,50,259
20260517,4,50,260
20260524,4,50,250
20260531,4,50,220
20260607,4,50,202
20260614,4,50,188
20260621,4,50,188
20260628,4,50,165
20260705,4,50,165
20260712,4,50,170
20260719,4,50,178
20260726,4,50,183
20260802,4,50,178
20260809,4,50,182
20260816,4,50,147
20260823,4,50,121
20250105,4,51,262
20250112,4,51,268
20250119,4,51,258
20250126,4,51,244
20250202,4,51,206
20250209,4,51,177
20250216,4,51,182
20250223,4,51,165
20250302,4,51,144
20250309,4,51,147
20250316,4,51,154
20250323,4,51,156
20250330,4,51,143
20250406,4,51,104
20250413,4,51,81
20250420,4,51,46
20250427,4,51,277
20250504,4,51,243
20250511,4,51,214
20250518,4,51,227
20250525,4,51,242
20250601,4,51,250
20250608,4,51,238
20250615,4,51,229
20250622,4,51,229
20250629,4,51,230
20250706,4,51,218
20250713,4,51,218
20250720,4,51,208
20250727,4,51,179
20250803,4,51,186
20250810,4,51,201
20250817,4,51,199
20250824,4,51,184
20250831,4,51,187
20250907,4,51,161
20250914,4,51,149
20250921,4,51,157
20250928,4,51,122
20251005,4,51,106
20251012,4,51,74
20251019,4,51,70
20251026,4,51,71
20251102,4,51,68
20251109,4,51,52
20251116,4,51,50
20251123,4,51,38
20251130,4,51,183
20251207,4,51,197
20251214,4,51,186
20251221,4,51,158
20251228,4,51,158
20260104,4,51,172
20260111,4,51,186
20260118,4,51,167
20260125,4,51,169
20260201,4,51,135
20260208,4,51,130
20260215,4,51,109
20260222,4,51,118
20260301,4,51,78
20260308,4,51,85
20260315,4,51,73
20260322,4,51,84
20260329,4,51,74
20260405,4,51,42
20260412,4,51,52
20260419,4,51,38
20260426,4,51,326
20260503,4,51,334
20260510,4,51,301
20260517,4,51,265
20260524,4,51,280
20260531,4,51,272
20260607,4,51,249
20260614,4,51,263
20260621,4,51,247
20260628,4,51,210
20260705,4,51,193
20260712,4,51,184
20260719,4,51,171
20260726,4,51,173
20260802,4,51,146
20260809,4,51,126
20260816,4,51,117
20260823,4,51,94
20250105,4,52,318
20250112,4,52,283
20250119,4,52,291
20250126,4,52,277
20250202,4,52,247
20250209,4,52,234
20250216,4,52,227
20250223,4,52,221
20250302,4,52,226
20250309,4,52,228
20250316,4,52,230
20250323,4,52,222
20250330,4,52,222
20250406,4,52,209
20250413,4,52,192
20250420,4,52,201
20250427,4,52,198
20250504,4,52,183
20250511,4,52,179
20250518,4,52,146
20250525,4,52,116
20250601,4,52,89
20250608,4,52,85
20250615,4,52,62
20250622,4,52,37
20250629,4,52,125
20250706,4,52,115
20250713,4,52,84
20250720,4,52,48
20250727,4,52,201
20250803,4,52,196
20250810,4,52,182
20250817,4,52,169
20250824,4,52,131
20250831,4,52,137
20250907,4,52,130
20250914,4,52,131
20250921,4,52,105
20250928,4,52,94
20251005,4,52,56
20251012,4,52,33
20251019,4,52,36
20251026,4,52,119
20251102,4,52,98
20251109,4,52,63
20251116,4,52,46
20251123,4,52,210
20251130,4,52,202
20251207,4,52,163
20251214,4,52,178
20251221,4,52,156
20251228,4,52,150
20260104,4,52,136
20260111,4,52,107
20260118,4,52,120
20260125,4,52,116
20260201,4,52,108
20260208,4,52,105
20260215,4,52,102
20260222,4,52,97
20260301,4,52,83
20260308,4,52,83
20260315,4,52,83
20260322,4,52,90
20260329,4,52,57
20260405,4,52,66
20260412,4,52,80
20260419,4,52,47
20260426,4,52,222
20260503,4,52,208
20260510,4,52,195
20260517,4,52,170
20260524,4,52,143
20260531,4,52,106
20260607,4,52,70
20260614,4,52,54
20260621,4,52,136
20260628,4,52,146
20260705,4,52,152
20260712,4,52,150
20260719,4,52,163
20260726,4,52,162
20260802,4,52,172
20260809,4,52,178
20260816,4,52,157
20260823,4,52,136
20250105,4,53,278
20250112,4,53,245
20250119,4,53,223
20250126,4,53,206
20250202,4,53,190
20250209,4,53,205
20250216,4,53,170
20250223,4,53,161
20250302,4,53,130
20250309,4,53,141
20250316,4,53,112
20250323,4,53,78
20250330,4,53,77
20250406,4,53,61
20250413,4,53,67
20250420,4,53,60
20250427,4,53,289
20250504,4,53,249
20250511,4,53,256
20250518,4,53,222
20250525,4,53,233
20250601,4,53,228
20250608,4,53,220
20250615,4,53,222
20250622,4,53,220
20250629,4,53,195
20250706,4,53,197
20250713,4,53,197
20250720,4,53,184
20250727,4,53,171
20250803,4,53,163
20250810,4,53,141
20250817,4,53,152
20250824,4,53,141
20250831,4,53,130
20250907,4,53,104
20250914,4,53,101
20250921,4,53,111
20250928,4,53,112
20251005,4,53,99
20251012,4,53,59
20251019,4,53,140
20251026,4,53,151
20251102,4,53,122
20251109,4,53,92
20251116,4,53,63
20251123,4,53,56
20251130,4,53,64
20251207,4,53,321
20251214,4,53,291
20251221,4,53,290
20251228,4,53,291
20260104,4,53,287
20260111,4,53,280
20260118,4,53,240
20260125,4,53,242
20260201,4,53,251
20260208,4,53,226
20260215,4,53,216
20260222,4,53,198
20260301,4,53,187
20260308,4,53,152
20260315,4,53,160
20260322,4,53,144
20260329,4,53,105
20260405,4,53,117
20260412,4,53,131
20260419,4,53,104
20260426,4,53,71
20260503,4,53,71
20260510,4,53,42
20260517,4,53,221
20260524,4,53,195
20260531,4,53,190
20260607,4,53,156
20260614,4,53,129
20260621,4,53,125
20260628,4,53,131
20260705,4,53,125
20260712,4,53,102
20260719,4,53,109
20260726,4,53,116
20260802,4,53,112
20260809,4,53,90
20260816,4,53,89
20260823,4,53,86
20250105,4,54,179
20250112,4,54,146
20250119,4,54,120
20250126,4,54,112
20250202,4,54,83
20250209,4,54,60
20250216,4,54,53
20250223,4,54,47
20250302,4,54,162
20250309,4,54,150
20250316,4,54,115
20250323,4,54,85
20250330,4,54,97
20250406,4,54,95
20250413,4,54,106
20250420,4,54,115
20250427,4,54,96
20250504,4,54,90
20250511,4,54,75
20250518,4,54,62
20250525,4,54,304
20250601,4,54,282
20250608,4,54,244
20250615,4,54,205
20250622,4,54,205
20250629,4,54,212
20250706,4,54,196
20250713,4,54,185
20250720,4,54,183
20250727,4,54,170
20250803,4,54,137
20250810,4,54,117
20250817,4,54,109
20250824,4,54,102
20250831,4,54,110
20250907,4,54,85
20250914,4,54,54
20250921,4,54,54
20250928,4,54,32
20251005,4,54,257
20251012,4,54,254
20251019,4,54,268
20251026,4,54,263
20251102,4,54,224
20251109,4,54,218
20251116,4,54,227
20251123,4,54,220
20251130,4,54,223
20251207,4,54,203
20251214,4,54,167
20251221,4,54,144
20251228,4,54,145
20260104,4,54,133
20260111,4,54,102
20260118,4,54,90
20260125,4,54,75
20260201,4,54,50
20260208,4,54,289
20260215,4,54,259
20260222,4,54,257
20260301,4,54,251
20260308,4,54,231
20260315,4,54,225
20260322,4,54,200
20260329,4,54,191
20260405,4,54,192
20260412,4,54,207
20260419,4,54,206
20260426,4,54,204
20260503,4,54,209
20260510,4,54,194
20260517,4,54,174
20260524,4,54,153
20260531,4,54,163
20260607,4,54,151
20260614,4,54,156
20260621,4,54,154
20260628,4,54,162
20260705,4,54,158
20260712,4,54,137
20260719,4,54,108
20260726,4,54,94
20260802,4,54,62
20260809,4,54,38
20260816,4,54,31
20260823,4,54,107
20250105,4,55,115
20250112,4,55,100
20250119,4,55,95
20250126,4,55,85
20250202,4,55,81
20250209,4,55,82
20250216,4,55,93
20250223,4,55,101
20250302,4,55,85
20250309,4,55,94
20250316,4,55,98
20250323,4,55,87
20250330,4,55,95
20250406,4,55,103
20250413,4,55,80
20250420,4,55,88
20250427,4,55,69
20250504,4,55,69
20250511,4,55,69
20250518,4,55,72
20250525,4,55,77
20250601,4,55,82
20250608,4,55,62
20250615,4,55,76
20250622,4,55,47
20250629,4,55,43
20250706,4,55,49
20250713,4,55,60
20250720,4,55,41
20250727,4,55,49
20250803,4,55,39
20250810,4,55,41
20250817,4,55,139
20250824,4,55,120
20250831,4,55,90
20250907,4,55,78
20250914,4,55,91
20250921,4,55,61
20250928,4,55,34
20251005,4,55,43
20251012,4,55,58
20251019,4,55,48
20251026,4,55,190
20251102,4,55,199
20251109,4,55,212
20251116,4,55,183
20251123,4,55,179
20251130,4,55,158
20251207,4,55,126
20251214,4,55,89
20251221,4,55,66
20251228,4,55,257
20260104,4,55,259
20260111,4,55,268
20260118,4,55,249
20260125,4,55,222
20260201,4,55,221
20260208,4,55,230
20260215,4,55,218
20260222,4,55,219
20260301,4,55,204
20260308,4,55,168
20260315,4,55,143
20260322,4,55,125
20260329,4,55,120
20260405,4,55,128
20260412,4,55,116
20260419,4,55,108
20260426,4,55,79
20260503,4,55,60
20260510,4,55,63
20260517,4,55,39
20260524,4,55,295
20260531,4,55,267
20260607,4,55,246
20260614,4,55,215
20260621,4,55,228
20260628,4,55,235
20260705,4,55,223
20260712,4,55,210
20260719,4,55,214
20260726,4,55,228
20260802,4,55,199
20260809,4,55,200
20260816,4,55,192
20260823,4,55,160
20250105,4,56,235
20250112,4,56,196
20250119,4,56,193
20250126,4,56,198
20250202,4,56,207
20250209,4,56,216
20250216,4,56,220
20250223,4,56,202
20250302,4,56,174
20250309,4,56,174
20250316,4,56,161
20250323,4,56,141
20250330,4,56,103
20250406,4,56,68
20250413,4,56,51
20250420,4,56,290
20250427,4,56,257
20250504,4,56,247
20250511,4,56,251
20250518,4,56,265
20250525,4,56,263
20250601,4,56,226
20250608,4,56,193
20250615,4,56,195
20250622,4,56,194
20250629,4,56,170
20250706,4,56,137
20250713,4,56,115
20250720,4,56,118
20250727,4,56,126
20250803,4,56,137
20250810,4,56,132
20250817,4,56,127
20250824,4,56,127
20250831,4,56,138
20250907,4,56,143
20250914,4,56,115
20250921,4,56,110
20250928,4,56,112
20251005,4,56,77
20251012,4,56,39
20251019,4,56,48
20251026,4,56,56
20251102,4,56,69
20251109,4,56,68
20251116,4,56,79
20251123,4,56,59
20251130,4,56,74
20251207,4,56,61
20251214,4,56,30
20251221,4,56,305
20251228,4,56,270
20260104,4,56,237
20260111,4,56,199
20260118,4,56,190
20260125,4,56,167
20260201,4,56,176
20260208,4,56,158
20260215,4,56,161
20260222,4,56,169
20260301,4,56,140
20260308,4,56,143
20260315,4,56,110
20260322,4,56,93
20260329,4,56,82
20260405,4,56,69
20260412,4,56,51
20260419,4,56,133
20260426,4,56,122
20260503,4,56,106
20260510,4,56,94
20260517,4,56,101
20260524,4,56,116
20260531,4,56,115
20260607,4,56,118
20260614,4,56,117
20260621,4,56,120
20260628,4,56,115
20260705,4,56,128
20260712,4,56,130
20260719,4,56,120
20260726,4,56,131
20260802,4,56,125
20260809,4,56,106
20260816,4,56,116
20260823,4,56,130
20250105,4,57,215
20250112,4,57,220
20250119,4,57,193
20250126,4,57,207
20250202,4,57,180
20250209,4,57,151
20250216,4,57,150
20250223,4,57,118
20250302,4,57,102
20250309,4,57,107
20250316,4,57,113
20250323,4,57,82
20250330,4,57,73
20250406,4,57,72
20250413,4,57,71
20250420,4,57,45
20250427,4,57,45
20250504,4,57,60
20250511,4,57,45
20250518,4,57,49
20250525,4,57,63
20250601,4,57,43
20250608,4,57,56
20250615,4,57,63
20250622,4,57,65
20250629,4,57,79
20250706,4,57,61
20250713,4,57,67
20250720,4,57,80
20250727,4,57,46
20250803,4,57,237
20250810,4,57,239
20250817,4,57,237
20250824,4,57,225
20250831,4,57,239
20250907,4,57,240
20250914,4,57,252
20250921,4,57,252
20250928,4,57,237
20251005,4,57,246
20251012,4,57,236
20251019,4,57,218
20251026,4,57,178
20251102,4,57,181
20251109,4,57,194
20251116,4,57,209
20251123,4,57,218
20251130,4,57,224
20251207,4,57,225
20251214,4,57,196
20251221,4,57,172
20251228,4,57,136
20260104,4,57,131
20260111,4,57,111
20260118,4,57,76
20260125,4,57,73
20260201,4,57,42
20260208,4,57,36
20260215,4,57,130
20260222,4,57,143
20260301,4,57,114
20260308,4,57,100
20260315,4,57,112
20260322,4,57,74
20260329,4,57,80
20260405,4,57,85
20260412,4,57,86
20260419,4,57,46
20260426,4,57,319
20260503,4,57,334
20260510,4,57,348
20260517,4,57,321
20260524,4,57,292
20260531,4,57,279
20260607,4,57,294
20260614,4,57,274
20260621,4,57,264
20260628,4,57,278
20260705,4,57,282
20260712,4,57,261
20260719,4,57,263
20260726,4,57,266
20260802,4,57,248
20260809,4,57,246
20260816,4,57,212
20260823,4,57,197
20250105,4,58,493
20250112,4,58,471
20250119,4,58,451
20250126,4,58,457
20250202,4,58,434
20250209,4,58,433
20250216,4,58,400
20250223,4,58,387
20250302,4,58,358
20250309,4,58,332
20250316,4,58,308
20250323,4,58,321
20250330,4,58,296
20250406,4,58,264
20250413,4,58,231
20250420,4,58,222
20250427,4,58,226
20250504,4,58,216
20250511,4,58,193
20250518,4,58,162
20250525,4,58,170
20250601,4,58,169
20250608,4,58,153
20250615,4,58,134
20250622,4,58,137
20250629,4,58,143
20250706,4,58,126
20250713,4,58,107
20250720,4,58,114
20250727,4,58,98
20250803,4,58,91
20250810,4,58,82
20250817,4,58,59
20250824,4,58,54
20250831,4,58,57
20250907,4,58,68
20250914,4,58,52
20250921,4,58,47
20250928,4,58,161
20251005,4,58,140
20251012,4,58,146
20251019,4,58,128
20251026,4,58,91
20251102,4,58,84
20251109,4,58,60
20251116,4,58,63
20251123,4,58,44
20251130,4,58,44
20251207,4,58,49
20251214,4,58,40
20251221,4,58,170
20251228,4,58,154
20260104,4,58,142
20260111,4,58,130
20260118,4,58,117
20260125,4,58,115
20260201,4,58,111
20260208,4,58,116
20260215,4,58,101
20260222,4,58,104
20260301,4,58,76
20260308,4,58,48
20260315,4,58,55
20260322,4,58,59
20260329,4,58,56
20260405,4,58,34
20260412,4,58,32
20260419,4,58,158
20260426,4,58,169
20260503,4,58,178
20260510,4,58,185
20260517,4,58,145
20260524,4,58,136
20260531,4,58,135
20260607,4,58,104
20260614,4,58,111
20260621,4,58,98
20260628,4,58,59
20260705,4,58,212
20260712,4,58,202
20260719,4,58,171
20260726,4,58,145
20260802,4,58,120
20260809,4,58,117
20260816,4,58,109
20260823,4,58,70
20250105,4,59,86
20250112,4,59,94
20250119,4,59,105
20250126,4,59,82
20250202,4,59,43
20250209,4,59,126
20250216,4,59,109
20250223,4,59,75
20250302,4,59,45
20250309,4,59,279
20250316,4,59,243
20250323,4,59,229
20250330,4,59,208
20250406,4,59,192
20250413,4,59,157
20250420,4,59,129
20250427,4,59,105
20250504,4,59,84
20250511,4,59,86
20250518,4,59,75
20250525,4,59,66
20250601,4,59,66
20250608,4,59,80
20250615,4,59,46
20250622,4,59,141
20250629,4,59,127
20250706,4,59,104
20250713,4,59,66
20250720,4,59,77
20250727,4,59,65
20250803,4,59,42
20250810,4,59,53
20250817,4,59,205
20250824,4,59,184
20250831,4,59,166
20250907,4,59,144
20250914,4,59,134
20250921,4,59,141
20250928,4,59,152
20251005,4,59,148
20251012,4,59,130
20251019,4,59,144
20251026,4,59,113
20251102,4,59,94
20251109,4,59,106
20251116,4,59,108
20251123,4,59,109
20251130,4,59,73
20251207,4,59,34
20251214,4,59,48
20251221,4,59,226
20251228,4,59,227
20260104,4,59,193
20260111,4,59,199
20260118,4,59,200
20260125,4,59,161
20260201,4,59,171
20260208,4,59,137
20260215,4,59,106
20260222,4,59,77
20260301,4,59,57
20260308,4,59,197
20260315,4,59,198
20260322,4,59,163
20260329,4,59,137
20260405,4,59,123
20260412,4,59,127
20260419,4,59,90
20260426,4,59,54
20260503,4,59,57
20260510,4,59,33
20260517,4,59,35
20260524,4,59,47
20260531,4,59,30
20260607,4,59,273
20260614,4,59,244
20260621,4,59,233
20260628,4,59,219
20260705,4,59,227
20260712,4,59,204
20260719,4,59,167
20260726,4,59,180
20260802,4,59,142
20260809,4,59,149
20260816,4,59,159
20260823,4,59,146
20250105,5,1,134
20250112,5,1,94
20250119,5,1,74
20250126,5,1,35
20250202,5,1,50
20250209,5,1,51
20250216,5,1,48
20250223,5,1,31
20250302,5,1,223
20250309,5,1,187
20250316,5,1,197
20250323,5,1,158
20250330,5,1,144
20250406,5,1,126
20250413,5,1,98
20250420,5,1,106
20250427,5,1,88
20250504,5,1,102
20250511,5,1,62
20250518,5,1,50
20250525,5,1,49
20250601,5,1,36
20250608,5,1,258
20250615,5,1,233
20250622,5,1,217
20250629,5,1,206
20250706,5,1,180
20250713,5,1,141
20250720,5,1,156
20250727,5,1,128
20250803,5,1,128
20250810,5,1,103
20250817,5,1,76
20250824,5,1,79
20250831,5,1,65
20250907,5,1,69
20250914,5,1,47
20250921,5,1,59
20250928,5,1,195
20251005,5,1,206
20251012,5,1,203
20251019,5,1,186
20251026,5,1,196
20251102,5,1,192
20251109,5,1,162
20251116,5,1,173
20251123,5,1,177
20251130,5,1,149
20251207,5,1,144
20251214,5,1,118
20251221,5,1,101
20251228,5,1,94
20260104,5,1,57
20260111,5,1,43
20260118,5,1,57
20260125,5,1,197
20260201,5,1,198
20260208,5,1,195
20260215,5,1,170
20260222,5,1,152
20260301,5,1,122
20260308,5,1,94
20260315,5,1,109
20260322,5,1,114
20260329,5,1,92
20260405,5,1,70
20260412,5,1,58
20260419,5,1,47
20260426,5,1,42
20260503,5,1,55
20260510,5,1,33
20260517,5,1,153
20260524,5,1,120
20260531,5,1,110
20260607,5,1,93
20260614,5,1,107
20260621,5,1,90
20260628,5,1,102
20260705,5,1,73
20260712,5,1,81
20260719,5,1,90
20260726,5,1,89
20260802,5,1,61
20260809,5,1,67
20260816,5,1,53
20260823,5,1,50
20250105,5,2,82
20250112,5,2,77
20250119,5,2,76
20250126,5,2,91
20250202,5,2,85
20250209,5,2,63
20250216,5,2,210
20250223,5,2,216
20250302,5,2,177
20250309,5,2,153
20250316,5,2,126
20250323,5,2,105
20250330,5,2,85
20250406,5,2,45
20250413,5,2,54
20250420,5,2,44
20250427,5,2,211
20250504,5,2,207
20250511,5,2,168
20250518,5,2,138
20250525,5,2,114
20250601,5,2,93
20250608,5,2,88
20250615,5,2,65
20250622,5,2,37
20250629,5,2,196
20250706,5,2,199
20250713,5,2,200
20250720,5,2,189
20250727,5,2,156
20250803,5,2,141
20250810,5,2,133
20250817,5,2,115
20250824,5,2,76
20250831,5,2,75
20250907,5,2,53
20250914,5,2,49
20250921,5,2,60
20250928,5,2,68
20251005,5,2,43
20251012,5,2,40
20251019,5,2,38
20251026,5,2,129
20251102,5,2,134
20251109,5,2,133
20251116,5,2,148
20251123,5,2,133
20251130,5,2,138
20251207,5,2,128
20251214,5,2,135
20251221,5,2,147
20251228,5,2,154
20260104,5,2,152
20260111,5,2,125
20260118,5,2,104
20260125,5,2,119
20260201,5,2,98
20260208,5,2,104
20260215,5,2,86
20260222,5,2,90
20260301,5,2,78
20260308,5,2,50
20260315,5,2,52
20260322,5,2,34
20260329,5,2,257
20260405,5,2,236
20260412,5,2,231
20260419,5,2,219
20260426,5,2,201
20260503,5,2,162
20260510,5,2,152
20260517,5,2,126
20260524,5,2,135
20260531,5,2,145
20260607,5,2,157
20260614,5,2,152
20260621,5,2,139
20260628,5,2,117
20260705,5,2,131
20260712,5,2,100
20260719,5,2,81
20260726,5,2,80
20260802,5,2,81
20260809,5,2,60
20260816,5,2,43
20260823,5,2,45
20250105,5,3,214
20250112,5,3,227
20250119,5,3,222
20250126,5,3,235
20250202,5,3,231
20250209,5,3,208
20250216,5,3,192
20250223,5,3,195
20250302,5,3,176
20250309,5,3,182
20250316,5,3,142
20250323,5,3,114
20250330,5,3,97
20250406,5,3,82
20250413,5,3,68
20250420,5,3,64
20250427,5,3,48
20250504,5,3,240
20250511,5,3,205
20250518,5,3,196
20250525,5,3,170
20250601,5,3,145
20250608,5,3,147
20250615,5,3,133
20250622,5,3,123
20250629,5,3,110
20250706,5,3,99
20250713,5,3,76
20250720,5,3,66
20250727,5,3,45
20250803,5,3,161
20250810,5,3,142
20250817,5,3,151
20250824,5,3,163
20250831,5,3,139
20250907,5,3,113
20250914,5,3,126
20250921,5,3,101
20250928,5,3,115
20251005,5,3,97
20251012,5,3,86
20251019,5,3,76
20251026,5,3,52
20251102,5,3,66
20251109,5,3,49
20251116,5,3,273
20251123,5,3,278
20251130,5,3,266
20251207,5,3,253
20251214,5,3,246
20251221,5,3,259
20251228,5,3,244
20260104,5,3,223
20260111,5,3,231
20260118,5,3,224
20260125,5,3,233
20260201,5,3,229
20260208,5,3,236
20260215,5,3,205
20260222,5,3,170
20260301,5,3,167
20260308,5,3,130
20260315,5,3,127
20260322,5,3,131
20260329,5,3,95
20260405,5,3,71
20260412,5,3,35
20260419,5,3,193
20260426,5,3,199
20260503,5,3,193
20260510,5,3,165
20260517,5,3,150
20260524,5,3,131
20260531,5,3,119
20260607,5,3,117
20260614,5,3,125
20260621,5,3,124
20260628,5,3,86
20260705,5,3,92
20260712,5,3,91
20260719,5,3,95
20260726,5,3,59
20260802,5,3,45
20260809,5,3,189
20260816,5,3,175
20260823,5,3,141
20250105,5,4,341
20250112,5,4,322
20250119,5,4,313
20250126,5,4,312
20250202,5,4,294
20250209,5,4,260
20250216,5,4,223
20250223,5,4,237
20250302,5,4,247
20250309,5,4,236
20250316,5,4,232
20250323,5,4,196
20250330,5,4,179
20250406,5,4,172
20250413,5,4,183
20250420,5,4,198
20250427,5,4,158
20250504,5,4,157
20250511,5,4,162
20250518,5,4,136
20250525,5,4,140
20250601,5,4,121
20250608,5,4,136
20250615,5,4,148
20250622,5,4,142
20250629,5,4,155
20250706,5,4,136
20250713,5,4,109
20250720,5,4,102
20250727,5,4,67
20250803,5,4,51
20250810,5,4,162
20250817,5,4,168
20250824,5,4,181
20250831,5,4,170
20250907,5,4,175
20250914,5,4,163
20250921,5,4,166
20250928,5,4,179
20251005,5,4,175
20251012,5,4,144
20251019,5,4,108
20251026,5,4,122
20251102,5,4,103
20251109,5,4,92
20251116,5,4,80
20251123,5,4,61
20251130,5,4,75
20251207,5,4,71
20251214,5,4,77
20251221,5,4,86
20251228,5,4,101
20260104,5,4,96
20260111,5,4,110
20260118,5,4,77
20260125,5,4,91
20260201,5,4,51
20260208,5,4,46
20260215,5,4,291
20260222,5,4,285
20260301,5,4,279
20260308,5,4,288
20260315,5,4,277
20260322,5,4,279
20260329,5,4,271
20260405,5,4,268
20260412,5,4,280
20260419,5,4,272
20260426,5,4,261
20260503,5,4,221
20260510,5,4,213
20260517,5,4,195
20260524,5,4,206
20260531,5,4,175
20260607,5,4,170
20260614,5,4,185
20260621,5,4,189
20260628,5,4,197
20260705,5,4,196
20260712,5,4,181
20260719,5,4,156
20260726,5,4,146
20260802,5,4,125
20260809,5,4,110
20260816,5,4,88
20260823,5,4,55
20250105,5,5,444
20250112,5,5,442
20250119,5,5,407
20250126,5,5,392
20250202,5,5,362
20250209,5,5,342
20250216,5,5,320
20250223,5,5,303
20250302,5,5,309
20250309,5,5,286
20250316,5,5,261
20250323,5,5,246
20250330,5,5,246
20250406,5,5,206
20250413,5,5,191
20250420,5,5,185
20250427,5,5,160
20250504,5,5,151
20250511,5,5,118
20250518,5,5,125
20250525,5,5,129
20250601,5,5,128
20250608,5,5,121
20250615,5,5,123
20250622,5,5,96
20250629,5,5,109
20250706,5,5,114
20250713,5,5,102
20250720,5,5,84
20250727,5,5,67
20250803,5,5,38
20250810,5,5,205
20250817,5,5,200
20250824,5,5,177
20250831,5,5,149
20250907,5,5,135
20250914,5,5,115
20250921,5,5,81
20250928,5,5,65
20251005,5,5,62
20251012,5,5,130
20251019,5,5,121
20251026,5,5,93
20251102,5,5,84
20251109,5,5,94
20251116,5,5,62
20251123,5,5,45
20251130,5,5,288
20251207,5,5,284
20251214,5,5,252
20251221,5,5,222
20251228,5,5,194
20260104,5,5,195
20260111,5,5,192
20260118,5,5,182
20260125,5,5,154
20260201,5,5,136
20260208,5,5,102
20260215,5,5,95
20260222,5,5,85
20260301,5,5,52
20260308,5,5,135
20260315,5,5,140
20260322,5,5,154
20260329,5,5,166
20260405,5,5,152
20260412,5,5,136
20260419,5,5,118
20260426,5,5,126
20260503,5,5,113
20260510,5,5,107
20260517,5,5,122
20260524,5,5,113
20260531,5,5,76
20260607,5,5,54
20260614,5,5,177
20260621,5,5,137
20260628,5,5,122
20260705,5,5,130
20260712,5,5,122
20260719,5,5,128
20260726,5,5,89
20260802,5,5,66
20260809,5,5,35
20260816,5,5,287
20260823,5,5,281
20250105,5,6,153
20250112,5,6,116
20250119,5,6,96
20250126,5,6,85
20250202,5,6,69
20250209,5,6,31
20250216,5,6,261
20250223,5,6,251
20250302,5,6,249
20250309,5,6,230
20250316,5,6,191
20250323,5,6,153
20250330,5,6,147
20250406,5,6,124
20250413,5,6,94
20250420,5,6,79
20250427,5,6,81
20250504,5,6,67
20250511,5,6,62
20250518,5,6,36
20250525,5,6,163
20250601,5,6,131
20250608,5,6,116
20250615,5,6,76
20250622,5,6,91
20250629,5,6,52
20250706,5,6,47
20250713,5,6,36
20250720,5,6,278
20250727,5,6,270
20250803,5,6,234
20250810,5,6,195
20250817,5,6,202
20250824,5,6,192
20250831,5,6,169
20250907,5,6,155
20250914,5,6,156
20250921,5,6,157
20250928,5,6,132
20251005,5,6,147
20251012,5,6,131
20251019,5,6,143
20251026,5,6,117
20251102,5,6,87
20251109,5,6,65
20251116,5,6,41
20251123,5,6,274
20251130,5,6,272
20251207,5,6,279
20251214,5,6,277
20251221,5,6,239
20251228,5,6,232
20260104,5,6,209
20260111,5,6,184
20260118,5,6,156
20260125,5,6,170
20260201,5,6,150
20260208,5,6,138
20260215,5,6,148
20260222,5,6,132
20260301,5,6,107
20260308,5,6,109
20260315,5,6,77
20260322,5,6,50
20260329,5,6,266
20260405,5,6,245
20260412,5,6,253
20260419,5,6,225
20260426,5,6,234
20260503,5,6,199
20260510,5,6,192
20260517,5,6,197
20260524,5,6,183
20260531,5,6,168
20260607,5,6,153
20260614,5,6,122
20260621,5,6,88
20260628,5,6,96
20260705,5,6,72
20260712,5,6,73
20260719,5,6,51
20260726,5,6,58
20260802,5,6,62
20260809,5,6,39
20260816,5,6,37
20260823,5,6,50
20250105,5,7,115
20250112,5,7,84
20250119,5,7,63
20250126,5,7,39
20250202,5,7,39
20250209,5,7,37
20250216,5,7,161
20250223,5,7,168
20250302,5,7,176
20250309,5,7,160
20250316,5,7,137
20250323,5,7,136
20250330,5,7,121
20250406,5,7,92
20250413,5,7,73
20250420,5,7,72
20250427,5,7,68
20250504,5,7,54
20250511,5,7,280
20250518,5,7,268
20250525,5,7,274
20250601,5,7,255
20250608,5,7,244
20250615,5,7,231
20250622,5,7,202
20250629,5,7,191
20250706,5,7,186
20250713,5,7,189
20250720,5,7,174
20250727,5,7,154
20250803,5,7,129
20250810,5,7,118
20250817,5,7,111
20250824,5,7,124
20250831,5,7,137
20250907,5,7,117
20250914,5,7,84
20250921,5,7,48
20250928,5,7,56
20251005,5,7,53
20251012,5,7,66
20251019,5,7,48
20251026,5,7,270
20251102,5,7,263
20251109,5,7,273
20251116,5,7,258
20251123,5,7,220
20251130,5,7,189
20251207,5,7,162
20251214,5,7,164
20251221,5,7,126
20251228,5,7,97
20260104,5,7,65
20260111,5,7,77
20260118,5,7,79
20260125,5,7,75
20260201,5,7,64
20260208,5,7,45
20260215,5,7,41
20260222,5,7,144
20260301,5,7,112
20260308,5,7,108
20260315,5,7,119
20260322,5,7,130
20260329,5,7,140
20260405,5,7,134
20260412,5,7,122
20260419,5,7,127
20260426,5,7,107
20260503,5,7,79
20260510,5,7,39
20260517,5,7,54
20260524,5,7,165
20260531,5,7,173
20260607,5,7,158
20260614,5,7,171
20260621,5,7,144
20260628,5,7,127
20260705,5,7,137
20260712,5,7,112
20260719,5,7,94
20260726,5,7,78
20260802,5,7,45
20260809,5,7,186
20260816,5,7,168
20260823,5,7,180
20250105,5,8,69
20250112,5,8,59
20250119,5,8,51
20250126,5,8,57
20250202,5,8,58
20250209,5,8,69
20250216,5,8,53
20250223,5,8,136
20250302,5,8,114
20250309,5,8,103
20250316,5,8,81
20250323,5,8,50
20250330,5,8,54
20250406,5,8,262
20250413,5,8,248
20250420,5,8,216
20250427,5,8,218
20250504,5,8,232
20250511,5,8,211
20250518,5,8,207
20250525,5,8,204
20250601,5,8,169
20250608,5,8,161
20250615,5,8,127
20250622,5,8,100
20250629,5,8,64
20250706,5,8,59
20250713,5,8,148
20250720,5,8,110
20250727,5,8,80
20250803,5,8,40
20250810,5,8,199
20250817,5,8,189
20250824,5,8,170
20250831,5,8,147
20250907,5,8,118
20250914,5,8,120
20250921,5,8,120
20250928,5,8,134
20251005,5,8,140
20251012,5,8,151
20251019,5,8,133
20251026,5,8,107
20251102,5,8,70
20251109,5,8,81
20251116,5,8,93
20251123,5,8,101
20251130,5,8,101
20251207,5,8,85
20251214,5,8,59
20251221,5,8,127
20251228,5,8,127
20260104,5,8,134
20260111,5,8,144
20260118,5,8,137
20260125,5,8,118
20260201,5,8,103
20260208,5,8,87
20260215,5,8,69
20260222,5,8,78
20260301,5,8,58
20260308,5,8,42
20260315,5,8,35
20260322,5,8,158
20260329,5,8,118
20260405,5,8,133
20260412,5,8,124
20260419,5,8,115
20260426,5,8,115
20260503,5,8,109
20260510,5,8,74
20260517,5,8,54
20260524,5,8,37
20260531,5,8,44
20260607,5,8,296
20260614,5,8,308
20260621,5,8,300
20260628,5,8,296
20260705,5,8,275
20260712,5,8,242
20260719,5,8,217
20260726,5,8,202
20260802,5,8,212
20260809,5,8,205
20260816,5,8,171
20260823,5,8,170
20250105,5,9,45
20250112,5,9,39
20250119,5,9,301
20250126,5,9,266
20250202,5,9,248
20250209,5,9,214
20250216,5,9,228
20250223,5,9,229
20250302,5,9,225
20250309,5,9,203
20250316,5,9,203
20250323,5,9,176
20250330,5,9,191
20250406,5,9,198
20250413,5,9,199
20250420,5,9,171
20250427,5,9,144
20250504,5,9,150
20250511,5,9,147
20250518,5,9,149
20250525,5,9,158
20250601,5,9,119
20250608,5,9,118
20250615,5,9,108
20250622,5,9,78
20250629,5,9,82
20250706,5,9,88
20250713,5,9,64
20250720,5,9,34
20250727,5,9,47
20250803,5,9,42
20250810,5,9,218
20250817,5,9,216
20250824,5,9,200
20250831,5,9,202
20250907,5,9,187
20250914,5,9,177
20250921,5,9,192
20250928,5,9,203
20251005,5,9,192
20251012,5,9,153
20251019,5,9,113
20251026,5,9,92
20251102,5,9,68
20251109,5,9,69
20251116,5,9,48
20251123,5,9,290
20251130,5,9,303
20251207,5,9,290
20251214,5,9,302
20251221,5,9,268
20251228,5,9,260
20260104,5,9,263
20260111,5,9,245
20260118,5,9,251
20260125,5,9,259
20260201,5,9,253
20260208,5,9,235
20260215,5,9,248
20260222,5,9,246
20260301,5,9,229
20260308,5,9,203
20260315,5,9,163
20260322,5,9,125
20260329,5,9,94
20260405,5,9,64
20260412,5,9,69
20260419,5,9,82
20260426,5,9,60
20260503,5,9,47
20260510,5,9,33
20260517,5,9,283
20260524,5,9,290
20260531,5,9,279
20260607,5,9,294
20260614,5,9,279
20260621,5,9,276
20260628,5,9,249
20260705,5,9,258
20260712,5,9,244
20260719,5,9,225
20260726,5,9,198
20260802,5,9,175
20260809,5,9,157
20260816,5,9,162
20260823,5,9,161
20250105,5,10,182
20250112,5,10,186
20250119,5,10,185
20250126,5,10,150
20250202,5,10,127
20250209,5,10,99
20250216,5,10,86
20250223,5,10,55
20250302,5,10,31
20250309,5,10,36
20250316,5,10,218
20250323,5,10,203
20250330,5,10,182
20250406,5,10,162
20250413,5,10,159
20250420,5,10,146
20250427,5,10,108
20250504,5,10,93
20250511,5,10,75
20250518,5,10,36
20250525,5,10,280
20250601,5,10,273
20250608,5,10,249
20250615,5,10,221
20250622,5,10,183
20250629,5,10,189
20250706,5,10,182
20250713,5,10,196
20250720,5,10,169
20250727,5,10,184
20250803,5,10,177
20250810,5,10,183
20250817,5,10,194
20250824,5,10,181
20250831,5,10,177
20250907,5,10,144
20250914,5,10,115
20250921,5,10,102
20250928,5,10,104
20251005,5,10,101
20251012,5,10,101
20251019,5,10,82
20251026,5,10,97
20251102,5,10,97
20251109,5,10,107
20251116,5,10,93
20251123,5,10,58
20251130,5,10,37
20251207,5,10,244
20251214,5,10,213
20251221,5,10,201
20251228,5,10,186
20260104,5,10,180
20260111,5,10,174
20260118,5,10,155
20260125,5,10,130
20260201,5,10,100
20260208,5,10,98
20260215,5,10,103
20260222,5,10,66
20260301,5,10,41
20260308,5,10,35
20260315,5,10,287
20260322,5,10,251
20260329,5,10,217
20260405,5,10,199
20260412,5,10,178
20260419,5,10,141
20260426,5,10,150
20260503,5,10,165
20260510,5,10,149
20260517,5,10,158
20260524,5,10,126
20260531,5,10,125
20260607,5,10,106
20260614,5,10,91
20260621,5,10,71
20260628,5,10,48
20260705,5,10,322
20260712,5,10,291
20260719,5,10,275
20260726,5,10,256
20260802,5,10,227
20260809,5,10,226
20260816,5,10,190
20260823,5,10,205
20250105,5,11,212
20250112,5,11,205
20250119,5,11,203
20250126,5,11,205
20250202,5,11,196
20250209,5,11,211
20250216,5,11,207
20250223,5,11,168
20250302,5,11,138
20250309,5,11,113
20250316,5,11,91
20250323,5,11,79
20250330,5,11,63
20250406,5,11,52
20250413,5,11,63
20250420,5,11,278
20250427,5,11,283
20250504,5,11,245
20250511,5,11,206
20250518,5,11,213
20250525,5,11,226
20250601,5,11,226
20250608,5,11,193
20250615,5,11,189
20250622,5,11,200
20250629,5,11,165
20250706,5,11,153
20250713,5,11,152
20250720,5,11,145
20250727,5,11,124
20250803,5,11,88
20250810,5,11,89
20250817,5,11,59
20250824,5,11,67
20250831,5,11,64
20250907,5,11,73
20250914,5,11,78
20250921,5,11,38
20250928,5,11,47
20251005,5,11,32
20251012,5,11,273
20251019,5,11,256
20251026,5,11,257
20251102,5,11,246
20251109,5,11,206
20251116,5,11,179
20251123,5,11,192
20251130,5,11,201
20251207,5,11,188
20251214,5,11,197
20251221,5,11,188
20251228,5,11,151
20260104,5,11,145
20260111,5,11,116
20260118,5,11,92
20260125,5,11,101
20260201,5,11,103
20260208,5,11,74
20260215,5,11,47
20260222,5,11,34
20260301,5,11,252
20260308,5,11,221
20260315,5,11,218
20260322,5,11,190
20260329,5,11,191
20260405,5,11,168
20260412,5,11,169
20260419,5,11,157
20260426,5,11,171
20260503,5,11,179
20260510,5,11,176
20260517,5,11,164
20260524,5,11,129
20260531,5,11,121
20260607,5,11,117
20260614,5,11,124
20260621,5,11,119
20260628,5,11,105
20260705,5,11,112
20260712,5,11,119
20260719,5,11,83
20260726,5,11,44
20260802,5,11,46
20260809,5,11,160
20260816,5,11,141
20260823,5,11,121
20250105,5,12,377
20250112,5,12,378
20250119,5,12,364
20250126,5,12,356
20250202,5,12,348
20250209,5,12,323
20250216,5,12,329
20250223,5,12,337
20250302,5,12,316
20250309,5,12,279
20250316,5,12,285
20250323,5,12,263
20250330,5,12,233
20250406,5,12,218
20250413,5,12,218
20250420,5,12,203
20250427,5,12,183
20250504,5,12,174
20250511,5,12,181
20250518,5,12,193
20250525,5,12,181
20250601,5,12,196
20250608,5,12,199
20250615,5,12,172
20250622,5,12,145
20250629,5,12,120
20250706,5,12,125
20250713,5,12,116
20250720,5,12,76
20250727,5,12,63
20250803,5,12,61
20250810,5,12,67
20250817,5,12,32
20250824,5,12,176
20250831,5,12,182
20250907,5,12,175
20250914,5,12,180
20250921,5,12,191
20250928,5,12,169
20251005,5,12,139
20251012,5,12,146
20251019,5,12,120
20251026,5,12,113
20251102,5,12,98
20251109,5,12,69
20251116,5,12,75
20251123,5,12,60
20251130,5,12,59
20251207,5,12,53
20251214,5,12,53
20251221,5,12,34
20251228,5,12,35
20260104,5,12,248
20260111,5,12,228
20260118,5,12,222
20260125,5,12,205
20260201,5,12,217
20260208,5,12,221
20260215,5,12,222
20260222,5,12,208
20260301,5,12,190
20260308,5,12,181
20260315,5,12,148
20260322,5,12,110
20260329,5,12,124
20260405,5,12,137
20260412,5,12,147
20260419,5,12,122
20260426,5,12,104
20260503,5,12,82
20260510,5,12,88
20260517,5,12,85
20260524,5,12,58
20260531,5,12,42
20260607,5,12,204
20260614,5,12,180
20260621,5,12,187
20260628,5,12,183
20260705,5,12,163
20260712,5,12,152
20260719,5,12,147
20260726,5,12,139
20260802,5,12,134
20260809,5,12,125
20260816,5,12,99
20260823,5,12,67
20250105,5,13,377
20250112,5,13,378
20250119,5,13,382
20250126,5,13,342
20250202,5,13,356
20250209,5,13,346
20250216,5,13,341
20250223,5,13,339
20250302,5,13,348
20250309,5,13,344
20250316,5,13,343
20250323,5,13,327
20250330,5,13,300
20250406,5,13,276
20250413,5,13,254
20250420,5,13,234
20250427,5,13,215
20250504,5,13,225
20250511,5,13,188
20250518,5,13,161
20250525,5,13,139
20250601,5,13,110
20250608,5,13,123
20250615,5,13,138
20250622,5,13,150
20250629,5,13,126
20250706,5,13,119
20250713,5,13,122
20250720,5,13,126
20250727,5,13,123
20250803,5,13,115
20250810,5,13,122
20250817,5,13,92
20250824,5,13,88
20250831,5,13,65
20250907,5,13,154
20250914,5,13,126
20250921,5,13,96
20250928,5,13,65
20251005,5,13,58
20251012,5,13,69
20251019,5,13,52
20251026,5,13,65
20251102,5,13,47
20251109,5,13,206
20251116,5,13,203
20251123,5,13,197
20251130,5,13,211
20251207,5,13,213
20251214,5,13,189
20251221,5,13,176
20251228,5,13,190
20260104,5,13,192
20260111,5,13,200
20260118,5,13,164
20260125,5,13,161
20260201,5,13,162
20260208,5,13,144
20260215,5,13,131
20260222,5,13,129
20260301,5,13,120
20260308,5,13,133
20260315,5,13,144
20260322,5,13,114
20260329,5,13,104
20260405,5,13,109
20260412,5,13,72
20260419,5,13,70
20260426,5,13,77
20260503,5,13,44
20260510,5,13,55
20260517,5,13,70
20260524,5,13,39
20260531,5,13,53
20260607,5,13,30
20260614,5,13,203
20260621,5,13,209
20260628,5,13,174
20260705,5,13,148
20260712,5,13,124
20260719,5,13,100
20260726,5,13,63
20260802,5,13,58
20260809,5,13,51
20260816,5,13,134
20260823,5,13,125
20250105,5,14,83
20250112,5,14,58
20250119,5,14,58
20250126,5,14,73
20250202,5,14,61
20250209,5,14,316
20250216,5,14,325
20250223,5,14,297
20250302,5,14,295
20250309,5,14,291
20250316,5,14,285
20250323,5,14,251
20250330,5,14,253
20250406,5,14,234
20250413,5,14,248
20250420,5,14,245
20250427,5,14,236
20250504,5,14,210
20250511,5,14,177
20250518,5,14,175
20250525,5,14,156
20250601,5,14,131
20250608,5,14,108
20250615,5,14,102
20250622,5,14,84
20250629,5,14,70
20250706,5,14,35
20250713,5,14,182
20250720,5,14,173
20250727,5,14,166
20250803,5,14,162
20250810,5,14,174
20250817,5,14,173
20250824,5,14,185
20250831,5,14,170
20250907,5,14,147
20250914,5,14,117
20250921,5,14,83
20250928,5,14,70
20251005,5,14,73
20251012,5,14,82
20251019,5,14,44
20251026,5,14,51
20251102,5,14,32
20251109,5,14,272
20251116,5,14,264
20251123,5,14,256
20251130,5,14,267
20251207,5,14,273
20251214,5,14,274
20251221,5,14,243
20251228,5,14,249
20260104,5,14,262
20260111,5,14,235
20260118,5,14,220
20260125,5,14,180
20260201,5,14,150
20260208,5,14,119
20260215,5,14,119
20260222,5,14,130
20260301,5,14,127
20260308,5,14,139
20260315,5,14,154
20260322,5,14,167
20260329,5,14,173
20260405,5,14,169
20260412,5,14,164
20260419,5,14,136
20260426,5,14,106
20260503,5,14,96
20260510,5,14,80
20260517,5,14,89
20260524,5,14,52
20260531,5,14,53
20260607,5,14,251
20260614,5,14,237
20260621,5,14,223
20260628,5,14,191
20260705,5,14,152
20260712,5,14,158
20260719,5,14,118
20260726,5,14,86
20260802,5,14,95
20260809,5,14,93
20260816,5,14,82
20260823,5,14,80
20250105,5,15,371
20250112,5,15,348
20250119,5,15,342
20250126,5,15,340
20250202,5,15,348
20250209,5,15,360
20250216,5,15,337
20250223,5,15,321
20250302,5,15,332
20250309,5,15,317
20250316,5,15,319
20250323,5,15,281
20250330,5,15,245
20250406,5,15,207
20250413,5,15,210
20250420,5,15,209
20250427,5,15,191
20250504,5,15,163
20250511,5,15,130
20250518,5,15,121
20250525,5,15,91
20250601,5,15,83
20250608,5,15,88
20250615,5,15,69
20250622,5,15,83
20250629,5,15,56
20250706,5,15,53
20250713,5,15,45
20250720,5,15,51
20250727,5,15,46
20250803,5,15,44
20250810,5,15,300
20250817,5,15,283
20250824,5,15,283
20250831,5,15,274
20250907,5,15,271
20250914,5,15,244
20250921,5,15,206
20250928,5,15,181
20251005,5,15,188
20251012,5,15,163
20251019,5,15,148
20251026,5,15,157
20251102,5,15,128
20251109,5,15,97
20251116,5,15,58
20251123,5,15,50
20251130,5,15,43
20251207,5,15,41
20251214,5,15,33
20251221,5,15,296
20251228,5,15,267
20260104,5,15,260
20260111,5,15,251
20260118,5,15,239
20260125,5,15,222
20260201,5,15,201
20260208,5,15,161
20260215,5,15,137
20260222,5,15,126
20260301,5,15,87
20260308,5,15,72
20260315,5,15,53
20260322,5,15,44
20260329,5,15,158
20260405,5,15,142
20260412,5,15,130
20260419,5,15,109
20260426,5,15,81
20260503,5,15,53
20260510,5,15,46
20260517,5,15,31
20260524,5,15,207
20260531,5,15,214
20260607,5,15,213
20260614,5,15,178
20260621,5,15,148
20260628,5,15,111
20260705,5,15,121
20260712,5,15,107
20260719,5,15,81
20260726,5,15,60
20260802,5,15,59
20260809,5,15,57
20260816,5,15,194
20260823,5,15,183
20250105,5,16,351
20250112,5,16,357
20250119,5,16,341
20250126,5,16,336
20250202,5,16,343
20250209,5,16,315
20250216,5,16,297
20250223,5,16,299
20250302,5,16,307
20250309,5,16,297
20250316,5,16,262
20250323,5,16,263
20250330,5,16,244
20250406,5,16,206
20250413,5,16,214
20250420,5,16,205
20250427,5,16,191
20250504,5,16,166
20250511,5,16,156
20250518,5,16,121
20250525,5,16,100
20250601,5,16,98
20250608,5,16,96
20250615,5,16,86
20250622,5,16,71
20250629,5,16,74
20250706,5,16,54
20250713,5,16,46
20250720,5,16,153
20250727,5,16,117
20250803,5,16,89
20250810,5,16,50
20250817,5,16,55
20250824,5,16,43
20250831,5,16,50
20250907,5,16,270
20250914,5,16,260
20250921,5,16,269
20250928,5,16,262
20251005,5,16,236
20251012,5,16,238
20251019,5,16,226
20251026,5,16,187
20251102,5,16,199
20251109,5,16,181
20251116,5,16,147
20251123,5,16,143
20251130,5,16,128
20251207,5,16,138
20251214,5,16,153
20251221,5,16,132
20251228,5,16,103
20260104,5,16,71
20260111,5,16,36
20260118,5,16,121
20260125,5,16,112
20260201,5,16,81
20260208,5,16,74
20260215,5,16,61
20260222,5,16,172
20260301,5,16,181
20260308,5,16,168
20260315,5,16,177
20260322,5,16,190
20260329,5,16,197
20260405,5,16,188
20260412,5,16,168
20260419,5,16,180
20260426,5,16,178
20260503,5,16,140
20260510,5,16,117
20260517,5,16,82
20260524,5,16,88
20260531,5,16,88
20260607,5,16,66
20260614,5,16,54
20260621,5,16,293
20260628,5,16,271
20260705,5,16,257
20260712,5,16,241
20260719,5,16,209
20260726,5,16,188
20260802,5,16,162
20260809,5,16,173
20260816,5,16,149
20260823,5,16,149
20250105,5,17,440
20250112,5,17,404
20250119,5,17,373
20250126,5,17,334
20250202,5,17,307
20250209,5,17,322
20250216,5,17,291
20250223,5,17,285
20250302,5,17,297
20250309,5,17,290
20250316,5,17,304
20250323,5,17,316
20250330,5,17,303
20250406,5,17,272
20250413,5,17,265
20250420,5,17,272
20250427,5,17,248
20250504,5,17,251
20250511,5,17,211
20250518,5,17,187
20250525,5,17,189
20250601,5,17,151
20250608,5,17,115
20250615,5,17,83
20250622,5,17,82
20250629,5,17,83
20250706,5,17,92
20250713,5,17,73
20250720,5,17,67
20250727,5,17,38
20250803,5,17,45
20250810,5,17,143
20250817,5,17,116
20250824,5,17,110
20250831,5,17,115
20250907,5,17,79
20250914,5,17,67
20250921,5,17,79
20250928,5,17,59
20251005,5,17,61
20251012,5,17,41
20251019,5,17,200
20251026,5,17,198
20251102,5,17,164
20251109,5,17,146
20251116,5,17,135
20251123,5,17,134
20251130,5,17,134
20251207,5,17,125
20251214,5,17,102
20251221,5,17,94
20251228,5,17,54
20260104,5,17,42
20260111,5,17,208
20260118,5,17,209
20260125,5,17,219
20260201,5,17,186
20260208,5,17,153
20260215,5,17,144
20260222,5,17,133
20260301,5,17,129
20260308,5,17,114
20260315,5,17,121
20260322,5,17,105
20260329,5,17,84
20260405,5,17,46
20260412,5,17,46
20260419,5,17,269
20260426,5,17,257
20260503,5,17,248
20260510,5,17,227
20260517,5,17,193
20260524,5,17,172
20260531,5,17,159
20260607,5,17,173
20260614,5,17,183
20260621,5,17,191
20260628,5,17,169
20260705,5,17,171
20260712,5,17,163
20260719,5,17,159
20260726,5,17,161
20260802,5,17,157
20260809,5,17,137
20260816,5,17,143
20260823,5,17,110
20250105,5,18,231
20250112,5,18,236
20250119,5,18,203
20250126,5,18,189
20250202,5,18,174
20250209,5,18,142
20250216,5,18,139
20250223,5,18,136
20250302,5,18,135
20250309,5,18,133
20250316,5,18,99
20250323,5,18,80
20250330,5,18,67
20250406,5,18,50
20250413,5,18,47
20250420,5,18,52
20250427,5,18,35
20250504,5,18,300
20250511,5,18,283
20250518,5,18,298
20250525,5,18,282
20250601,5,18,249
20250608,5,18,226
20250615,5,18,213
20250622,5,18,215
20250629,5,18,205
20250706,5,18,204
20250713,5,18,204
20250720,5,18,175
20250727,5,18,161
20250803,5,18,125
20250810,5,18,104
20250817,5,18,97
20250824,5,18,108
20250831,5,18,117
20250907,5,18,129
20250914,5,18,124
20250921,5,18,134
20250928,5,18,95
20251005,5,18,96
20251012,5,18,91
20251019,5,18,74
20251026,5,18,80
20251102,5,18,91
20251109,5,18,57
20251116,5,18,50
20251123,5,18,45
20251130,5,18,283
20251207,5,18,293
20251214,5,18,282
20251221,5,18,297
20251228,5,18,259
20260104,5,18,219
20260111,5,18,182
20260118,5,18,191
20260125,5,18,191
20260201,5,18,163
20260208,5,18,147
20260215,5,18,113
20260222,5,18,128
20260301,5,18,97
20260308,5,18,64
20260315,5,18,35
20260322,5,18,268
20260329,5,18,279
20260405,5,18,271
20260412,5,18,237
20260419,5,18,236
20260426,5,18,223
20260503,5,18,232
20260510,5,18,226
20260517,5,18,214
20260524,5,18,177
20260531,5,18,159
20260607,5,18,173
20260614,5,18,138
20260621,5,18,103
20260628,5,18,69
20260705,5,18,53
20260712,5,18,253
20260719,5,18,246
20260726,5,18,249
20260802,5,18,254
20260809,5,18,262
20260816,5,18,252
20260823,5,18,253
20250105,5,19,130
20250112,5,19,91
20250119,5,19,103
20250126,5,19,102
20250202,5,19,115
20250209,5,19,119
20250216,5,19,99
20250223,5,19,66
20250302,5,19,63
20250309,5,19,76
20250316,5,19,77
20250323,5,19,37
20250330,5,19,44
20250406,5,19,54
20250413,5,19,161
20250420,5,19,124
20250427,5,19,103
20250504,5,19,111
20250511,5,19,107
20250518,5,19,114
20250525,5,19,119
20250601,5,19,86
20250608,5,19,52
20250615,5,19,51
20250622,5,19,34
20250629,5,19,38
20250706,5,19,240
20250713,5,19,207
20250720,5,19,182
20250727,5,19,185
20250803,5,19,171
20250810,5,19,170
20250817,5,19,157
20250824,5,19,150
20250831,5,19,127
20250907,5,19,138
20250914,5,19,150
20250921,5,19,146
20250928,5,19,160
20251005,5,19,172
20251012,5,19,145
20251019,5,19,116
20251026,5,19,89
20251102,5,19,54
20251109,5,19,139
20251116,5,19,103
20251123,5,19,65
20251130,5,19,55
20251207,5,19,64
20251214,5,19,40
20251221,5,19,40
20251228,5,19,255
20260104,5,19,232
20260111,5,19,224
20260118,5,19,212
20260125,5,19,206
20260201,5,19,185
20260208,5,19,153
20260215,5,19,118
20260222,5,19,93
20260301,5,19,104
20260308,5,19,114
20260315,5,19,75
20260322,5,19,73
20260329,5,19,63
20260405,5,19,65
20260412,5,19,32
20260419,5,19,46
20260426,5,19,285
20260503,5,19,289
20260510,5,19,254
20260517,5,19,269
20260524,5,19,254
20260531,5,19,228
20260607,5,19,224
20260614,5,19,212
20260621,5,19,197
20260628,5,19,193
20260705,5,19,193
20260712,5,19,186
20260719,5,19,183
20260726,5,19,150
20260802,5,19,134
20260809,5,19,102
20260816,5,19,75
20260823,5,19,48
20250105,5,20,188
20250112,5,20,152
20250119,5,20,147
20250126,5,20,117
20250202,5,20,97
20250209,5,20,108
20250216,5,20,113
20250223,5,20,95
20250302,5,20,68
20250309,5,20,44
20250316,5,20,30
20250323,5,20,150
20250330,5,20,117
20250406,5,20,80
20250413,5,20,54
20250420,5,20,163
20250427,5,20,138
20250504,5,20,113
20250511,5,20,99
20250518,5,20,74
20250525,5,20,57
20250601,5,20,50
20250608,5,20,60
20250615,5,20,49
20250622,5,20,42
20250629,5,20,233
20250706,5,20,223
20250713,5,20,193
20250720,5,20,174
20250727,5,20,170
20250803,5,20,184
20250810,5,20,146
20250817,5,20,140
20250824,5,20,136
20250831,5,20,96
20250907,5,20,64
20250914,5,20,146
20250921,5,20,134
20250928,5,20,94
20251005,5,20,98
20251012,5,20,91
20251019,5,20,95
20251026,5,20,98
20251102,5,20,109
20251109,5,20,71
20251116,5,20,65
20251123,5,20,64
20251130,5,20,67
20251207,5,20,42
20251214,5,20,48
20251221,5,20,299
20251228,5,20,288
20260104,5,20,272
20260111,5,20,233
20260118,5,20,200
20260125,5,20,164
20260201,5,20,175
20260208,5,20,155
20260215,5,20,115
20260222,5,20,94
20260301,5,20,60
20260308,5,20,46
20260315,5,20,43
20260322,5,20,121
20260329,5,20,136
20260405,5,20,145
20260412,5,20,142
20260419,5,20,147
20260426,5,20,142
20260503,5,20,113
20260510,5,20,100
20260517,5,20,92
20260524,5,20,95
20260531,5,20,65
20260607,5,20,30
20260614,5,20,119
20260621,5,20,83
20260628,5,20,62
20260705,5,20,39
20260712,5,20,45
20260719,5,20,53
20260726,5,20,58
20260802,5,20,73
20260809,5,20,80
20260816,5,20,54
20260823,5,20,303
20250105,5,21,182
20250112,5,21,151
20250119,5,21,117
20250126,5,21,111
20250202,5,21,125
20250209,5,21,117
20250216,5,21,80
20250223,5,21,42
20250302,5,21,45
20250309,5,21,300
20250316,5,21,313
20250323,5,21,319
20250330,5,21,302
20250406,5,21,279
20250413,5,21,258
20250420,5,21,233
20250427,5,21,221
20250504,5,21,196
20250511,5,21,165
20250518,5,21,151
20250525,5,21,120
20250601,5,21,103
20250608,5,21,73
20250615,5,21,80
20250622,5,21,92
20250629,5,21,86
20250706,5,21,71
20250713,5,21,60
20250720,5,21,69
20250727,5,21,30
20250803,5,21,40
20250810,5,21,252
20250817,5,21,257
20250824,5,21,250
20250831,5,21,218
20250907,5,21,219
20250914,5,21,205
20250921,5,21,191
20250928,5,21,205
20251005,5,21,172
20251012,5,21,146
20251019,5,21,143
20251026,5,21,150
20251102,5,21,136
20251109,5,21,120
20251116,5,21,94
20251123,5,21,101
20251130,5,21,73
20251207,5,21,55
20251214,5,21,42
20251221,5,21,290
20251228,5,21,290
20260104,5,21,300
20260111,5,21,281
20260118,5,21,253
20260125,5,21,260
20260201,5,21,260
20260208,5,21,239
20260215,5,21,215
20260222,5,21,219
20260301,5,21,212
20260308,5,21,177
20260315,5,21,149
20260322,5,21,128
20260329,5,21,143
20260405,5,21,118
20260412,5,21,100
20260419,5,21,60
20260426,5,21,68
20260503,5,21,47
20260510,5,21,187
20260517,5,21,171
20260524,5,21,172
20260531,5,21,161
20260607,5,21,144
20260614,5,21,114
20260621,5,21,102
20260628,5,21,112
20260705,5,21,77
20260712,5,21,48
20260719,5,21,42
20260726,5,21,265
20260802,5,21,255
20260809,5,21,224
20260816,5,21,207
20260823,5,21,209
20250105,5,22,139
20250112,5,22,153
20250119,5,22,136
20250126,5,22,139
20250202,5,22,117
20250209,5,22,127
20250216,5,22,91
20250223,5,22,64
20250302,5,22,62
20250309,5,22,71
20250316,5,22,45
20250323,5,22,246
20250330,5,22,219
20250406,5,22,219
20250413,5,22,179
20250420,5,22,176
20250427,5,22,182
20250504,5,22,192
20250511,5,22,152
20250518,5,22,163
20250525,5,22,150
20250601,5,22,165
20250608,5,22,139
20250615,5,22,145
20250622,5,22,127
20250629,5,22,119
20250706,5,22,121
20250713,5,22,136
20250720,5,22,98
20250727,5,22,71
20250803,5,22,52
20250810,5,22,58
20250817,5,22,65
20250824,5,22,80
20250831,5,22,60
20250907,5,22,40
20250914,5,22,204
20250921,5,22,215
20250928,5,22,215
20251005,5,22,209
20251012,5,22,213
20251019,5,22,219
20251026,5,22,234
20251102,5,22,228
20251109,5,22,230
20251116,5,22,230
20251123,5,22,216
20251130,5,22,182
20251207,5,22,148
20251214,5,22,144
20251221,5,22,154
20251228,5,22,166
20260104,5,22,169
20260111,5,22,178
20260118,5,22,145
20260125,5,22,115
20260201,5,22,118
20260208,5,22,80
20260215,5,22,94
20260222,5,22,59
20260301,5,22,234
20260308,5,22,235
20260315,5,22,197
20260322,5,22,193
20260329,5,22,171
20260405,5,22,150
20260412,5,22,147
20260419,5,22,157
20260426,5,22,144
20260503,5,22,116
20260510,5,22,111
20260517,5,22,120
20260524,5,22,128
20260531,5,22,118
20260607,5,22,91
20260614,5,22,99
20260621,5,22,90
20260628,5,22,62
20260705,5,22,52
20260712,5,22,202
20260719,5,22,166
20260726,5,22,132
20260802,5,22,105
20260809,5,22,73
20260816,5,22,60
20260823,5,22,60
20250105,5,23,151
20250112,5,23,133
20250119,5,23,132
20250126,5,23,123
20250202,5,23,121
20250209,5,23,82
20250216,5,23,95
20250223,5,23,76
20250302,5,23,90
20250309,5,23,55
20250316,5,23,31
20250323,5,23,291
20250330,5,23,288
20250406,5,23,265
20250413,5,23,267
20250420,5,23,281
20250427,5,23,280
20250504,5,23,258
20250511,5,23,229
20250518,5,23,213
20250525,5,23,185
20250601,5,23,195
20250608,5,23,207
20250615,5,23,187
20250622,5,23,199
20250629,5,23,198
20250706,5,23,210
20250713,5,23,198
20250720,5,23,163
20250727,5,23,161
20250803,5,23,167
20250810,5,23,175
20250817,5,23,151
20250824,5,23,147
20250831,5,23,118
20250907,5,23,109
20250914,5,23,117
20250921,5,23,119
20250928,5,23,107
20251005,5,23,98
20251012,5,23,101
20251019,5,23,113
20251026,5,23,94
20251102,5,23,91
20251109,5,23,73
20251116,5,23,37
20251123,5,23,270
20251130,5,23,284
20251207,5,23,249
20251214,5,23,264
20251221,5,23,236
20251228,5,23,207
20260104,5,23,167
20260111,5,23,168
20260118,5,23,173
20260125,5,23,156
20260201,5,23,154
20260208,5,23,151
20260215,5,23,143
20260222,5,23,124
20260301,5,23,137
20260308,5,23,111
20260315,5,23,114
20260322,5,23,123
20260329,5,23,127
20260405,5,23,141
20260412,5,23,130
20260419,5,23,98
20260426,5,23,63
20260503,5,23,70
20260510,5,23,70
20260517,5,23,53
20260524,5,23,65
20260531,5,23,31
20260607,5,23,140
20260614,5,23,148
20260621,5,23,144
20260628,5,23,159
20260705,5,23,172
20260712,5,23,180
20260719,5,23,172
20260726,5,23,184
20260802,5,23,197
20260809,5,23,182
20260816,5,23,158
20260823,5,23,140
20250105,5,24,427
20250112,5,24,387
20250119,5,24,365
20250126,5,24,331
20250202,5,24,298
20250209,5,24,262
20250216,5,24,238
20250223,5,24,212
20250302,5,24,178
20250309,5,24,177
20250316,5,24,175
20250323,5,24,176
20250330,5,24,171
20250406,5,24,134
20250413,5,24,131
20250420,5,24,146
20250427,5,24,141
20250504,5,24,117
20250511,5,24,131
20250518,5,24,143
20250525,5,24,130
20250601,5,24,131
20250608,5,24,120
20250615,5,24,116
20250622,5,24,108
20250629,5,24,118
20250706,5,24,121
20250713,5,24,132
20250720,5,24,92
20250727,5,24,101
20250803,5,24,99
20250810,5,24,65
20250817,5,24,50
20250824,5,24,52
20250831,5,24,61
20250907,5,24,30
20250914,5,24,39
20250921,5,24,137
20250928,5,24,142
20251005,5,24,115
20251012,5,24,81
20251019,5,24,53
20251026,5,24,30
20251102,5,24,36
20251109,5,24,39
20251116,5,24,146
20251123,5,24,122
20251130,5,24,135
20251207,5,24,133
20251214,5,24,109
20251221,5,24,72
20251228,5,24,32
20260104,5,24,38
20260111,5,24,38
20260118,5,24,38
20260125,5,24,35
20260201,5,24,154
20260208,5,24,158
20260215,5,24,162
20260222,5,24,162
20260301,5,24,122
20260308,5,24,120
20260315,5,24,121
20260322,5,24,131
20260329,5,24,101
20260405,5,24,83
20260412,5,24,95
20260419,5,24,74
20260426,5,24,45
20260503,5,24,309
20260510,5,24,316
20260517,5,24,285
20260524,5,24,245
20260531,5,24,217
20260607,5,24,187
20260614,5,24,175
20260621,5,24,173
20260628,5,24,168
20260705,5,24,128
20260712,5,24,102
20260719,5,24,114
20260726,5,24,103
20260802,5,24,95
20260809,5,24,93
20260816,5,24,59
20260823,5,24,50
20250105,5,25,429
20250112,5,25,434
20250119,5,25,445
20250126,5,25,423
20250202,5,25,416
20250209,5,25,429
20250216,5,25,409
20250223,5,25,395
20250302,5,25,363
20250309,5,25,337
20250316,5,25,314
20250323,5,25,278
20250330,5,25,293
20250406,5,25,290
20250413,5,25,292
20250420,5,25,287
20250427,5,25,260
20250504,5,25,241
20250511,5,25,205
20250518,5,25,208
20250525,5,25,180
20250601,5,25,146
20250608,5,25,115
20250615,5,25,118
20250622,5,25,125
20250629,5,25,87
20250706,5,25,47
20250713,5,25,48
20250720,5,25,238
20250727,5,25,216
20250803,5,25,188
20250810,5,25,164
20250817,5,25,136
20250824,5,25,125
20250831,5,25,123
20250907,5,25,123
20250914,5,25,112
20250921,5,25,121
20250928,5,25,100
20251005,5,25,90
20251012,5,25,73
20251019,5,25,80
20251026,5,25,69
20251102,5,25,33
20251109,5,25,205
20251116,5,25,169
20251123,5,25,163
20251130,5,25,168
20251207,5,25,138
20251214,5,25,141
20251221,5,25,151
20251228,5,25,162
20260104,5,25,139
20260111,5,25,145
20260118,5,25,153
20260125,5,25,160
20260201,5,25,168
20260208,5,25,135
20260215,5,25,128
20260222,5,25,89
20260301,5,25,49
20260308,5,25,253
20260315,5,25,221
20260322,5,25,229
20260329,5,25,206
20260405,5,25,175
20260412,5,25,150
20260419,5,25,130
20260426,5,25,137
20260503,5,25,98
20260510,5,25,69
20260517,5,25,70
20260524,5,25,83
20260531,5,25,91
20260607,5,25,63
20260614,5,25,31
20260621,5,25,41
20260628,5,25,43
20260705,5,25,31
20260712,5,25,300
20260719,5,25,309
20260726,5,25,277
20260802,5,25,290
20260809,5,25,272
20260816,5,25,254
20260823,5,25,235
20250105,5,26,78
20250112,5,26,63
20250119,5,26,68
20250126,5,26,40
20250202,5,26,311
20250209,5,26,298
20250216,5,26,280
20250223,5,26,275
20250302,5,26,281
20250309,5,26,293
20250316,5,26,264
20250323,5,26,277
20250330,5,26,283
20250406,5,26,271
20250413,5,26,247
20250420,5,26,210
20250427,5,26,212
20250504,5,26,199
20250511,5,26,195
20250518,5,26,201
20250525,5,26,179
20250601,5,26,152
20250608,5,26,134
20250615,5,26,123
20250622,5,26,119
20250629,5,26,100
20250706,5,26,108
20250713,5,26,83
20250720,5,26,70
20250727,5,26,41
20250803,5,26,232
20250810,5,26,230
20250817,5,26,206
20250824,5,26,203
20250831,5,26,203
20250907,5,26,184
20250914,5,26,177
20250921,5,26,138
20250928,5,26,140
20251005,5,26,142
20251012,5,26,135
20251019,5,26,100
20251026,5,26,98
20251102,5,26,77
20251109,5,26,86
20251116,5,26,64
20251123,5,26,52
20251130,5,26,34
20251207,5,26,221
20251214,5,26,227
20251221,5,26,210
20251228,5,26,172
20260104,5,26,137
20260111,5,26,131
20260118,5,26,146
20260125,5,26,107
20260201,5,26,114
20260208,5,26,106
20260215,5,26,84
20260222,5,26,74
20260301,5,26,47
20260308,5,26,42
20260315,5,26,53
20260322,5,26,42
20260329,5,26,281
20260405,5,26,291
20260412,5,26,304
20260419,5,26,300
20260426,5,26,295
20260503,5,26,272
20260510,5,26,265
20260517,5,26,238
20260524,5,26,248
20260531,5,26,228
20260607,5,26,223
20260614,5,26,200
20260621,5,26,165
20260628,5,26,135
20260705,5,26,145
20260712,5,26,140
20260719,5,26,117
20260726,5,26,80
20260802,5,26,77
20260809,5,26,69
20260816,5,26,33
20260823,5,26,32
20250105,5,27,347
20250112,5,27,325
20250119,5,27,302
20250126,5,27,281
20250202,5,27,294
20250209,5,27,284
20250216,5,27,253
20250223,5,27,221
20250302,5,27,224
20250309,5,27,233
20250316,5,27,248
20250323,5,27,218
20250330,5,27,217
20250406,5,27,201
20250413,5,27,207
20250420,5,27,183
20250427,5,27,178
20250504,5,27,192
20250511,5,27,184
20250518,5,27,179
20250525,5,27,151
20250601,5,27,152
20250608,5,27,166
20250615,5,27,178
20250622,5,27,138
20250629,5,27,102
20250706,5,27,102
20250713,5,27,75
20250720,5,27,71
20250727,5,27,43
20250803,5,27,322
20250810,5,27,324
20250817,5,27,336
20250824,5,27,296
20250831,5,27,270
20250907,5,27,238
20250914,5,27,226
20250921,5,27,235
20250928,5,27,217
20251005,5,27,189
20251012,5,27,200
20251019,5,27,207
20251026,5,27,187
20251102,5,27,150
20251109,5,27,142
20251116,5,27,111
20251123,5,27,72
20251130,5,27,42
20251207,5,27,182
20251214,5,27,144
20251221,5,27,143
20251228,5,27,147
20260104,5,27,157
20260111,5,27,160
20260118,5,27,146
20260125,5,27,147
20260201,5,27,129
20260208,5,27,122
20260215,5,27,99
20260222,5,27,105
20260301,5,27,86
20260308,5,27,73
20260315,5,27,51
20260322,5,27,61
20260329,5,27,62
20260405,5,27,43
20260412,5,27,55
20260419,5,27,37
20260426,5,27,102
20260503,5,27,113
20260510,5,27,116
20260517,5,27,91
20260524,5,27,98
20260531,5,27,92
20260607,5,27,55
20260614,5,27,67
20260621,5,27,56
20260628,5,27,58
20260705,5,27,30
20260712,5,27,45
20260719,5,27,33
20260726,5,27,142
20260802,5,27,120
20260809,5,27,110
20260816,5,27,81
20260823,5,27,72
20250105,5,28,316
20250112,5,28,310
20250119,5,28,292
20250126,5,28,298
20250202,5,28,296
20250209,5,28,277
20250216,5,28,263
20250223,5,28,252
20250302,5,28,236
20250309,5,28,224
20250316,5,28,210
20250323,5,28,202
20250330,5,28,190
20250406,5,28,162
20250413,5,28,133
20250420,5,28,102
20250427,5,28,110
20250504,5,28,86
20250511,5,28,64
20250518,5,28,54
20250525,5,28,48
20250601,5,28,40
20250608,5,28,186
20250615,5,28,173
20250622,5,28,169
20250629,5,28,154
20250706,5,28,164
20250713,5,28,155
20250720,5,28,129
20250727,5,28,139
20250803,5,28,100
20250810,5,28,102
20250817,5,28,102
20250824,5,28,109
20250831,5,28,103
20250907,5,28,113
20250914,5,28,84
20250921,5,28,47
20250928,5,28,290
20251005,5,28,295
20251012,5,28,261
20251019,5,28,233
20251026,5,28,237
20251102,5,28,251
20251109,5,28,213
20251116,5,28,199
20251123,5,28,177
20251130,5,28,180
20251207,5,28,155
20251214,5,28,133
20251221,5,28,101
20251228,5,28,92
20260104,5,28,60
20260111,5,28,73
20260118,5,28,78
20260125,5,28,80
20260201,5,28,50
20260208,5,28,53
20260215,5,28,65
20260222,5,28,39
20260301,5,28,53
20260308,5,28,64
20260315,5,28,46
20260322,5,28,46
20260329,5,28,312
20260405,5,28,298
20260412,5,28,305
20260419,5,28,312
20260426,5,28,327
20260503,5,28,305
20260510,5,28,290
20260517,5,28,251
20260524,5,28,231
20260531,5,28,198
20260607,5,28,206
20260614,5,28,169
20260621,5,28,181
20260628,5,28,173
20260705,5,28,151
20260712,5,28,131
20260719,5,28,106
20260726,5,28,95
20260802,5,28,81
20260809,5,28,62
20260816,5,28,44
20260823,5,28,277
20250105,5,29,129
20250112,5,29,112
20250119,5,29,86
20250126,5,29,86
20250202,5,29,77
20250209,5,29,59
20250216,5,29,62
20250223,5,29,66
20250302,5,29,30
20250309,5,29,42
20250316,5,29,193
20250323,5,29,178
20250330,5,29,150
20250406,5,29,156
20250413,5,29,150
20250420,5,29,152
20250427,5,29,167
20250504,5,29,128
20250511,5,29,100
20250518,5,29,107
20250525,5,29,96
20250601,5,29,68
20250608,5,29,70
20250615,5,29,45
20250622,5,29,300
20250629,5,29,295
20250706,5,29,305
20250713,5,29,298
20250720,5,29,259
20250727,5,29,219
20250803,5,29,193
20250810,5,29,167
20250817,5,29,175
20250824,5,29,145
20250831,5,29,135
20250907,5,29,137
20250914,5,29,114
20250921,5,29,120
20250928,5,29,88
20251005,5,29,54
20251012,5,29,65
20251019,5,29,60
20251026,5,29,125
20251102,5,29,123
20251109,5,29,85
20251116,5,29,93
20251123,5,29,86
20251130,5,29,47
20251207,5,29,174
20251214,5,29,154
20251221,5,29,164
20251228,5,29,129
20260104,5,29,114
20260111,5,29,112
20260118,5,29,93
20260125,5,29,61
20260201,5,29,71
20260208,5,29,72
20260215,5,29,40
20260222,5,29,30
20260301,5,29,260
20260308,5,29,256
20260315,5,29,270
20260322,5,29,262
20260329,5,29,274
20260405,5,29,268
20260412,5,29,272
20260419,5,29,233
20260426,5,29,195
20260503,5,29,187
20260510,5,29,169
20260517,5,29,172
20260524,5,29,170
20260531,5,29,132
20260607,5,29,129
20260614,5,29,126
20260621,5,29,100
20260628,5,29,108
20260705,5,29,79
20260712,5,29,47
20260719,5,29,251
20260726,5,29,252
20260802,5,29,227
20260809,5,29,190
20260816,5,29,176
20260823,5,29,180
20250105,5,30,353
20250112,5,30,333
20250119,5,30,316
20250126,5,30,324
20250202,5,30,299
20250209,5,30,305
20250216,5,30,271
20250223,5,30,259
20250302,5,30,223
20250309,5,30,235
20250316,5,30,212
20250323,5,30,210
20250330,5,30,200
20250406,5,30,210
20250413,5,30,219
20250420,5,30,204
20250427,5,30,188
20250504,5,30,185
20250511,5,30,146
20250518,5,30,118
20250525,5,30,78
20250601,5,30,54
20250608,5,30,137
20250615,5,30,146
20250622,5,30,114
20250629,5,30,83
20250706,5,30,70
20250713,5,30,79
20250720,5,30,54
20250727,5,30,41
20250803,5,30,156
20250810,5,30,152
20250817,5,30,138
20250824,5,30,123
20250831,5,30,129
20250907,5,30,117
20250914,5,30,132
20250921,5,30,104
20250928,5,30,98
20251005,5,30,104
20251012,5,30,80
20251019,5,30,73
20251026,5,30,80
20251102,5,30,71
20251109,5,30,56
20251116,5,30,59
20251123,5,30,156
20251130,5,30,131
20251207,5,30,122
20251214,5,30,116
20251221,5,30,125
20251228,5,30,116
20260104,5,30,85
20260111,5,30,75
20260118,5,30,54
20260125,5,30,65
20260201,5,30,273
20260208,5,30,246
20260215,5,30,217
20260222,5,30,201
20260301,5,30,168
20260308,5,30,134
20260315,5,30,99
20260322,5,30,72
20260329,5,30,82
20260405,5,30,97
20260412,5,30,68
20260419,5,30,58
20260426,5,30,53
20260503,5,30,57
20260510,5,30,37
20260517,5,30,153
20260524,5,30,150
20260531,5,30,154
20260607,5,30,161
20260614,5,30,172
20260621,5,30,138
20260628,5,30,106
20260705,5,30,81
20260712,5,30,68
20260719,5,30,66
20260726,5,30,77
20260802,5,30,48
20260809,5,30,39
20260816,5,30,45
20260823,5,30,38
20250105,5,31,444
20250112,5,31,427
20250119,5,31,412
20250126,5,31,405
20250202,5,31,373
20250209,5,31,379
20250216,5,31,367
20250223,5,31,380
20250302,5,31,355
20250309,5,31,332
20250316,5,31,315
20250323,5,31,321
20250330,5,31,332
20250406,5,31,326
20250413,5,31,311
20250420,5,31,309
20250427,5,31,278
20250504,5,31,277
20250511,5,31,269
20250518,5,31,252
20250525,5,31,226
20250601,5,31,193
20250608,5,31,157
20250615,5,31,121
20250622,5,31,116
20250629,5,31,124
20250706,5,31,85
20250713,5,31,50
20250720,5,31,41
20250727,5,31,30
20250803,5,31,317
20250810,5,31,309
20250817,5,31,289
20250824,5,31,292
20250831,5,31,271
20250907,5,31,237
20250914,5,31,197
20250921,5,31,180
20250928,5,31,157
20251005,5,31,138
20251012,5,31,151
20251019,5,31,115
20251026,5,31,124
20251102,5,31,135
20251109,5,31,141
20251116,5,31,126
20251123,5,31,128
20251130,5,31,94
20251207,5,31,99
20251214,5,31,59
20251221,5,31,276
20251228,5,31,250
20260104,5,31,215
20260111,5,31,228
20260118,5,31,219
20260125,5,31,211
20260201,5,31,192
20260208,5,31,162
20260215,5,31,150
20260222,5,31,145
20260301,5,31,141
20260308,5,31,109
20260315,5,31,71
20260322,5,31,48
20260329,5,31,45
20260405,5,31,198
20260412,5,31,188
20260419,5,31,167
20260426,5,31,170
20260503,5,31,148
20260510,5,31,160
20260517,5,31,138
20260524,5,31,148
20260531,5,31,160
20260607,5,31,153
20260614,5,31,148
20260621,5,31,141
20260628,5,31,102
20260705,5,31,101
20260712,5,31,93
20260719,5,31,53
20260726,5,31,275
20260802,5,31,250
20260809,5,31,221
20260816,5,31,230
20260823,5,31,191
20250105,5,32,180
20250112,5,32,171
20250119,5,32,157
20250126,5,32,127
20250202,5,32,124
20250209,5,32,139
20250216,5,32,108
20250223,5,32,114
20250302,5,32,122
20250309,5,32,113
20250316,5,32,107
20250323,5,32,82
20250330,5,32,42
20250406,5,32,43
20250413,5,32,186
20250420,5,32,196
20250427,5,32,188
20250504,5,32,183
20250511,5,32,144
20250518,5,32,158
20250525,5,32,133
20250601,5,32,117
20250608,5,32,99
20250615,5,32,75
20250622,5,32,55
20250629,5,32,65
20250706,5,32,71
20250713,5,32,78
20250720,5,32,70
20250727,5,32,62
20250803,5,32,62
20250810,5,32,64
20250817,5,32,74
20250824,5,32,82
20250831,5,32,44
20250907,5,32,55
20250914,5,32,187
20250921,5,32,198
20250928,5,32,208
20251005,5,32,192
20251012,5,32,194
20251019,5,32,154
20251026,5,32,154
20251102,5,32,137
20251109,5,32,146
20251116,5,32,117
20251123,5,32,122
20251130,5,32,102
20251207,5,32,117
20251214,5,32,105
20251221,5,32,100
20251228,5,32,92
20260104,5,32,83
20260111,5,32,67
20260118,5,32,56
20260125,5,32,41
20260201,5,32,147
20260208,5,32,136
20260215,5,32,143
20260222,5,32,148
20260301,5,32,123
20260308,5,32,88
20260315,5,32,84
20260322,5,32,83
20260329,5,32,50
20260405,5,32,35
20260412,5,32,46
20260419,5,32,296
20260426,5,32,299
20260503,5,32,278
20260510,5,32,256
20260517,5,32,246
20260524,5,32,215
20260531,5,32,193
20260607,5,32,207
20260614,5,32,211
20260621,5,32,214
20260628,5,32,191
20260705,5,32,204
20260712,5,32,175
20260719,5,32,138
20260726,5,32,110
20260802,5,32,92
20260809,5,32,96
20260816,5,32,57
20260823,5,32,151
20250105,5,33,330
20250112,5,33,297
20250119,5,33,264
20250126,5,33,253
20250202,5,33,229
20250209,5,33,199
20250216,5,33,205
20250223,5,33,178
20250302,5,33,166
20250309,5,33,126
20250316,5,33,130
20250323,5,33,108
20250330,5,33,116
20250406,5,33,123
20250413,5,33,83
20250420,5,33,45
20250427,5,33,53
20250504,5,33,50
20250511,5,33,55
20250518,5,33,133
20250525,5,33,137
20250601,5,33,137
20250608,5,33,108
20250615,5,33,95
20250622,5,33,71
20250629,5,33,66
20250706,5,33,56
20250713,5,33,279
20250720,5,33,279
20250727,5,33,252
20250803,5,33,258
20250810,5,33,259
20250817,5,33,238
20250824,5,33,200
20250831,5,33,185
20250907,5,33,154
20250914,5,33,165
20250921,5,33,132
20250928,5,33,143
20251005,5,33,129
20251012,5,33,94
20251019,5,33,99
20251026,5,33,70
20251102,5,33,66
20251109,5,33,77
20251116,5,33,43
20251123,5,33,288
20251130,5,33,264
20251207,5,33,228
20251214,5,33,225
20251221,5,33,194
20251228,5,33,162
20260104,5,33,125
20260111,5,33,119
20260118,5,33,113
20260125,5,33,98
20260201,5,33,94
20260208,5,33,108
20260215,5,33,100
20260222,5,33,91
20260301,5,33,93
20260308,5,33,90
20260315,5,33,58
20260322,5,33,58
20260329,5,33,61
20260405,5,33,75
20260412,5,33,44
20260419,5,33,286
20260426,5,33,264
20260503,5,33,259
20260510,5,33,256
20260517,5,33,219
20260524,5,33,234
20260531,5,33,225
20260607,5,33,191
20260614,5,33,198
20260621,5,33,191
20260628,5,33,198
20260705,5,33,162
20260712,5,33,177
20260719,5,33,186
20260726,5,33,184
20260802,5,33,151
20260809,5,33,165
20260816,5,33,152
20260823,5,33,156
20250105,5,34,307
20250112,5,34,272
20250119,5,34,287
20250126,5,34,286
20250202,5,34,259
20250209,5,34,228
20250216,5,34,242
20250223,5,34,245
20250302,5,34,220
20250309,5,34,223
20250316,5,34,185
20250323,5,34,158
20250330,5,34,163
20250406,5,34,153
20250413,5,34,129
20250420,5,34,118
20250427,5,34,89
20250504,5,34,66
20250511,5,34,56
20250518,5,34,51
20250525,5,34,54
20250601,5,34,54
20250608,5,34,261
20250615,5,34,255
20250622,5,34,260
20250629,5,34,270
20250706,5,34,256
20250713,5,34,249
20250720,5,34,240
20250727,5,34,215
20250803,5,34,209
20250810,5,34,215
20250817,5,34,220
20250824,5,34,213
20250831,5,34,216
20250907,5,34,210
20250914,5,34,203
20250921,5,34,197
20250928,5,34,211
20251005,5,34,184
20251012,5,34,153
20251019,5,34,138
20251026,5,34,114
20251102,5,34,102
20251109,5,34,93
20251116,5,34,83
20251123,5,34,74
20251130,5,34,61
20251207,5,34,53
20251214,5,34,192
20251221,5,34,190
20251228,5,34,200
20260104,5,34,193
20260111,5,34,155
20260118,5,34,125
20260125,5,34,121
20260201,5,34,99
20260208,5,34,96
20260215,5,34,65
20260222,5,34,57
20260301,5,34,144
20260308,5,34,153
20260315,5,34,156
20260322,5,34,130
20260329,5,34,120
20260405,5,34,99
20260412,5,34,99
20260419,5,34,95
20260426,5,34,76
20260503,5,34,60
20260510,5,34,46
20260517,5,34,235
20260524,5,34,217
20260531,5,34,229
20260607,5,34,215
20260614,5,34,176
20260621,5,34,181
20260628,5,34,165
20260705,5,34,156
20260712,5,34,119
20260719,5,34,80
20260726,5,34,95
20260802,5,34,91
20260809,5,34,57
20260816,5,34,301
20260823,5,34,297
20250105,5,35,122
20250112,5,35,93
20250119,5,35,59
20250126,5,35,248
20250202,5,35,242
20250209,5,35,222
20250216,5,35,228
20250223,5,35,223
20250302,5,35,204
20250309,5,35,214
20250316,5,35,177
20250323,5,35,167
20250330,5,35,162
20250406,5,35,147
20250413,5,35,122
20250420,5,35,90
20250427,5,35,88
20250504,5,35,73
20250511,5,35,85
20250518,5,35,61
20250525,5,35,48
20250601,5,35,59
20250608,5,35,73
20250615,5,35,46
20250622,5,35,40
20250629,5,35,44
20250706,5,35,283
20250713,5,35,246
20250720,5,35,217
20250727,5,35,207
20250803,5,35,209
20250810,5,35,194
20250817,5,35,164
20250824,5,35,170
20250831,5,35,173
20250907,5,35,169
20250914,5,35,136
20250921,5,35,115
20250928,5,35,124
20251005,5,35,128
20251012,5,35,131
20251019,5,35,105
20251026,5,35,91
20251102,5,35,73
20251109,5,35,34
20251116,5,35,201
20251123,5,35,174
20251130,5,35,184
20251207,5,35,146
20251214,5,35,160
20251221,5,35,124
20251228,5,35,88
20260104,5,35,97
20260111,5,35,70
20260118,5,35,85
20260125,5,35,50
20260201,5,35,42
20260208,5,35,178
20260215,5,35,176
20260222,5,35,138
20260301,5,35,135
20260308,5,35,145
20260315,5,35,120
20260322,5,35,93
20260329,5,35,62
20260405,5,35,77
20260412,5,35,55
20260419,5,35,205
20260426,5,35,212
20260503,5,35,174
20260510,5,35,164
20260517,5,35,152
20260524,5,35,125
20260531,5,35,105
20260607,5,35,112
20260614,5,35,93
20260621,5,35,72
20260628,5,35,66
20260705,5,35,59
20260712,5,35,33
20260719,5,35,32
20260726,5,35,136
20260802,5,35,148
20260809,5,35,148
20260816,5,35,119
20260823,5,35,133
20250105,5,36,297
20250112,5,36,261
20250119,5,36,229
20250126,5,36,190
20250202,5,36,165
20250209,5,36,155
20250216,5,36,117
20250223,5,36,80
20250302,5,36,91
20250309,5,36,64
20250316,5,36,41
20250323,5,36,299
20250330,5,36,312
20250406,5,36,282
20250413,5,36,255
20250420,5,36,252
20250427,5,36,220
20250504,5,36,206
20250511,5,36,181
20250518,5,36,195
20250525,5,36,204
20250601,5,36,210
20250608,5,36,198
20250615,5,36,181
20250622,5,36,160
20250629,5,36,152
20250706,5,36,126
20250713,5,36,110
20250720,5,36,86
20250727,5,36,51
20250803,5,36,39
20250810,5,36,304
20250817,5,36,278
20250824,5,36,253
20250831,5,36,267
20250907,5,36,246
20250914,5,36,216
20250921,5,36,178
20250928,5,36,191
20251005,5,36,155
20251012,5,36,170
20251019,5,36,130
20251026,5,36,144
20251102,5,36,108
20251109,5,36,111
20251116,5,36,84
20251123,5,36,70
20251130,5,36,63
20251207,5,36,65
20251214,5,36,62
20251221,5,36,72
20251228,5,36,34
20260104,5,36,224
20260111,5,36,188
20260118,5,36,167
20260125,5,36,143
20260201,5,36,133
20260208,5,36,104
20260215,5,36,93
20260222,5,36,91
20260301,5,36,54
20260308,5,36,173
20260315,5,36,173
20260322,5,36,165
20260329,5,36,148
20260405,5,36,120
20260412,5,36,132
20260419,5,36,111
20260426,5,36,71
20260503,5,36,52
20260510,5,36,61
20260517,5,36,172
20260524,5,36,139
20260531,5,36,141
20260607,5,36,155
20260614,5,36,120
20260621,5,36,90
20260628,5,36,79
20260705,5,36,81
20260712,5,36,50
20260719,5,36,63
20260726,5,36,46
20260802,5,36,46
20260809,5,36,41
20260816,5,36,39
20260823,5,36,269
20250105,5,37,381
20250112,5,37,344
20250119,5,37,330
20250126,5,37,336
20250202,5,37,322
20250209,5,37,317
20250216,5,37,306
20250223,5,37,316
20250302,5,37,307
20250309,5,37,280
20250316,5,37,262
20250323,5,37,253
20250330,5,37,230
20250406,5,37,210
20250413,5,37,185
20250420,5,37,194
20250427,5,37,204
20250504,5,37,214
20250511,5,37,178
20250518,5,37,187
20250525,5,37,169
20250601,5,37,148
20250608,5,37,116
20250615,5,37,99
20250622,5,37,85
20250629,5,37,51
20250706,5,37,49
20250713,5,37,212
20250720,5,37,214
20250727,5,37,189
20250803,5,37,176
20250810,5,37,140
20250817,5,37,102
20250824,5,37,104
20250831,5,37,114
20250907,5,37,103
20250914,5,37,90
20250921,5,37,102
20250928,5,37,108
20251005,5,37,123
20251012,5,37,97
20251019,5,37,69
20251026,5,37,72
20251102,5,37,60
20251109,5,37,34
20251116,5,37,179
20251123,5,37,179
20251130,5,37,140
20251207,5,37,133
20251214,5,37,94
20251221,5,37,73
20251228,5,37,33
20260104,5,37,255
20260111,5,37,233
20260118,5,37,210
20260125,5,37,193
20260201,5,37,171
20260208,5,37,171
20260215,5,37,185
20260222,5,37,192
20260301,5,37,203
20260308,5,37,174
20260315,5,37,134
20260322,5,37,108
20260329,5,37,114
20260405,5,37,116
20260412,5,37,123
20260419,5,37,120
20260426,5,37,86
20260503,5,37,97
20260510,5,37,98
20260517,5,37,94
20260524,5,37,55
20260531,5,37,55
20260607,5,37,70
20260614,5,37,65
20260621,5,37,61
20260628,5,37,51
20260705,5,37,37
20260712,5,37,170
20260719,5,37,147
20260726,5,37,117
20260802,5,37,106
20260809,5,37,119
20260816,5,37,129
20260823,5,37,103
20250105,5,38,249
20250112,5,38,222
20250119,5,38,235
20250126,5,38,242
20250202,5,38,245
20250209,5,38,219
20250216,5,38,189
20250223,5,38,168
20250302,5,38,166
20250309,5,38,141
20250316,5,38,147
20250323,5,38,153
20250330,5,38,125
20250406,5,38,91
20250413,5,38,96
20250420,5,38,88
20250427,5,38,83
20250504,5,38,68
20250511,5,38,69
20250518,5,38,36
20250525,5,38,273
20250601,5,38,269
20250608,5,38,236
20250615,5,38,242
20250622,5,38,217
20250629,5,38,216
20250706,5,38,226
20250713,5,38,193
20250720,5,38,159
20250727,5,38,152
20250803,5,38,167
20250810,5,38,170
20250817,5,38,149
20250824,5,38,144
20250831,5,38,126
20250907,5,38,108
20250914,5,38,104
20250921,5,38,81
20250928,5,38,60
20251005,5,38,39
20251012,5,38,39
20251019,5,38,135
20251026,5,38,124
20251102,5,38,127
20251109,5,38,91
20251116,5,38,73
20251123,5,38,81
20251130,5,38,86
20251207,5,38,92
20251214,5,38,71
20251221,5,38,66
20251228,5,38,283
20260104,5,38,292
20260111,5,38,304
20260118,5,38,307
20260125,5,38,320
20260201,5,38,321
20260208,5,38,316
20260215,5,38,279
20260222,5,38,284
20260301,5,38,267
20260308,5,38,268
20260315,5,38,270
20260322,5,38,256
20260329,5,38,221
20260405,5,38,231
20260412,5,38,243
20260419,5,38,224
20260426,5,38,235
20260503,5,38,244
20260510,5,38,209
20260517,5,38,217
20260524,5,38,214
20260531,5,38,184
20260607,5,38,157
20260614,5,38,124
20260621,5,38,100
20260628,5,38,79
20260705,5,38,81
20260712,5,38,55
20260719,5,38,57
20260726,5,38,44
20260802,5,38,58
20260809,5,38,49
20260816,5,38,312
20260823,5,38,299
20250105,5,39,162
20250112,5,39,126
20250119,5,39,114
20250126,5,39,89
20250202,5,39,60
20250209,5,39,48
20250216,5,39,56
20250223,5,39,34
20250302,5,39,39
20250309,5,39,274
20250316,5,39,286
20250323,5,39,274
20250330,5,39,239
20250406,5,39,236
20250413,5,39,246
20250420,5,39,223
20250427,5,39,205
20250504,5,39,191
20250511,5,39,198
20250518,5,39,168
20250525,5,39,179
20250601,5,39,175
20250608,5,39,167
20250615,5,39,156
20250622,5,39,143
20250629,5,39,149
20250706,5,39,123
20250713,5,39,110
20250720,5,39,79
20250727,5,39,66
20250803,5,39,52
20250810,5,39,142
20250817,5,39,125
20250824,5,39,117
20250831,5,39,102
20250907,5,39,78
20250914,5,39,57
20250921,5,39,37
20250928,5,39,43
20251005,5,39,51
20251012,5,39,47
20251019,5,39,57
20251026,5,39,39
20251102,5,39,215
20251109,5,39,220
20251116,5,39,225
20251123,5,39,227
20251130,5,39,208
20251207,5,39,219
20251214,5,39,184
20251221,5,39,164
20251228,5,39,129
20260104,5,39,111
20260111,5,39,121
20260118,5,39,122
20260125,5,39,94
20260201,5,39,80
20260208,5,39,41
20260215,5,39,111
20260222,5,39,90
20260301,5,39,105
20260308,5,39,71
20260315,5,39,66
20260322,5,39,44
20260329,5,39,205
20260405,5,39,190
20260412,5,39,187
20260419,5,39,167
20260426,5,39,144
20260503,5,39,123
20260510,5,39,103
20260517,5,39,114
20260524,5,39,75
20260531,5,39,83
20260607,5,39,63
20260614,5,39,266
20260621,5,39,264
20260628,5,39,268
20260705,5,39,253
20260712,5,39,265
20260719,5,39,248
20260726,5,39,247
20260802,5,39,211
20260809,5,39,186
20260816,5,39,154
20260823,5,39,145
20250105,5,40,289
20250112,5,40,300
20250119,5,40,303
20250126,5,40,286
20250202,5,40,300
20250209,5,40,305
20250216,5,40,273
20250223,5,40,285
20250302,5,40,293
20250309,5,40,265
20250316,5,40,226
20250323,5,40,231
20250330,5,40,242
20250406,5,40,215
20250413,5,40,213
20250420,5,40,173
20250427,5,40,157
20250504,5,40,150
20250511,5,40,110
20250518,5,40,80
20250525,5,40,67
20250601,5,40,69
20250608,5,40,45
20250615,5,40,53
20250622,5,40,61
20250629,5,40,59
20250706,5,40,70
20250713,5,40,31
20250720,5,40,32
20250727,5,40,127
20250803,5,40,134
20250810,5,40,112
20250817,5,40,122
20250824,5,40,118
20250831,5,40,104
20250907,5,40,85
20250914,5,40,91
20250921,5,40,53
20250928,5,40,37
20251005,5,40,281
20251012,5,40,265
20251019,5,40,267
20251026,5,40,234
20251102,5,40,230
20251109,5,40,222
20251116,5,40,189
20251123,5,40,150
20251130,5,40,115
20251207,5,40,100
20251214,5,40,95
20251221,5,40,66
20251228,5,40,39
20260104,5,40,177
20260111,5,40,185
20260118,5,40,176
20260125,5,40,144
20260201,5,40,106
20260208,5,40,82
20260215,5,40,53
20260222,5,40,222
20260301,5,40,225
20260308,5,40,207
20260315,5,40,181
20260322,5,40,147
20260329,5,40,157
20260405,5,40,169
20260412,5,40,156
20260419,5,40,138
20260426,5,40,132
20260503,5,40,141
20260510,5,40,108
20260517,5,40,91
20260524,5,40,91
20260531,5,40,96
20260607,5,40,107
20260614,5,40,80
20260621,5,40,48
20260628,5,40,149
20260705,5,40,148
20260712,5,40,161
20260719,5,40,126
20260726,5,40,108
20260802,5,40,82
20260809,5,40,50
20260816,5,40,32
20260823,5,40,47
20250105,5,41,384
20250112,5,41,358
20250119,5,41,354
20250126,5,41,350
20250202,5,41,330
20250209,5,41,324
20250216,5,41,328
20250223,5,41,335
20250302,5,41,301
20250309,5,41,298
20250316,5,41,275
20250323,5,41,258
20250330,5,41,227
20250406,5,41,223
20250413,5,41,232
20250420,5,41,207
20250427,5,41,175
20250504,5,41,160
20250511,5,41,124
20250518,5,41,101
20250525,5,41,103
20250601,5,41,95
20250608,5,41,65
20250615,5,41,40
20250622,5,41,183
20250629,5,41,184
20250706,5,41,151
20250713,5,41,164
20250720,5,41,125
20250727,5,41,119
20250803,5,41,120
20250810,5,41,80
20250817,5,41,90
20250824,5,41,85
20250831,5,41,86
20250907,5,41,82
20250914,5,41,83
20250921,5,41,43
20250928,5,41,39
20251005,5,41,152
20251012,5,41,153
20251019,5,41,118
20251026,5,41,102
20251102,5,41,104
20251109,5,41,64
20251116,5,41,74
20251123,5,41,82
20251130,5,41,61
20251207,5,41,150
20251214,5,41,127
20251221,5,41,97
20251228,5,41,106
20260104,5,41,87
20260111,5,41,52
20260118,5,41,32
20260125,5,41,35
20260201,5,41,129
20260208,5,41,128
20260215,5,41,142
20260222,5,41,154
20260301,5,41,161
20260308,5,41,131
20260315,5,41,93
20260322,5,41,57
20260329,5,41,70
20260405,5,41,82
20260412,5,41,49
20260419,5,41,62
20260426,5,41,56
20260503,5,41,63
20260510,5,41,38
20260517,5,41,207
20260524,5,41,191
20260531,5,41,156
20260607,5,41,142
20260614,5,41,140
20260621,5,41,101
20260628,5,41,91
20260705,5,41,54
20260712,5,41,290
20260719,5,41,262
20260726,5,41,258
20260802,5,41,248
20260809,5,41,256
20260816,5,41,250
20260823,5,41,254
20250105,5,42,206
20250112,5,42,220
20250119,5,42,184
20250126,5,42,149
20250202,5,42,133
20250209,5,42,132
20250216,5,42,115
20250223,5,42,80
20250302,5,42,49
20250309,5,42,57
20250316,5,42,67
20250323,5,42,80
20250330,5,42,95
20250406,5,42,66
20250413,5,42,60
20250420,5,42,46
20250427,5,42,60
20250504,5,42,152
20250511,5,42,119
20250518,5,42,122
20250525,5,42,91
20250601,5,42,105
20250608,5,42,82
20250615,5,42,63
20250622,5,42,50
20250629,5,42,31
20250706,5,42,126
20250713,5,42,118
20250720,5,42,122
20250727,5,42,116
20250803,5,42,76
20250810,5,42,79
20250817,5,42,42
20250824,5,42,156
20250831,5,42,164
20250907,5,42,132
20250914,5,42,139
20250921,5,42,102
20250928,5,42,103
20251005,5,42,66
20251012,5,42,50
20251019,5,42,45
20251026,5,42,38
20251102,5,42,200
20251109,5,42,206
20251116,5,42,202
20251123,5,42,182
20251130,5,42,183
20251207,5,42,185
20251214,5,42,150
20251221,5,42,147
20251228,5,42,118
20260104,5,42,102
20260111,5,42,71
20260118,5,42,79
20260125,5,42,55
20260201,5,42,57
20260208,5,42,32
20260215,5,42,237
20260222,5,42,223
20260301,5,42,230
20260308,5,42,205
20260315,5,42,168
20260322,5,42,145
20260329,5,42,135
20260405,5,42,130
20260412,5,42,113
20260419,5,42,95
20260426,5,42,92
20260503,5,42,71
20260510,5,42,79
20260517,5,42,42
20260524,5,42,53
20260531,5,42,31
20260607,5,42,32
20260614,5,42,193
20260621,5,42,207
20260628,5,42,213
20260705,5,42,204
20260712,5,42,212
20260719,5,42,190
20260726,5,42,154
20260802,5,42,149
20260809,5,42,135
20260816,5,42,102
20260823,5,42,95
20250105,5,43,470
20250112,5,43,436
20250119,5,43,411
20250126,5,43,390
20250202,5,43,368
20250209,5,43,357
20250216,5,43,321
20250223,5,43,321
20250302,5,43,285
20250309,5,43,277
20250316,5,43,277
20250323,5,43,255
20250330,5,43,256
20250406,5,43,240
20250413,5,43,222
20250420,5,43,182
20250427,5,43,193
20250504,5,43,165
20250511,5,43,130
20250518,5,43,135
20250525,5,43,143
20250601,5,43,136
20250608,5,43,136
20250615,5,43,123
20250622,5,43,136
20250629,5,43,103
20250706,5,43,95
20250713,5,43,63
20250720,5,43,37
20250727,5,43,226
20250803,5,43,212
20250810,5,43,219
20250817,5,43,219
20250824,5,43,223
20250831,5,43,201
20250907,5,43,186
20250914,5,43,157
20250921,5,43,127
20250928,5,43,122
20251005,5,43,109
20251012,5,43,111
20251019,5,43,120
20251026,5,43,107
20251102,5,43,88
20251109,5,43,71
20251116,5,43,61
20251123,5,43,61
20251130,5,43,76
20251207,5,43,78
20251214,5,43,60
20251221,5,43,50
20251228,5,43,39
20260104,5,43,221
20260111,5,43,218
20260118,5,43,182
20260125,5,43,178
20260201,5,43,138
20260208,5,43,107
20260215,5,43,119
20260222,5,43,117
20260301,5,43,115
20260308,5,43,77
20260315,5,43,88
20260322,5,43,66
20260329,5,43,75
20260405,5,43,37
20260412,5,43,41
20260419,5,43,55
20260426,5,43,37
20260503,5,43,140
20260510,5,43,113
20260517,5,43,117
20260524,5,43,86
20260531,5,43,69
20260607,5,43,78
20260614,5,43,77
20260621,5,43,88
20260628,5,43,89
20260705,5,43,66
20260712,5,43,36
20260719,5,43,41
20260726,5,43,272
20260802,5,43,269
20260809,5,43,232
20260816,5,43,226
20260823,5,43,230
20250105,5,44,61
20250112,5,44,191
20250119,5,44,154
20250126,5,44,160
20250202,5,44,121
20250209,5,44,132
20250216,5,44,133
20250223,5,44,144
20250302,5,44,132
20250309,5,44,121
20250316,5,44,125
20250323,5,44,110
20250330,5,44,122
20250406,5,44,94
20250413,5,44,78
20250420,5,44,60
20250427,5,44,48
20250504,5,44,300
20250511,5,44,267
20250518,5,44,252
20250525,5,44,258
20250601,5,44,253
20250608,5,44,256
20250615,5,44,230
20250622,5,44,233
20250629,5,44,232
20250706,5,44,241
20250713,5,44,225
20250720,5,44,199
20250727,5,44,163
20250803,5,44,145
20250810,5,44,109
20250817,5,44,86
20250824,5,44,47
20250831,5,44,222
20250907,5,44,198
20250914,5,44,197
20250921,5,44,195
20250928,5,44,166
20251005,5,44,171
20251012,5,44,165
20251019,5,44,155
20251026,5,44,135
20251102,5,44,141
20251109,5,44,140
20251116,5,44,153
20251123,5,44,125
20251130,5,44,99
20251207,5,44,89
20251214,5,44,58
20251221,5,44,125
20251228,5,44,108
20260104,5,44,80
20260111,5,44,78
20260118,5,44,65
20260125,5,44,79
20260201,5,44,51
20260208,5,44,50
20260215,5,44,323
20260222,5,44,337
20260301,5,44,342
20260308,5,44,357
20260315,5,44,349
20260322,5,44,344
20260329,5,44,306
20260405,5,44,291
20260412,5,44,262
20260419,5,44,237
20260426,5,44,218
20260503,5,44,220
20260510,5,44,235
20260517,5,44,247
20260524,5,44,222
20260531,5,44,224
20260607,5,44,233
20260614,5,44,232
20260621,5,44,215
20260628,5,44,207
20260705,5,44,198
20260712,5,44,207
20260719,5,44,220
20260726,5,44,190
20260802,5,44,190
20260809,5,44,171
20260816,5,44,133
20260823,5,44,95
20250105,5,45,434
20250112,5,45,447
20250119,5,45,451
20250126,5,45,456
20250202,5,45,441
20250209,5,45,409
20250216,5,45,406
20250223,5,45,405
20250302,5,45,382
20250309,5,45,365
20250316,5,45,337
20250323,5,45,306
20250330,5,45,315
20250406,5,45,307
20250413,5,45,293
20250420,5,45,297
20250427,5,45,274
20250504,5,45,252
20250511,5,45,233
20250518,5,45,230
20250525,5,45,198
20250601,5,45,178
20250608,5,45,170
20250615,5,45,140
20250622,5,45,111
20250629,5,45,84
20250706,5,45,75
20250713,5,45,48
20250720,5,45,281
20250727,5,45,272
20250803,5,45,265
20250810,5,45,275
20250817,5,45,251
20250824,5,45,265
20250831,5,45,248
20250907,5,45,213
20250914,5,45,226
20250921,5,45,190
20250928,5,45,182
20251005,5,45,147
20251012,5,45,121
20251019,5,45,101
20251026,5,45,78
20251102,5,45,42
20251109,5,45,231
20251116,5,45,234
20251123,5,45,241
20251130,5,45,238
20251207,5,45,214
20251214,5,45,216
20251221,5,45,217
20251228,5,45,180
20260104,5,45,182
20260111,5,45,180
20260118,5,45,170
20260125,5,45,173
20260201,5,45,161
20260208,5,45,132
20260215,5,45,137
20260222,5,45,126
20260301,5,45,87
20260308,5,45,76
20260315,5,45,80
20260322,5,45,54
20260329,5,45,42
20260405,5,45,46
20260412,5,45,55
20260419,5,45,35
20260426,5,45,151
20260503,5,45,166
20260510,5,45,181
20260517,5,45,164
20260524,5,45,166
20260531,5,45,128
20260607,5,45,130
20260614,5,45,94
20260621,5,45,66
20260628,5,45,36
20260705,5,45,155
20260712,5,45,154
20260719,5,45,153
20260726,5,45,141
20260802,5,45,139
20260809,5,45,118
20260816,5,45,103
20260823,5,45,98
20250105,5,46,84
20250112,5,46,84
20250119,5,46,90
20250126,5,46,58
20250202,5,46,171
20250209,5,46,135
20250216,5,46,118
20250223,5,46,85
20250302,5,46,100
20250309,5,46,67
20250316,5,46,46
20250323,5,46,36
20250330,5,46,50
20250406,5,46,59
20250413,5,46,73
20250420,5,46,51
20250427,5,46,56
20250504,5,46,65
20250511,5,46,57
20250518,5,46,233
20250525,5,46,226
20250601,5,46,202
20250608,5,46,193
20250615,5,46,180
20250622,5,46,176
20250629,5,46,168
20250706,5,46,175
20250713,5,46,156
20250720,5,46,137
20250727,5,46,152
20250803,5,46,133
20250810,5,46,102
20250817,5,46,107
20250824,5,46,75
20250831,5,46,83
20250907,5,46,43
20250914,5,46,44
20250921,5,46,43
20250928,5,46,259
20251005,5,46,261
20251012,5,46,227
20251019,5,46,201
20251026,5,46,202
20251102,5,46,163
20251109,5,46,171
20251116,5,46,145
20251123,5,46,146
20251130,5,46,158
20251207,5,46,153
20251214,5,46,150
20251221,5,46,125
20251228,5,46,89
20260104,5,46,101
20260111,5,46,80
20260118,5,46,64
20260125,5,46,71
20260201,5,46,66
20260208,5,46,40
20260215,5,46,153
20260222,5,46,162
20260301,5,46,162
20260308,5,46,169
20260315,5,46,162
20260322,5,46,133
20260329,5,46,96
20260405,5,46,75
20260412,5,46,66
20260419,5,46,297
20260426,5,46,293
20260503,5,46,258
20260510,5,46,249
20260517,5,46,232
20260524,5,46,234
20260531,5,46,199
20260607,5,46,165
20260614,5,46,136
20260621,5,46,114
20260628,5,46,91
20260705,5,46,71
20260712,5,46,79
20260719,5,46,79
20260726,5,46,82
20260802,5,46,66
20260809,5,46,76
20260816,5,46,59
20260823,5,46,53
20250105,5,47,254
20250112,5,47,215
20250119,5,47,192
20250126,5,47,202
20250202,5,47,182
20250209,5,47,156
20250216,5,47,158
20250223,5,47,132
20250302,5,47,118
20250309,5,47,83
20250316,5,47,91
20250323,5,47,97
20250330,5,47,66
20250406,5,47,35
20250413,5,47,33
20250420,5,47,125
20250427,5,47,113
20250504,5,47,81
20250511,5,47,55
20250518,5,47,36
20250525,5,47,44
20250601,5,47,50
20250608,5,47,56
20250615,5,47,35
20250622,5,47,170
20250629,5,47,182
20250706,5,47,191
20250713,5,47,206
20250720,5,47,180
20250727,5,47,145
20250803,5,47,159
20250810,5,47,129
20250817,5,47,96
20250824,5,47,68
20250831,5,47,83
20250907,5,47,84
20250914,5,47,70
20250921,5,47,40
20250928,5,47,43
20251005,5,47,41
20251012,5,47,275
20251019,5,47,287
20251026,5,47,253
20251102,5,47,257
20251109,5,47,238
20251116,5,47,227
20251123,5,47,233
20251130,5,47,228
20251207,5,47,208
20251214,5,47,214
20251221,5,47,176
20251228,5,47,144
20260104,5,47,147
20260111,5,47,139
20260118,5,47,106
20260125,5,47,76
20260201,5,47,52
20260208,5,47,31
20260215,5,47,234
20260222,5,47,207
20260301,5,47,213
20260308,5,47,203
20260315,5,47,200
20260322,5,47,188
20260329,5,47,202
20260405,5,47,196
20260412,5,47,163
20260419,5,47,139
20260426,5,47,107
20260503,5,47,98
20260510,5,47,98
20260517,5,47,112
20260524,5,47,103
20260531,5,47,108
20260607,5,47,95
20260614,5,47,80
20260621,5,47,94
20260628,5,47,99
20260705,5,47,71
20260712,5,47,33
20260719,5,47,191
20260726,5,47,168
20260802,5,47,172
20260809,5,47,159
20260816,5,47,125
20260823,5,47,107
20250105,5,48,489
20250112,5,48,489
20250119,5,48,492
20250126,5,48,474
20250202,5,48,434
20250209,5,48,440
20250216,5,48,454
20250223,5,48,439
20250302,5,48,451
20250309,5,48,442
20250316,5,48,439
20250323,5,48,437
20250330,5,48,446
20250406,5,48,447
20250413,5,48,407
20250420,5,48,370
20250427,5,48,356
20250504,5,48,363
20250511,5,48,354
20250518,5,48,329
20250525,5,48,300
20250601,5,48,267
20250608,5,48,264
20250615,5,48,277
20250622,5,48,245
20250629,5,48,247
20250706,5,48,232
20250713,5,48,239
20250720,5,48,240
20250727,5,48,200
20250803,5,48,208
20250810,5,48,182
20250817,5,48,166
20250824,5,48,126
20250831,5,48,100
20250907,5,48,86
20250914,5,48,59
20250921,5,48,39
20250928,5,48,37
20251005,5,48,264
20251012,5,48,252
20251019,5,48,260
20251026,5,48,226
20251102,5,48,196
20251109,5,48,200
20251116,5,48,177
20251123,5,48,165
20251130,5,48,142
20251207,5,48,134
20251214,5,48,107
20251221,5,48,113
20251228,5,48,116
20260104,5,48,129
20260111,5,48,106
20260118,5,48,109
20260125,5,48,115
20260201,5,48,102
20260208,5,48,75
20260215,5,48,59
20260222,5,48,272
20260301,5,48,256
20260308,5,48,227
20260315,5,48,188
20260322,5,48,183
20260329,5,48,194
20260405,5,48,179
20260412,5,48,154
20260419,5,48,161
20260426,5,48,159
20260503,5,48,120
20260510,5,48,90
20260517,5,48,102
20260524,5,48,82
20260531,5,48,77
20260607,5,48,40
20260614,5,48,149
20260621,5,48,143
20260628,5,48,131
20260705,5,48,95
20260712,5,48,100
20260719,5,48,111
20260726,5,48,115
20260802,5,48,121
20260809,5,48,131
20260816,5,48,117
20260823,5,48,114
20250105,5,49,302
20250112,5,49,280
20250119,5,49,268
20250126,5,49,237
20250202,5,49,226
20250209,5,49,231
20250216,5,49,227
20250223,5,49,210
20250302,5,49,225
20250309,5,49,194
20250316,5,49,155
20250323,5,49,144
20250330,5,49,144
20250406,5,49,154
20250413,5,49,164
20250420,5,49,168
20250427,5,49,170
20250504,5,49,161
20250511,5,49,133
20250518,5,49,124
20250525,5,49,109
20250601,5,49,122
20250608,5,49,135
20250615,5,49,130
20250622,5,49,124
20250629,5,49,107
20250706,5,49,106
20250713,5,49,74
20250720,5,49,78
20250727,5,49,55
20250803,5,49,35
20250810,5,49,304
20250817,5,49,305
20250824,5,49,283
20250831,5,49,250
20250907,5,49,224
20250914,5,49,199
20250921,5,49,159
20250928,5,49,156
20251005,5,49,135
20251012,5,49,111
20251019,5,49,81
20251026,5,49,68
20251102,5,49,63
20251109,5,49,53
20251116,5,49,63
20251123,5,49,69
20251130,5,49,65
20251207,5,49,80
20251214,5,49,62
20251221,5,49,53
20251228,5,49,230
20260104,5,49,230
20260111,5,49,226
20260118,5,49,233
20260125,5,49,234
20260201,5,49,195
20260208,5,49,182
20260215,5,49,177
20260222,5,49,154
20260301,5,49,151
20260308,5,49,142
20260315,5,49,141
20260322,5,49,107
20260329,5,49,120
20260405,5,49,98
20260412,5,49,93
20260419,5,49,76
20260426,5,49,54
20260503,5,49,171
20260510,5,49,159
20260517,5,49,159
20260524,5,49,136
20260531,5,49,118
20260607,5,49,110
20260614,5,49,105
20260621,5,49,76
20260628,5,49,84
20260705,5,49,87
20260712,5,49,47
20260719,5,49,56
20260726,5,49,48
20260802,5,49,55
20260809,5,49,37
20260816,5,49,50
20260823,5,49,47
20250105,5,50,202
20250112,5,50,169
20250119,5,50,138
20250126,5,50,106
20250202,5,50,92
20250209,5,50,93
20250216,5,50,72
20250223,5,50,64
20250302,5,50,73
20250309,5,50,34
20250316,5,50,288
20250323,5,50,281
20250330,5,50,295
20250406,5,50,265
20250413,5,50,234
20250420,5,50,218
20250427,5,50,189
20250504,5,50,167
20250511,5,50,170
20250518,5,50,144
20250525,5,50,119
20250601,5,50,119
20250608,5,50,94
20250615,5,50,108
20250622,5,50,81
20250629,5,50,85
20250706,5,50,100
20250713,5,50,79
20250720,5,50,50
20250727,5,50,44
20250803,5,50,42
20250810,5,50,43
20250817,5,50,197
20250824,5,50,209
20250831,5,50,193
20250907,5,50,169
20250914,5,50,162
20250921,5,50,128
20250928,5,50,119
20251005,5,50,94
20251012,5,50,64
20251019,5,50,40
20251026,5,50,55
20251102,5,50,234
20251109,5,50,227
20251116,5,50,216
20251123,5,50,182
20251130,5,50,191
20251207,5,50,189
20251214,5,50,202
20251221,5,50,178
20251228,5,50,176
20260104,5,50,147
20260111,5,50,120
20260118,5,50,98
20260125,5,50,95
20260201,5,50,72
20260208,5,50,64
20260215,5,50,64
20260222,5,50,32
20260301,5,50,120
20260308,5,50,124
20260315,5,50,126
20260322,5,50,123
20260329,5,50,122
20260405,5,50,132
20260412,5,50,147
20260419,5,50,154
20260426,5,50,121
20260503,5,50,98
20260510,5,50,66
20260517,5,50,49
20260524,5,50,35
20260531,5,50,206
20260607,5,50,219
20260614,5,50,198
20260621,5,50,195
20260628,5,50,162
20260705,5,50,153
20260712,5,50,141
20260719,5,50,156
20260726,5,50,147
20260802,5,50,129
20260809,5,50,90
20260816,5,50,88
20260823,5,50,57
20250105,5,51,154
20250112,5,51,130
20250119,5,51,104
20250126,5,51,118
20250202,5,51,121
20250209,5,51,125
20250216,5,51,130
20250223,5,51,104
20250302,5,51,64
20250309,5,51,173
20250316,5,51,157
20250323,5,51,131
20250330,5,51,123
20250406,5,51,127
20250413,5,51,116
20250420,5,51,116
20250427,5,51,114
20250504,5,51,95
20250511,5,51,101
20250518,5,51,88
20250525,5,51,71
20250601,5,51,39
20250608,5,51,36
20250615,5,51,251
20250622,5,51,245
20250629,5,51,251
20250706,5,51,233
20250713,5,51,221
20250720,5,51,183
20250727,5,51,164
20250803,5,51,175
20250810,5,51,142
20250817,5,51,109
20250824,5,51,70
20250831,5,51,34
20250907,5,51,33
20250914,5,51,193
20250921,5,51,206
20250928,5,51,191
20251005,5,51,159
20251012,5,51,124
20251019,5,51,99
20251026,5,51,109
20251102,5,51,81
20251109,5,51,77
20251116,5,51,86
20251123,5,51,91
20251130,5,51,67
20251207,5,51,39
20251214,5,51,254
20251221,5,51,237
20251228,5,51,197
20260104,5,51,195
20260111,5,51,171
20260118,5,51,182
20260125,5,51,151
20260201,5,51,148
20260208,5,51,125
20260215,5,51,95
20260222,5,51,91
20260301,5,51,67
20260308,5,51,77
20260315,5,51,46
20260322,5,51,61
20260329,5,51,75
20260405,5,51,57
20260412,5,51,152
20260419,5,51,150
20260426,5,51,139
20260503,5,51,102
20260510,5,51,82
20260517,5,51,56
20260524,5,51,60
20260531,5,51,191
20260607,5,51,189
20260614,5,51,152
20260621,5,51,152
20260628,5,51,158
20260705,5,51,123
20260712,5,51,136
20260719,5,51,118
20260726,5,51,123
20260802,5,51,125
20260809,5,51,99
20260816,5,51,79
20260823,5,51,79
20250105,5,52,377
20250112,5,52,388
20250119,5,52,385
20250126,5,52,362
20250202,5,52,365
20250209,5,52,341
20250216,5,52,332
20250223,5,52,337
20250302,5,52,305
20250309,5,52,274
20250316,5,52,257
20250323,5,52,221
20250330,5,52,229
20250406,5,52,235
20250413,5,52,237
20250420,5,52,246
20250427,5,52,237
20250504,5,52,203
20250511,5,52,175
20250518,5,52,184
20250525,5,52,178
20250601,5,52,165
20250608,5,52,147
20250615,5,52,152
20250622,5,52,141
20250629,5,52,109
20250706,5,52,100
20250713,5,52,77
20250720,5,52,88
20250727,5,52,83
20250803,5,52,64
20250810,5,52,76
20250817,5,52,64
20250824,5,52,50
20250831,5,52,40
20250907,5,52,196
20250914,5,52,204
20250921,5,52,218
20250928,5,52,211
20251005,5,52,181
20251012,5,52,175
20251019,5,52,155
20251026,5,52,160
20251102,5,52,147
20251109,5,52,153
20251116,5,52,115
20251123,5,52,83
20251130,5,52,69
20251207,5,52,83
20251214,5,52,86
20251221,5,52,56
20251228,5,52,48
20260104,5,52,35
20260111,5,52,231
20260118,5,52,243
20260125,5,52,204
20260201,5,52,168
20260208,5,52,147
20260215,5,52,108
20260222,5,52,95
20260301,5,52,106
20260308,5,52,104
20260315,5,52,88
20260322,5,52,82
20260329,5,52,67
20260405,5,52,35
20260412,5,52,37
20260419,5,52,213
20260426,5,52,174
20260503,5,52,160
20260510,5,52,130
20260517,5,52,94
20260524,5,52,95
20260531,5,52,77
20260607,5,52,39
20260614,5,52,52
20260621,5,52,131
20260628,5,52,114
20260705,5,52,97
20260712,5,52,107
20260719,5,52,74
20260726,5,52,39
20260802,5,52,46
20260809,5,52,176
20260816,5,52,164
20260823,5,52,129
20250105,5,53,359
20250112,5,53,369
20250119,5,53,338
20250126,5,53,335
20250202,5,53,312
20250209,5,53,323
20250216,5,53,316
20250223,5,53,286
20250302,5,53,264
20250309,5,53,234
20250316,5,53,217
20250323,5,53,193
20250330,5,53,197
20250406,5,53,175
20250413,5,53,173
20250420,5,53,162
20250427,5,53,140
20250504,5,53,120
20250511,5,53,83
20250518,5,53,78
20250525,5,53,47
20250601,5,53,271
20250608,5,53,282
20250615,5,53,264
20250622,5,53,268
20250629,5,53,255
20250706,5,53,215
20250713,5,53,229
20250720,5,53,243
20250727,5,53,234
20250803,5,53,204
20250810,5,53,176
20250817,5,53,140
20250824,5,53,111
20250831,5,53,123
20250907,5,53,99
20250914,5,53,89
20250921,5,53,83
20250928,5,53,74
20251005,5,53,74
20251012,5,53,71
20251019,5,53,43
20251026,5,53,50
20251102,5,53,37
20251109,5,53,47
20251116,5,53,38
20251123,5,53,38
20251130,5,53,228
20251207,5,53,189
20251214,5,53,192
20251221,5,53,199
20251228,5,53,168
20260104,5,53,153
20260111,5,53,158
20260118,5,53,121
20260125,5,53,92
20260201,5,53,98
20260208,5,53,98
20260215,5,53,99
20260222,5,53,97
20260301,5,53,76
20260308,5,53,68
20260315,5,53,80
20260322,5,53,80
20260329,5,53,50
20260405,5,53,60
20260412,5,53,74
20260419,5,53,56
20260426,5,53,71
20260503,5,53,34
20260510,5,53,168
20260517,5,53,157
20260524,5,53,150
20260531,5,53,158
20260607,5,53,159
20260614,5,53,125
20260621,5,53,98
20260628,5,53,96
20260705,5,53,66
20260712,5,53,40
20260719,5,53,160
20260726,5,53,165
20260802,5,53,127
20260809,5,53,125
20260816,5,53,134
20260823,5,53,108
20250105,5,54,300
20250112,5,54,260
20250119,5,54,270
20250126,5,54,251
20250202,5,54,242
20250209,5,54,208
20250216,5,54,195
20250223,5,54,167
20250302,5,54,173
20250309,5,54,153
20250316,5,54,137
20250323,5,54,135
20250330,5,54,122
20250406,5,54,115
20250413,5,54,102
20250420,5,54,87
20250427,5,54,85
20250504,5,54,87
20250511,5,54,70
20250518,5,54,39
20250525,5,54,30
20250601,5,54,167
20250608,5,54,128
20250615,5,54,109
20250622,5,54,77
20250629,5,54,82
20250706,5,54,55
20250713,5,54,53
20250720,5,54,167
20250727,5,54,170
20250803,5,54,157
20250810,5,54,137
20250817,5,54,137
20250824,5,54,110
20250831,5,54,94
20250907,5,54,75
20250914,5,54,54
20250921,5,54,44
20250928,5,54,213
20251005,5,54,214
20251012,5,54,194
20251019,5,54,181
20251026,5,54,187
20251102,5,54,162
20251109,5,54,139
20251116,5,54,145
20251123,5,54,109
20251130,5,54,93
20251207,5,54,107
20251214,5,54,111
20251221,5,54,97
20251228,5,54,73
20260104,5,54,41
20260111,5,54,284
20260118,5,54,245
20260125,5,54,220
20260201,5,54,187
20260208,5,54,155
20260215,5,54,149
20260222,5,54,109
20260301,5,54,116
20260308,5,54,76
20260315,5,54,39
20260322,5,54,32
20260329,5,54,174
20260405,5,54,136
20260412,5,54,148
20260419,5,54,149
20260426,5,54,110
20260503,5,54,87
20260510,5,54,73
20260517,5,54,77
20260524,5,54,72
20260531,5,54,42
20260607,5,54,44
20260614,5,54,32
20260621,5,54,34
20260628,5,54,42
20260705,5,54,50
20260712,5,54,41
20260719,5,54,168
20260726,5,54,176
20260802,5,54,183
20260809,5,54,179
20260816,5,54,190
20260823,5,54,154
20250105,5,55,272
20250112,5,55,263
20250119,5,55,241
20250126,5,55,213
20250202,5,55,206
20250209,5,55,192
20250216,5,55,207
20250223,5,55,205
20250302,5,55,212
20250309,5,55,198
20250316,5,55,210
20250323,5,55,180
20250330,5,55,158
20250406,5,55,127
20250413,5,55,105
20250420,5,55,114
20250427,5,55,109
20250504,5,55,79
20250511,5,55,81
20250518,5,55,50
20250525,5,55,133
20250601,5,55,123
20250608,5,55,103
20250615,5,55,99
20250622,5,55,109
20250629,5,55,112
20250706,5,55,105
20250713,5,55,84
20250720,5,55,92
20250727,5,55,105
20250803,5,55,95
20250810,5,55,78
20250817,5,55,43
20250824,5,55,265
20250831,5,55,266
20250907,5,55,258
20250914,5,55,266
20250921,5,55,244
20250928,5,55,231
20251005,5,55,202
20251012,5,55,183
20251019,5,55,178
20251026,5,55,152
20251102,5,55,118
20251109,5,55,81
20251116,5,55,45
20251123,5,55,34
20251130,5,55,119
20251207,5,55,98
20251214,5,55,104
20251221,5,55,113
20251228,5,55,82
20260104,5,55,54
20260111,5,55,54
20260118,5,55,32
20260125,5,55,126
20260201,5,55,131
20260208,5,55,124
20260215,5,55,97
20260222,5,55,86
20260301,5,55,49
20260308,5,55,61
20260315,5,55,69
20260322,5,55,44
20260329,5,55,188
20260405,5,55,194
20260412,5,55,209
20260419,5,55,199
20260426,5,55,207
20260503,5,55,182
20260510,5,55,167
20260517,5,55,157
20260524,5,55,160
20260531,5,55,173
20260607,5,55,163
20260614,5,55,174
20260621,5,55,161
20260628,5,55,168
20260705,5,55,174
20260712,5,55,144
20260719,5,55,125
20260726,5,55,137
20260802,5,55,106
20260809,5,55,100
20260816,5,55,94
20260823,5,55,60
20250105,5,56,401
20250112,5,56,416
20250119,5,56,431
20250126,5,56,416
20250202,5,56,385
20250209,5,56,351
20250216,5,56,313
20250223,5,56,288
20250302,5,56,302
20250309,5,56,310
20250316,5,56,321
20250323,5,56,329
20250330,5,56,318
20250406,5,56,310
20250413,5,56,298
20250420,5,56,277
20250427,5,56,246
20250504,5,56,225
20250511,5,56,225
20250518,5,56,227
20250525,5,56,220
20250601,5,56,195
20250608,5,56,194
20250615,5,56,195
20250622,5,56,207
20250629,5,56,205
20250706,5,56,193
20250713,5,56,153
20250720,5,56,130
20250727,5,56,102
20250803,5,56,94
20250810,5,56,94
20250817,5,56,100
20250824,5,56,111
20250831,5,56,94
20250907,5,56,90
20250914,5,56,103
20250921,5,56,106
20250928,5,56,85
20251005,5,56,45
20251012,5,56,30
20251019,5,56,40
20251026,5,56,47
20251102,5,56,277
20251109,5,56,282
20251116,5,56,253
20251123,5,56,245
20251130,5,56,253
20251207,5,56,230
20251214,5,56,229
20251221,5,56,190
20251228,5,56,176
20260104,5,56,145
20260111,5,56,154
20260118,5,56,134
20260125,5,56,137
20260201,5,56,104
20260208,5,56,103
20260215,5,56,105
20260222,5,56,115
20260301,5,56,97
20260308,5,56,109
20260315,5,56,103
20260322,5,56,81
20260329,5,56,72
20260405,5,56,56
20260412,5,56,70
20260419,5,56,56
20260426,5,56,43
20260503,5,56,210
20260510,5,56,190
20260517,5,56,168
20260524,5,56,181
20260531,5,56,159
20260607,5,56,164
20260614,5,56,130
20260621,5,56,132
20260628,5,56,144
20260705,5,56,119
20260712,5,56,81
20260719,5,56,92
20260726,5,56,107
20260802,5,56,69
20260809,5,56,63
20260816,5,56,44
20260823,5,56,57
20250105,5,57,215
20250112,5,57,194
20250119,5,57,195
20250126,5,57,199
20250202,5,57,202
20250209,5,57,210
20250216,5,57,213
20250223,5,57,194
20250302,5,57,171
20250309,5,57,149
20250316,5,57,140
20250323,5,57,152
20250330,5,57,142
20250406,5,57,136
20250413,5,57,104
20250420,5,57,78
20250427,5,57,69
20250504,5,57,77
20250511,5,57,82
20250518,5,57,59
20250525,5,57,143
20250601,5,57,115
20250608,5,57,127
20250615,5,57,108
20250622,5,57,99
20250629,5,57,97
20250706,5,57,84
20250713,5,57,97
20250720,5,57,88
20250727,5,57,60
20250803,5,57,46
20250810,5,57,55
20250817,5,57,30
20250824,5,57,168
20250831,5,57,166
20250907,5,57,179
20250914,5,57,178
20250921,5,57,189
20250928,5,57,185
20251005,5,57,189
20251012,5,57,201
20251019,5,57,175
20251026,5,57,156
20251102,5,57,163
20251109,5,57,145
20251116,5,57,148
20251123,5,57,152
20251130,5,57,151
20251207,5,57,131
20251214,5,57,108
20251221,5,57,109
20251228,5,57,85
20260104,5,57,98
20260111,5,57,101
20260118,5,57,86
20260125,5,57,49
20260201,5,57,309
20260208,5,57,277
20260215,5,57,240
20260222,5,57,219
20260301,5,57,198
20260308,5,57,173
20260315,5,57,136
20260322,5,57,114
20260329,5,57,88
20260405,5,57,61
20260412,5,57,206
20260419,5,57,178
20260426,5,57,184
20260503,5,57,199
20260510,5,57,209
20260517,5,57,213
20260524,5,57,199
20260531,5,57,196
20260607,5,57,165
20260614,5,57,136
20260621,5,57,146
20260628,5,57,106
20260705,5,57,115
20260712,5,57,130
20260719,5,57,91
20260726,5,57,105
20260802,5,57,76
20260809,5,57,57
20260816,5,57,52
20260823,5,57,66
20250105,5,58,93
20250112,5,58,57
20250119,5,58,66
20250126,5,58,46
20250202,5,58,234
20250209,5,58,197
20250216,5,58,161
20250223,5,58,122
20250302,5,58,115
20250309,5,58,80
20250316,5,58,93
20250323,5,58,76
20250330,5,58,84
20250406,5,58,67
20250413,5,58,62
20250420,5,58,71
20250427,5,58,58
20250504,5,58,44
20250511,5,58,184
20250518,5,58,147
20250525,5,58,155
20250601,5,58,120
20250608,5,58,99
20250615,5,58,90
20250622,5,58,68
20250629,5,58,30
20250706,5,58,297
20250713,5,58,267
20250720,5,58,273
20250727,5,58,285
20250803,5,58,271
20250810,5,58,238
20250817,5,58,200
20250824,5,58,173
20250831,5,58,150
20250907,5,58,117
20250914,5,58,114
20250921,5,58,84
20250928,5,58,78
20251005,5,58,59
20251012,5,58,294
20251019,5,58,274
20251026,5,58,240
20251102,5,58,253
20251109,5,58,213
20251116,5,58,188
20251123,5,58,182
20251130,5,58,146
20251207,5,58,120
20251214,5,58,131
20251221,5,58,134
20251228,5,58,149
20260104,5,58,156
20260111,5,58,129
20260118,5,58,113
20260125,5,58,119
20260201,5,58,114
20260208,5,58,126
20260215,5,58,106
20260222,5,58,72
20260301,5,58,46
20260308,5,58,250
20260315,5,58,226
20260322,5,58,197
20260329,5,58,194
20260405,5,58,174
20260412,5,58,177
20260419,5,58,162
20260426,5,58,165
20260503,5,58,135
20260510,5,58,130
20260517,5,58,129
20260524,5,58,126
20260531,5,58,92
20260607,5,58,95
20260614,5,58,61
20260621,5,58,48
20260628,5,58,50
20260705,5,58,56
20260712,5,58,63
20260719,5,58,39
20260726,5,58,207
20260802,5,58,167
20260809,5,58,177
20260816,5,58,164
20260823,5,58,132
20250105,5,59,192
20250112,5,59,183
20250119,5,59,184
20250126,5,59,185
20250202,5,59,176
20250209,5,59,162
20250216,5,59,161
20250223,5,59,172
20250302,5,59,171
20250309,5,59,163
20250316,5,59,160
20250323,5,59,150
20250330,5,59,113
20250406,5,59,108
20250413,5,59,83
20250420,5,59,91
20250427,5,59,98
20250504,5,59,84
20250511,5,59,80
20250518,5,59,64
20250525,5,59,198
20250601,5,59,168
20250608,5,59,154
20250615,5,59,167
20250622,5,59,144
20250629,5,59,156
20250706,5,59,132
20250713,5,59,117
20250720,5,59,118
20250727,5,59,81
20250803,5,59,81
20250810,5,59,75
20250817,5,59,75
20250824,5,59,71
20250831,5,59,64
20250907,5,59,77
20250914,5,59,69
20250921,5,59,59
20250928,5,59,38
20251005,5,59,231
20251012,5,59,246
20251019,5,59,217
20251026,5,59,205
20251102,5,59,215
20251109,5,59,205
20251116,5,59,183
20251123,5,59,192
20251130,5,59,201
20251207,5,59,204
20251214,5,59,217
20251221,5,59,186
20251228,5,59,168
20260104,5,59,146
20260111,5,59,107
20260118,5,59,92
20260125,5,59,57
20260201,5,59,31
20260208,5,59,202
20260215,5,59,174
20260222,5,59,134
20260301,5,59,140
20260308,5,59,103
20260315,5,59,72
20260322,5,59,84
20260329,5,59,74
20260405,5,59,49
20260412,5,59,147
20260419,5,59,151
20260426,5,59,157
20260503,5,59,147
20260510,5,59,141
20260517,5,59,129
20260524,5,59,128
20260531,5,59,133
20260607,5,59,93
20260614,5,59,56
20260621,5,59,52
20260628,5,59,65
20260705,5,59,32
20260712,5,59,203
20260719,5,59,215
20260726,5,59,178
20260802,5,59,149
20260809,5,59,141
20260816,5,59,112
20260823,5,59,93
